action,action_family_bm25,action_family_ce_rerank,action_family_dense,action_family_external,action_family_rerank,action_family_rrf,action_family_weighted,action_id_bm25_post,action_id_bm25_pre,action_id_dense_e5_base_v2_post,action_id_dense_e5_base_v2_pre,action_id_dense_post,action_id_dense_pre,action_id_rerank_depth_20,action_id_rrf_dense_e5_base_v2_post,action_id_rrf_dense_e5_base_v2_pre,action_id_rrf_post,action_id_rrf_pre,action_id_weighted_dense_e5_base_v2_post,action_id_weighted_dense_e5_base_v2_pre,action_id_weighted_post,action_id_weighted_pre,action_is_rerank,action_mode_post,action_mode_pre,action_rerank_depth,bm25_entropy,bm25_gap,bm25_top_score,candidate_count,dataset,dense_entropy,dense_gap,dense_top_score,latency_ms,ndcg10,probe_latency_ms,probe_overlap,qid,query_digit_ratio,query_len,recall100,selectivity
bm25_post,1.0,0.0,0.0,0.0,0.0,0.0,0.0,1.0,,,,,,,,,,,,,,,0.0,1.0,0.0,0.0,2.9651836922873622,0.1503234642654938,19.693499809392282,100,nfcorpus,2.993756981987474,0.0011907219886779785,0.8542038202285767,5.754017821699381,0.7786015960080509,40.63977999612689,0.48148148148148145,PLAIN-2,0.0,7,0.7083333333333334,1.0
dense_post,0.0,0.0,1.0,0.0,0.0,0.0,0.0,,,,,1.0,,,,,,,,,,,0.0,1.0,0.0,0.0,2.9651836922873622,0.1503234642654938,19.693499809392282,100,nfcorpus,2.993756981987474,0.0011907219886779785,0.8542038202285767,86.75505927875638,0.7923935461056428,40.63977999612689,0.48148148148148145,PLAIN-2,0.0,7,0.75,1.0
rrf_post,0.0,0.0,0.0,0.0,0.0,1.0,0.0,,,,,,,,,,1.0,,,,,,0.0,1.0,0.0,0.0,2.9651836922873622,0.1503234642654938,19.693499809392282,100,nfcorpus,2.993756981987474,0.0011907219886779785,0.8542038202285767,92.59712099209428,0.8386628542598276,40.63977999612689,0.48148148148148145,PLAIN-2,0.0,7,0.7916666666666666,1.0
weighted_post,0.0,0.0,0.0,0.0,0.0,0.0,1.0,,,,,,,,,,,,,,1.0,,0.0,1.0,0.0,0.0,2.9651836922873622,0.1503234642654938,19.693499809392282,100,nfcorpus,2.993756981987474,0.0011907219886779785,0.8542038202285767,92.72655201256275,0.8386628542598276,40.63977999612689,0.48148148148148145,PLAIN-2,0.0,7,0.75,1.0
bm25_pre,1.0,0.0,0.0,0.0,0.0,0.0,0.0,,1.0,,,,,,,,,,,,,,0.0,0.0,1.0,0.0,2.9651836922873622,0.1503234642654938,19.693499809392282,100,nfcorpus,2.993756981987474,0.0011907219886779785,0.8542038202285767,5.704017821699381,0.7786015960080509,40.63977999612689,0.48148148148148145,PLAIN-2,0.0,7,0.7083333333333334,1.0
dense_pre,0.0,0.0,1.0,0.0,0.0,0.0,0.0,,,,,,1.0,,,,,,,,,,0.0,0.0,1.0,0.0,2.9651836922873622,0.1503234642654938,19.693499809392282,100,nfcorpus,2.993756981987474,0.0011907219886779785,0.8542038202285767,86.70505927875638,0.7923935461056428,40.63977999612689,0.48148148148148145,PLAIN-2,0.0,7,0.75,1.0
dense_e5_base_v2_post,0.0,0.0,1.0,0.0,0.0,0.0,0.0,,,1.0,,,,,,,,,,,,,0.0,1.0,0.0,0.0,2.9651836922873622,0.1503234642654938,19.693499809392282,100,nfcorpus,2.993756981987474,0.0011907219886779785,0.8542038202285767,118.98926607444882,0.7923935461056428,40.63977999612689,0.48148148148148145,PLAIN-2,0.0,7,0.7083333333333334,1.0
dense_e5_base_v2_pre,0.0,0.0,1.0,0.0,0.0,0.0,0.0,,,,1.0,,,,,,,,,,,,0.0,0.0,1.0,0.0,2.9651836922873622,0.1503234642654938,19.693499809392282,100,nfcorpus,2.993756981987474,0.0011907219886779785,0.8542038202285767,118.93926607444882,0.7923935461056428,40.63977999612689,0.48148148148148145,PLAIN-2,0.0,7,0.7083333333333334,1.0
rrf_dense_e5_base_v2_post,0.0,0.0,0.0,0.0,0.0,1.0,0.0,,,,,,,,1.0,,,,,,,,0.0,1.0,0.0,0.0,2.9651836922873622,0.1503234642654938,19.693499809392282,100,nfcorpus,2.993756981987474,0.0011907219886779785,0.8542038202285767,124.81798659190535,0.8421098789452184,40.63977999612689,0.48148148148148145,PLAIN-2,0.0,7,0.75,1.0
rrf_dense_e5_base_v2_pre,0.0,0.0,0.0,0.0,0.0,1.0,0.0,,,,,,,,,1.0,,,,,,,0.0,0.0,1.0,0.0,2.9651836922873622,0.1503234642654938,19.693499809392282,100,nfcorpus,2.993756981987474,0.0011907219886779785,0.8542038202285767,124.76376164704561,0.8421098789452184,40.63977999612689,0.48148148148148145,PLAIN-2,0.0,7,0.75,1.0
weighted_dense_e5_base_v2_post,0.0,0.0,0.0,0.0,0.0,0.0,1.0,,,,,,,,,,,,1.0,,,,0.0,1.0,0.0,0.0,2.9651836922873622,0.1503234642654938,19.693499809392282,100,nfcorpus,2.993756981987474,0.0011907219886779785,0.8542038202285767,124.94325599744916,0.8386628542598276,40.63977999612689,0.48148148148148145,PLAIN-2,0.0,7,0.75,1.0
weighted_dense_e5_base_v2_pre,0.0,0.0,0.0,0.0,0.0,0.0,1.0,,,,,,,,,,,,,1.0,,,0.0,0.0,1.0,0.0,2.9651836922873622,0.1503234642654938,19.693499809392282,100,nfcorpus,2.993756981987474,0.0011907219886779785,0.8542038202285767,124.88463707268238,0.8386628542598276,40.63977999612689,0.48148148148148145,PLAIN-2,0.0,7,0.75,1.0
rrf_pre,0.0,0.0,0.0,0.0,0.0,1.0,0.0,,,,,,,,,,,1.0,,,,,0.0,0.0,1.0,0.0,2.9651836922873622,0.1503234642654938,19.693499809392282,100,nfcorpus,2.993756981987474,0.0011907219886779785,0.8542038202285767,92.52857230603695,0.8386628542598276,40.63977999612689,0.48148148148148145,PLAIN-2,0.0,7,0.7916666666666666,1.0
weighted_pre,0.0,0.0,0.0,0.0,0.0,0.0,1.0,,,,,,,,,,,,,,,1.0,0.0,0.0,1.0,0.0,2.9651836922873622,0.1503234642654938,19.693499809392282,100,nfcorpus,2.993756981987474,0.0011907219886779785,0.8542038202285767,92.65302307903767,0.8386628542598276,40.63977999612689,0.48148148148148145,PLAIN-2,0.0,7,0.75,1.0
rerank_depth_20,0.0,0.0,0.0,0.0,1.0,0.0,0.0,,,,,,,1.0,,,,,,,,,1.0,0.0,0.0,20.0,2.9651836922873622,0.1503234642654938,19.693499809392282,27,nfcorpus,2.993756981987474,0.0011907219886779785,0.8542038202285767,97.26907710045576,0.8386628542598276,40.63977999612689,0.48148148148148145,PLAIN-2,0.0,7,0.5833333333333334,1.0
bm25_post,1.0,0.0,0.0,0.0,0.0,0.0,0.0,1.0,,,,,,,,,,,,,,,0.0,1.0,0.0,0.0,2.9695188482919583,1.0731977879557117,10.690280534567048,100,nfcorpus,2.995501646133883,0.015067338943481445,0.7577213048934937,13.632983985543252,0.0,81.473208963871,0.05263157894736842,PLAIN-12,0.0,5,0.1,1.0
dense_post,0.0,0.0,1.0,0.0,0.0,0.0,0.0,,,,,1.0,,,,,,,,,,,0.0,1.0,0.0,0.0,2.9695188482919583,1.0731977879557117,10.690280534567048,100,nfcorpus,2.995501646133883,0.015067338943481445,0.7577213048934937,101.32705708146095,0.03013709721815105,81.473208963871,0.05263157894736842,PLAIN-12,0.0,5,0.26666666666666666,1.0
rrf_post,0.0,0.0,0.0,0.0,0.0,1.0,0.0,,,,,,,,,,1.0,,,,,,0.0,1.0,0.0,0.0,2.9695188482919583,1.0731977879557117,10.690280534567048,100,nfcorpus,2.995501646133883,0.015067338943481445,0.7577213048934937,115.01140388771891,0.0800702175982802,81.473208963871,0.05263157894736842,PLAIN-12,0.0,5,0.26666666666666666,1.0
weighted_post,0.0,0.0,0.0,0.0,0.0,0.0,1.0,,,,,,,,,,,,,,1.0,,0.0,1.0,0.0,0.0,2.9695188482919583,1.0731977879557117,10.690280534567048,100,nfcorpus,2.995501646133883,0.015067338943481445,0.7577213048934937,115.12117189466953,0.0,81.473208963871,0.05263157894736842,PLAIN-12,0.0,5,0.26666666666666666,1.0
bm25_pre,1.0,0.0,0.0,0.0,0.0,0.0,0.0,,1.0,,,,,,,,,,,,,,0.0,0.0,1.0,0.0,2.9695188482919583,1.0731977879557117,10.690280534567048,100,nfcorpus,2.995501646133883,0.015067338943481445,0.7577213048934937,13.582983985543251,0.0,81.473208963871,0.05263157894736842,PLAIN-12,0.0,5,0.1,1.0
dense_pre,0.0,0.0,1.0,0.0,0.0,0.0,0.0,,,,,,1.0,,,,,,,,,,0.0,0.0,1.0,0.0,2.9695188482919583,1.0731977879557117,10.690280534567048,100,nfcorpus,2.995501646133883,0.015067338943481445,0.7577213048934937,101.27705708146095,0.03013709721815105,81.473208963871,0.05263157894736842,PLAIN-12,0.0,5,0.26666666666666666,1.0
dense_e5_base_v2_post,0.0,0.0,1.0,0.0,0.0,0.0,0.0,,,1.0,,,,,,,,,,,,,0.0,1.0,0.0,0.0,2.9695188482919583,1.0731977879557117,10.690280534567048,100,nfcorpus,2.995501646133883,0.015067338943481445,0.7577213048934937,108.06372118294239,0.3694887956959894,81.473208963871,0.05263157894736842,PLAIN-12,0.0,5,0.26666666666666666,1.0
dense_e5_base_v2_pre,0.0,0.0,1.0,0.0,0.0,0.0,0.0,,,,1.0,,,,,,,,,,,,0.0,0.0,1.0,0.0,2.9695188482919583,1.0731977879557117,10.690280534567048,100,nfcorpus,2.995501646133883,0.015067338943481445,0.7577213048934937,108.01372118294239,0.3694887956959894,81.473208963871,0.05263157894736842,PLAIN-12,0.0,5,0.26666666666666666,1.0
rrf_dense_e5_base_v2_post,0.0,0.0,0.0,0.0,0.0,1.0,0.0,,,,,,,,1.0,,,,,,,,0.0,1.0,0.0,0.0,2.9695188482919583,1.0731977879557117,10.690280534567048,100,nfcorpus,2.995501646133883,0.015067338943481445,0.7577213048934937,121.73106343597173,0.025468801790778563,81.473208963871,0.05263157894736842,PLAIN-12,0.0,5,0.23333333333333334,1.0
rrf_dense_e5_base_v2_pre,0.0,0.0,0.0,0.0,0.0,1.0,0.0,,,,,,,,,1.0,,,,,,,0.0,0.0,1.0,0.0,2.9695188482919583,1.0731977879557117,10.690280534567048,100,nfcorpus,2.995501646133883,0.015067338943481445,0.7577213048934937,121.67725898325443,0.025468801790778563,81.473208963871,0.05263157894736842,PLAIN-12,0.0,5,0.23333333333333334,1.0
weighted_dense_e5_base_v2_post,0.0,0.0,0.0,0.0,0.0,0.0,1.0,,,,,,,,,,,,1.0,,,,0.0,1.0,0.0,0.0,2.9695188482919583,1.0731977879557117,10.690280534567048,100,nfcorpus,2.995501646133883,0.015067338943481445,0.7577213048934937,121.84089104756713,0.12684890933873771,81.473208963871,0.05263157894736842,PLAIN-12,0.0,5,0.23333333333333334,1.0
weighted_dense_e5_base_v2_pre,0.0,0.0,0.0,0.0,0.0,0.0,1.0,,,,,,,,,,,,,1.0,,,0.0,0.0,1.0,0.0,2.9695188482919583,1.0731977879557117,10.690280534567048,100,nfcorpus,2.995501646133883,0.015067338943481445,0.7577213048934937,121.78447423502803,0.12684890933873771,81.473208963871,0.05263157894736842,PLAIN-12,0.0,5,0.23333333333333334,1.0
rrf_pre,0.0,0.0,0.0,0.0,0.0,1.0,0.0,,,,,,,,,,,1.0,,,,,0.0,0.0,1.0,0.0,2.9695188482919583,1.0731977879557117,10.690280534567048,100,nfcorpus,2.995501646133883,0.015067338943481445,0.7577213048934937,114.94356021285057,0.0800702175982802,81.473208963871,0.05263157894736842,PLAIN-12,0.0,5,0.26666666666666666,1.0
weighted_pre,0.0,0.0,0.0,0.0,0.0,0.0,1.0,,,,,,,,,,,,,,,1.0,0.0,0.0,1.0,0.0,2.9695188482919583,1.0731977879557117,10.690280534567048,100,nfcorpus,2.995501646133883,0.015067338943481445,0.7577213048934937,115.04962109029293,0.0,81.473208963871,0.05263157894736842,PLAIN-12,0.0,5,0.26666666666666666,1.0
rerank_depth_20,0.0,0.0,0.0,0.0,1.0,0.0,0.0,,,,,,,1.0,,,,,,,,,1.0,0.0,0.0,20.0,2.9695188482919583,1.0731977879557117,10.690280534567048,38,nfcorpus,2.995501646133883,0.015067338943481445,0.7577213048934937,121.70004106700421,0.0,81.473208963871,0.05263157894736842,PLAIN-12,0.0,5,0.13333333333333333,1.0
bm25_post,1.0,0.0,0.0,0.0,0.0,0.0,0.0,1.0,,,,,,,,,,,,,,,0.0,1.0,0.0,0.0,2.992182012005806,0.7606102369625596,10.861517977910855,100,nfcorpus,2.9953068631836723,0.0015287399291992188,0.7715177536010742,7.246498103439808,0.20445672198146214,71.94004999473691,0.17647058823529413,PLAIN-23,0.0,9,0.15555555555555556,1.0
dense_post,0.0,0.0,1.0,0.0,0.0,0.0,0.0,,,,,1.0,,,,,,,,,,,0.0,1.0,0.0,0.0,2.992182012005806,0.7606102369625596,10.861517977910855,100,nfcorpus,2.9953068631836723,0.0015287399291992188,0.7715177536010742,106.58067845851183,0.5085765765797458,71.94004999473691,0.17647058823529413,PLAIN-23,0.0,9,0.2,1.0
rrf_post,0.0,0.0,0.0,0.0,0.0,1.0,0.0,,,,,,,,,,1.0,,,,,,0.0,1.0,0.0,0.0,2.992182012005806,0.7606102369625596,10.861517977910855,100,nfcorpus,2.9953068631836723,0.0015287399291992188,0.7715177536010742,114.01581027656793,0.5945907109137406,71.94004999473691,0.17647058823529413,PLAIN-23,0.0,9,0.18888888888888888,1.0
weighted_post,0.0,0.0,0.0,0.0,0.0,0.0,1.0,,,,,,,,,,,,,,1.0,,0.0,1.0,0.0,0.0,2.992182012005806,0.7606102369625596,10.861517977910855,100,nfcorpus,2.9953068631836723,0.0015287399291992188,0.7715177536010742,116.99247787818312,0.5238399216840545,71.94004999473691,0.17647058823529413,PLAIN-23,0.0,9,0.16666666666666666,1.0
bm25_pre,1.0,0.0,0.0,0.0,0.0,0.0,0.0,,1.0,,,,,,,,,,,,,,0.0,0.0,1.0,0.0,2.992182012005806,0.7606102369625596,10.861517977910855,100,nfcorpus,2.9953068631836723,0.0015287399291992188,0.7715177536010742,7.196498103439808,0.20445672198146214,71.94004999473691,0.17647058823529413,PLAIN-23,0.0,9,0.15555555555555556,1.0
dense_pre,0.0,0.0,1.0,0.0,0.0,0.0,0.0,,,,,,1.0,,,,,,,,,,0.0,0.0,1.0,0.0,2.992182012005806,0.7606102369625596,10.861517977910855,100,nfcorpus,2.9953068631836723,0.0015287399291992188,0.7715177536010742,106.53067845851183,0.5085765765797458,71.94004999473691,0.17647058823529413,PLAIN-23,0.0,9,0.2,1.0
dense_e5_base_v2_post,0.0,0.0,1.0,0.0,0.0,0.0,0.0,,,1.0,,,,,,,,,,,,,0.0,1.0,0.0,0.0,2.992182012005806,0.7606102369625596,10.861517977910855,100,nfcorpus,2.9953068631836723,0.0015287399291992188,0.7715177536010742,75.78834713548422,0.41167021322193614,71.94004999473691,0.17647058823529413,PLAIN-23,0.0,9,0.1111111111111111,1.0
dense_e5_base_v2_pre,0.0,0.0,1.0,0.0,0.0,0.0,0.0,,,,1.0,,,,,,,,,,,,0.0,0.0,1.0,0.0,2.992182012005806,0.7606102369625596,10.861517977910855,100,nfcorpus,2.9953068631836723,0.0015287399291992188,0.7715177536010742,75.73834713548422,0.41167021322193614,71.94004999473691,0.17647058823529413,PLAIN-23,0.0,9,0.1111111111111111,1.0
rrf_dense_e5_base_v2_post,0.0,0.0,0.0,0.0,0.0,1.0,0.0,,,,,,,,1.0,,,,,,,,0.0,1.0,0.0,0.0,2.992182012005806,0.7606102369625596,10.861517977910855,100,nfcorpus,2.9953068631836723,0.0015287399291992188,0.7715177536010742,83.07408223971724,0.49369985760835416,71.94004999473691,0.17647058823529413,PLAIN-23,0.0,9,0.14444444444444443,1.0
rrf_dense_e5_base_v2_pre,0.0,0.0,0.0,0.0,0.0,1.0,0.0,,,,,,,,,1.0,,,,,,,0.0,0.0,1.0,0.0,2.992182012005806,0.7606102369625596,10.861517977910855,100,nfcorpus,2.9953068631836723,0.0015287399291992188,0.7715177536010742,83.01953645423055,0.49369985760835416,71.94004999473691,0.17647058823529413,PLAIN-23,0.0,9,0.14444444444444443,1.0
weighted_dense_e5_base_v2_post,0.0,0.0,0.0,0.0,0.0,0.0,1.0,,,,,,,,,,,,1.0,,,,0.0,1.0,0.0,0.0,2.992182012005806,0.7606102369625596,10.861517977910855,100,nfcorpus,2.9953068631836723,0.0015287399291992188,0.7715177536010742,83.18662325963378,0.5069120451891608,71.94004999473691,0.17647058823529413,PLAIN-23,0.0,9,0.14444444444444443,1.0
weighted_dense_e5_base_v2_pre,0.0,0.0,0.0,0.0,0.0,0.0,1.0,,,,,,,,,,,,,1.0,,,0.0,0.0,1.0,0.0,2.992182012005806,0.7606102369625596,10.861517977910855,100,nfcorpus,2.9953068631836723,0.0015287399291992188,0.7715177536010742,83.12324620783329,0.5069120451891608,71.94004999473691,0.17647058823529413,PLAIN-23,0.0,9,0.14444444444444443,1.0
rrf_pre,0.0,0.0,0.0,0.0,0.0,1.0,0.0,,,,,,,,,,,1.0,,,,,0.0,0.0,1.0,0.0,2.992182012005806,0.7606102369625596,10.861517977910855,100,nfcorpus,2.9953068631836723,0.0015287399291992188,0.7715177536010742,113.8114775530994,0.5945907109137406,71.94004999473691,0.17647058823529413,PLAIN-23,0.0,9,0.18888888888888888,1.0
weighted_pre,0.0,0.0,0.0,0.0,0.0,0.0,1.0,,,,,,,,,,,,,,,1.0,0.0,0.0,1.0,0.0,2.992182012005806,0.7606102369625596,10.861517977910855,100,nfcorpus,2.9953068631836723,0.0015287399291992188,0.7715177536010742,113.91423968598247,0.5238399216840545,71.94004999473691,0.17647058823529413,PLAIN-23,0.0,9,0.16666666666666666,1.0
rerank_depth_20,0.0,0.0,0.0,0.0,1.0,0.0,0.0,,,,,,,1.0,,,,,,,,,1.0,0.0,0.0,20.0,2.992182012005806,0.7606102369625596,10.861517977910855,34,nfcorpus,2.9953068631836723,0.0015287399291992188,0.7715177536010742,119.84717656195164,0.5188055748047392,71.94004999473691,0.17647058823529413,PLAIN-23,0.0,9,0.12222222222222222,1.0
bm25_post,1.0,0.0,0.0,0.0,0.0,0.0,0.0,1.0,,,,,,,,,,,,,,,0.0,1.0,0.0,0.0,2.9772086041244714,0.6171170546729705,12.305110690503454,100,nfcorpus,2.9951112151053314,0.03408569097518921,0.7540497779846191,6.644908889383077,0.14501300499131867,89.95102811604738,0.08108108108108109,PLAIN-33,0.0,7,0.28125,1.0
dense_post,0.0,0.0,1.0,0.0,0.0,0.0,0.0,,,,,1.0,,,,,,,,,,,0.0,1.0,0.0,0.0,2.9772086041244714,0.6171170546729705,12.305110690503454,100,nfcorpus,2.9951112151053314,0.03408569097518921,0.7540497779846191,86.119508921355,0.4746499232588365,89.95102811604738,0.08108108108108109,PLAIN-33,0.0,7,0.28125,1.0
rrf_post,0.0,0.0,0.0,0.0,0.0,1.0,0.0,,,,,,,,,,1.0,,,,,,0.0,1.0,0.0,0.0,2.9772086041244714,0.6171170546729705,12.305110690503454,100,nfcorpus,2.9951112151053314,0.03408569097518921,0.7540497779846191,92.809242746979,0.08187072223118565,89.95102811604738,0.08108108108108109,PLAIN-33,0.0,7,0.28125,1.0
weighted_post,0.0,0.0,0.0,0.0,0.0,0.0,1.0,,,,,,,,,,,,,,1.0,,0.0,1.0,0.0,0.0,2.9772086041244714,0.6171170546729705,12.305110690503454,100,nfcorpus,2.9951112151053314,0.03408569097518921,0.7540497779846191,92.90274799913168,0.4873110644234601,89.95102811604738,0.08108108108108109,PLAIN-33,0.0,7,0.28125,1.0
bm25_pre,1.0,0.0,0.0,0.0,0.0,0.0,0.0,,1.0,,,,,,,,,,,,,,0.0,0.0,1.0,0.0,2.9772086041244714,0.6171170546729705,12.305110690503454,100,nfcorpus,2.9951112151053314,0.03408569097518921,0.7540497779846191,6.594908889383078,0.14501300499131867,89.95102811604738,0.08108108108108109,PLAIN-33,0.0,7,0.28125,1.0
dense_pre,0.0,0.0,1.0,0.0,0.0,0.0,0.0,,,,,,1.0,,,,,,,,,,0.0,0.0,1.0,0.0,2.9772086041244714,0.6171170546729705,12.305110690503454,100,nfcorpus,2.9951112151053314,0.03408569097518921,0.7540497779846191,86.06950892135501,0.4746499232588365,89.95102811604738,0.08108108108108109,PLAIN-33,0.0,7,0.28125,1.0
dense_e5_base_v2_post,0.0,0.0,1.0,0.0,0.0,0.0,0.0,,,1.0,,,,,,,,,,,,,0.0,1.0,0.0,0.0,2.9772086041244714,0.6171170546729705,12.305110690503454,100,nfcorpus,2.9951112151053314,0.03408569097518921,0.7540497779846191,96.37726805284619,0.5139421016987333,89.95102811604738,0.08108108108108109,PLAIN-33,0.0,7,0.25,1.0
dense_e5_base_v2_pre,0.0,0.0,1.0,0.0,0.0,0.0,0.0,,,,1.0,,,,,,,,,,,,0.0,0.0,1.0,0.0,2.9772086041244714,0.6171170546729705,12.305110690503454,100,nfcorpus,2.9951112151053314,0.03408569097518921,0.7540497779846191,96.3272680528462,0.5139421016987333,89.95102811604738,0.08108108108108109,PLAIN-33,0.0,7,0.25,1.0
rrf_dense_e5_base_v2_post,0.0,0.0,0.0,0.0,0.0,1.0,0.0,,,,,,,,1.0,,,,,,,,0.0,1.0,0.0,0.0,2.9772086041244714,0.6171170546729705,12.305110690503454,100,nfcorpus,2.9951112151053314,0.03408569097518921,0.7540497779846191,103.0541710473597,0.14501300499131867,89.95102811604738,0.08108108108108109,PLAIN-33,0.0,7,0.25,1.0
rrf_dense_e5_base_v2_pre,0.0,0.0,0.0,0.0,0.0,1.0,0.0,,,,,,,,,1.0,,,,,,,0.0,0.0,1.0,0.0,2.9772086041244714,0.6171170546729705,12.305110690503454,100,nfcorpus,2.9951112151053314,0.03408569097518921,0.7540497779846191,103.00021385774016,0.14501300499131867,89.95102811604738,0.08108108108108109,PLAIN-33,0.0,7,0.25,1.0
weighted_dense_e5_base_v2_post,0.0,0.0,0.0,0.0,0.0,0.0,1.0,,,,,,,,,,,,1.0,,,,0.0,1.0,0.0,0.0,2.9772086041244714,0.6171170546729705,12.305110690503454,100,nfcorpus,2.9951112151053314,0.03408569097518921,0.7540497779846191,103.14846280142665,0.38223675442279414,89.95102811604738,0.08108108108108109,PLAIN-33,0.0,7,0.25,1.0
weighted_dense_e5_base_v2_pre,0.0,0.0,0.0,0.0,0.0,0.0,1.0,,,,,,,,,,,,,1.0,,,0.0,0.0,1.0,0.0,2.9772086041244714,0.6171170546729705,12.305110690503454,100,nfcorpus,2.9951112151053314,0.03408569097518921,0.7540497779846191,103.09203388169408,0.38223675442279414,89.95102811604738,0.08108108108108109,PLAIN-33,0.0,7,0.25,1.0
rrf_pre,0.0,0.0,0.0,0.0,0.0,1.0,0.0,,,,,,,,,,,1.0,,,,,0.0,0.0,1.0,0.0,2.9772086041244714,0.6171170546729705,12.305110690503454,100,nfcorpus,2.9951112151053314,0.03408569097518921,0.7540497779846191,92.7455872297287,0.08187072223118565,89.95102811604738,0.08108108108108109,PLAIN-33,0.0,7,0.28125,1.0
weighted_pre,0.0,0.0,0.0,0.0,0.0,0.0,1.0,,,,,,,,,,,,,,,1.0,0.0,0.0,1.0,0.0,2.9772086041244714,0.6171170546729705,12.305110690503454,100,nfcorpus,2.9951112151053314,0.03408569097518921,0.7540497779846191,92.83584775403142,0.4873110644234601,89.95102811604738,0.08108108108108109,PLAIN-33,0.0,7,0.28125,1.0
rerank_depth_20,0.0,0.0,0.0,0.0,1.0,0.0,0.0,,,,,,,1.0,,,,,,,,,1.0,0.0,0.0,20.0,2.9772086041244714,0.6171170546729705,12.305110690503454,37,nfcorpus,2.9951112151053314,0.03408569097518921,0.7540497779846191,99.32441781073808,0.39837700520626484,89.95102811604738,0.08108108108108109,PLAIN-33,0.0,7,0.1875,1.0
bm25_post,1.0,0.0,0.0,0.0,0.0,0.0,0.0,1.0,,,,,,,,,,,,,,,0.0,1.0,0.0,0.0,2.988118496592883,0.22022771710431144,11.476619194234587,100,nfcorpus,2.9956589002375074,0.012483358383178711,0.7379205226898193,5.7066977873444555,0.0,102.2014357149601,0.08108108108108109,PLAIN-44,0.0,6,0.20689655172413793,1.0
dense_post,0.0,0.0,1.0,0.0,0.0,0.0,0.0,,,,,1.0,,,,,,,,,,,0.0,1.0,0.0,0.0,2.988118496592883,0.22022771710431144,11.476619194234587,100,nfcorpus,2.9956589002375074,0.012483358383178711,0.7379205226898193,76.10229131877422,0.19372181057410734,102.2014357149601,0.08108108108108109,PLAIN-44,0.0,6,0.22413793103448276,1.0
rrf_post,0.0,0.0,0.0,0.0,0.0,1.0,0.0,,,,,,,,,,1.0,,,,,,0.0,1.0,0.0,0.0,2.988118496592883,0.22022771710431144,11.476619194234587,100,nfcorpus,2.9956589002375074,0.012483358383178711,0.7379205226898193,81.85062007158994,0.10764273675942826,102.2014357149601,0.08108108108108109,PLAIN-44,0.0,6,0.20689655172413793,1.0
weighted_post,0.0,0.0,0.0,0.0,0.0,0.0,1.0,,,,,,,,,,,,,,1.0,,0.0,1.0,0.0,0.0,2.988118496592883,0.22022771710431144,11.476619194234587,100,nfcorpus,2.9956589002375074,0.012483358383178711,0.7379205226898193,81.94969696104526,0.056878819577707934,102.2014357149601,0.08108108108108109,PLAIN-44,0.0,6,0.20689655172413793,1.0
bm25_pre,1.0,0.0,0.0,0.0,0.0,0.0,0.0,,1.0,,,,,,,,,,,,,,0.0,0.0,1.0,0.0,2.988118496592883,0.22022771710431144,11.476619194234587,100,nfcorpus,2.9956589002375074,0.012483358383178711,0.7379205226898193,5.656697787344456,0.0,102.2014357149601,0.08108108108108109,PLAIN-44,0.0,6,0.20689655172413793,1.0
dense_pre,0.0,0.0,1.0,0.0,0.0,0.0,0.0,,,,,,1.0,,,,,,,,,,0.0,0.0,1.0,0.0,2.988118496592883,0.22022771710431144,11.476619194234587,100,nfcorpus,2.9956589002375074,0.012483358383178711,0.7379205226898193,76.05229131877422,0.19372181057410734,102.2014357149601,0.08108108108108109,PLAIN-44,0.0,6,0.22413793103448276,1.0
dense_e5_base_v2_post,0.0,0.0,1.0,0.0,0.0,0.0,0.0,,,1.0,,,,,,,,,,,,,0.0,1.0,0.0,0.0,2.988118496592883,0.22022771710431144,11.476619194234587,100,nfcorpus,2.9956589002375074,0.012483358383178711,0.7379205226898193,102.73410900607705,0.3138199505268384,102.2014357149601,0.08108108108108109,PLAIN-44,0.0,6,0.2413793103448276,1.0
dense_e5_base_v2_pre,0.0,0.0,1.0,0.0,0.0,0.0,0.0,,,,1.0,,,,,,,,,,,,0.0,0.0,1.0,0.0,2.988118496592883,0.22022771710431144,11.476619194234587,100,nfcorpus,2.9956589002375074,0.012483358383178711,0.7379205226898193,102.68410900607705,0.3138199505268384,102.2014357149601,0.08108108108108109,PLAIN-44,0.0,6,0.2413793103448276,1.0
rrf_dense_e5_base_v2_post,0.0,0.0,0.0,0.0,0.0,1.0,0.0,,,,,,,,1.0,,,,,,,,0.0,1.0,0.0,0.0,2.988118496592883,0.22022771710431144,11.476619194234587,100,nfcorpus,2.9956589002375074,0.012483358383178711,0.7379205226898193,108.4705168299377,0.14142738860836082,102.2014357149601,0.08108108108108109,PLAIN-44,0.0,6,0.22413793103448276,1.0
rrf_dense_e5_base_v2_pre,0.0,0.0,0.0,0.0,0.0,1.0,0.0,,,,,,,,,1.0,,,,,,,0.0,0.0,1.0,0.0,2.988118496592883,0.22022771710431144,11.476619194234587,100,nfcorpus,2.9956589002375074,0.012483358383178711,0.7379205226898193,108.41740667819977,0.14142738860836082,102.2014357149601,0.08108108108108109,PLAIN-44,0.0,6,0.22413793103448276,1.0
weighted_dense_e5_base_v2_post,0.0,0.0,0.0,0.0,0.0,0.0,1.0,,,,,,,,,,,,1.0,,,,0.0,1.0,0.0,0.0,2.988118496592883,0.22022771710431144,11.476619194234587,100,nfcorpus,2.9956589002375074,0.012483358383178711,0.7379205226898193,108.56527191698551,0.028285477721672166,102.2014357149601,0.08108108108108109,PLAIN-44,0.0,6,0.22413793103448276,1.0
weighted_dense_e5_base_v2_pre,0.0,0.0,0.0,0.0,0.0,0.0,1.0,,,,,,,,,,,,,1.0,,,0.0,0.0,1.0,0.0,2.988118496592883,0.22022771710431144,11.476619194234587,100,nfcorpus,2.9956589002375074,0.012483358383178711,0.7379205226898193,108.50994987413287,0.028285477721672166,102.2014357149601,0.08108108108108109,PLAIN-44,0.0,6,0.22413793103448276,1.0
rrf_pre,0.0,0.0,0.0,0.0,0.0,1.0,0.0,,,,,,,,,,,1.0,,,,,0.0,0.0,1.0,0.0,2.988118496592883,0.22022771710431144,11.476619194234587,100,nfcorpus,2.9956589002375074,0.012483358383178711,0.7379205226898193,81.78640203550458,0.10764273675942826,102.2014357149601,0.08108108108108109,PLAIN-44,0.0,6,0.20689655172413793,1.0
weighted_pre,0.0,0.0,0.0,0.0,0.0,0.0,1.0,,,,,,,,,,,,,,,1.0,0.0,0.0,1.0,0.0,2.988118496592883,0.22022771710431144,11.476619194234587,100,nfcorpus,2.9956589002375074,0.012483358383178711,0.7379205226898193,81.88199903815985,0.056878819577707934,102.2014357149601,0.08108108108108109,PLAIN-44,0.0,6,0.20689655172413793,1.0
rerank_depth_20,0.0,0.0,0.0,0.0,1.0,0.0,0.0,,,,,,,1.0,,,,,,,,,1.0,0.0,0.0,20.0,2.988118496592883,0.22022771710431144,11.476619194234587,37,nfcorpus,2.9956589002375074,0.012483358383178711,0.7379205226898193,88.36898910611868,0.05527668296349072,102.2014357149601,0.08108108108108109,PLAIN-44,0.0,6,0.10344827586206896,1.0
bm25_post,1.0,0.0,0.0,0.0,0.0,0.0,0.0,1.0,,,,,,,,,,,,,,,0.0,1.0,0.0,0.0,2.8864930454496047,0.28700588075237654,11.714141916228035,100,nfcorpus,2.994629455265116,0.016611814498901367,0.8439679145812988,6.072700108587742,0.7641782229340754,75.48097614198923,0.17647058823529413,PLAIN-56,0.0,3,0.14,1.0
dense_post,0.0,0.0,1.0,0.0,0.0,0.0,0.0,,,,,1.0,,,,,,,,,,,0.0,1.0,0.0,0.0,2.8864930454496047,0.28700588075237654,11.714141916228035,100,nfcorpus,2.994629455265116,0.016611814498901367,0.8439679145812988,102.54179601669311,0.6580000639200169,75.48097614198923,0.17647058823529413,PLAIN-56,0.0,3,0.26,1.0
rrf_post,0.0,0.0,0.0,0.0,0.0,1.0,0.0,,,,,,,,,,1.0,,,,,,0.0,1.0,0.0,0.0,2.8864930454496047,0.28700588075237654,11.714141916228035,100,nfcorpus,2.994629455265116,0.016611814498901367,0.8439679145812988,108.66468035727739,0.6580000639200169,75.48097614198923,0.17647058823529413,PLAIN-56,0.0,3,0.2,1.0
weighted_post,0.0,0.0,0.0,0.0,0.0,0.0,1.0,,,,,,,,,,,,,,1.0,,0.0,1.0,0.0,0.0,2.8864930454496047,0.28700588075237654,11.714141916228035,100,nfcorpus,2.994629455265116,0.016611814498901367,0.8439679145812988,108.76694516390562,0.6280971317444367,75.48097614198923,0.17647058823529413,PLAIN-56,0.0,3,0.2,1.0
bm25_pre,1.0,0.0,0.0,0.0,0.0,0.0,0.0,,1.0,,,,,,,,,,,,,,0.0,0.0,1.0,0.0,2.8864930454496047,0.28700588075237654,11.714141916228035,100,nfcorpus,2.994629455265116,0.016611814498901367,0.8439679145812988,6.022700108587742,0.7641782229340754,75.48097614198923,0.17647058823529413,PLAIN-56,0.0,3,0.14,1.0
dense_pre,0.0,0.0,1.0,0.0,0.0,0.0,0.0,,,,,,1.0,,,,,,,,,,0.0,0.0,1.0,0.0,2.8864930454496047,0.28700588075237654,11.714141916228035,100,nfcorpus,2.994629455265116,0.016611814498901367,0.8439679145812988,102.49179601669312,0.6580000639200169,75.48097614198923,0.17647058823529413,PLAIN-56,0.0,3,0.26,1.0
dense_e5_base_v2_post,0.0,0.0,1.0,0.0,0.0,0.0,0.0,,,1.0,,,,,,,,,,,,,0.0,1.0,0.0,0.0,2.8864930454496047,0.28700588075237654,11.714141916228035,100,nfcorpus,2.994629455265116,0.016611814498901367,0.8439679145812988,79.82670198306441,0.650170942406239,75.48097614198923,0.17647058823529413,PLAIN-56,0.0,3,0.24,1.0
dense_e5_base_v2_pre,0.0,0.0,1.0,0.0,0.0,0.0,0.0,,,,1.0,,,,,,,,,,,,0.0,0.0,1.0,0.0,2.8864930454496047,0.28700588075237654,11.714141916228035,100,nfcorpus,2.994629455265116,0.016611814498901367,0.8439679145812988,79.77670198306441,0.650170942406239,75.48097614198923,0.17647058823529413,PLAIN-56,0.0,3,0.24,1.0
rrf_dense_e5_base_v2_post,0.0,0.0,0.0,0.0,0.0,1.0,0.0,,,,,,,,1.0,,,,,,,,0.0,1.0,0.0,0.0,2.8864930454496047,0.28700588075237654,11.714141916228035,100,nfcorpus,2.994629455265116,0.016611814498901367,0.8439679145812988,85.93671078905463,0.6280971317444367,75.48097614198923,0.17647058823529413,PLAIN-56,0.0,3,0.2,1.0
rrf_dense_e5_base_v2_pre,0.0,0.0,0.0,0.0,0.0,1.0,0.0,,,,,,,,,1.0,,,,,,,0.0,0.0,1.0,0.0,2.8864930454496047,0.28700588075237654,11.714141916228035,100,nfcorpus,2.994629455265116,0.016611814498901367,0.8439679145812988,85.88342927396297,0.6280971317444367,75.48097614198923,0.17647058823529413,PLAIN-56,0.0,3,0.2,1.0
weighted_dense_e5_base_v2_post,0.0,0.0,0.0,0.0,0.0,0.0,1.0,,,,,,,,,,,,1.0,,,,0.0,1.0,0.0,0.0,2.8864930454496047,0.28700588075237654,11.714141916228035,100,nfcorpus,2.994629455265116,0.016611814498901367,0.8439679145812988,86.04539287388324,0.6592378265768685,75.48097614198923,0.17647058823529413,PLAIN-56,0.0,3,0.2,1.0
weighted_dense_e5_base_v2_pre,0.0,0.0,0.0,0.0,0.0,0.0,1.0,,,,,,,,,,,,,1.0,,,0.0,0.0,1.0,0.0,2.8864930454496047,0.28700588075237654,11.714141916228035,100,nfcorpus,2.994629455265116,0.016611814498901367,0.8439679145812988,85.9894691966474,0.6592378265768685,75.48097614198923,0.17647058823529413,PLAIN-56,0.0,3,0.2,1.0
rrf_pre,0.0,0.0,0.0,0.0,0.0,1.0,0.0,,,,,,,,,,,1.0,,,,,0.0,0.0,1.0,0.0,2.8864930454496047,0.28700588075237654,11.714141916228035,100,nfcorpus,2.994629455265116,0.016611814498901367,0.8439679145812988,108.59812842682004,0.6580000639200169,75.48097614198923,0.17647058823529413,PLAIN-56,0.0,3,0.2,1.0
weighted_pre,0.0,0.0,0.0,0.0,0.0,0.0,1.0,,,,,,,,,,,,,,,1.0,0.0,0.0,1.0,0.0,2.8864930454496047,0.28700588075237654,11.714141916228035,100,nfcorpus,2.994629455265116,0.016611814498901367,0.8439679145812988,108.70004119351506,0.6280971317444367,75.48097614198923,0.17647058823529413,PLAIN-56,0.0,3,0.2,1.0
rerank_depth_20,0.0,0.0,0.0,0.0,1.0,0.0,0.0,,,,,,,1.0,,,,,,,,,1.0,0.0,0.0,20.0,2.8864930454496047,0.28700588075237654,11.714141916228035,34,nfcorpus,2.994629455265116,0.016611814498901367,0.8439679145812988,114.63449612528086,0.6280971317444367,75.48097614198923,0.17647058823529413,PLAIN-56,0.0,3,0.18,1.0
bm25_post,1.0,0.0,0.0,0.0,0.0,0.0,0.0,1.0,,,,,,,,,,,,,,,0.0,1.0,0.0,0.0,2.932666811161253,13.868153930414973,21.998537149729508,100,nfcorpus,2.9936607044023176,0.15403014421463013,0.7859207391738892,5.891647274792194,0.5554107697690822,86.91087830811739,0.21212121212121213,PLAIN-68,0.0,6,0.2727272727272727,1.0
dense_post,0.0,0.0,1.0,0.0,0.0,0.0,0.0,,,,,1.0,,,,,,,,,,,0.0,1.0,0.0,0.0,2.932666811161253,13.868153930414973,21.998537149729508,100,nfcorpus,2.9936607044023176,0.15403014421463013,0.7859207391738892,74.57827179804444,0.6971139216378668,86.91087830811739,0.21212121212121213,PLAIN-68,0.0,6,0.2909090909090909,1.0
rrf_post,0.0,0.0,0.0,0.0,0.0,1.0,0.0,,,,,,,,,,1.0,,,,,,0.0,1.0,0.0,0.0,2.932666811161253,13.868153930414973,21.998537149729508,100,nfcorpus,2.9936607044023176,0.15403014421463013,0.7859207391738892,80.52050982713699,0.6250565801664696,86.91087830811739,0.21212121212121213,PLAIN-68,0.0,6,0.3090909090909091,1.0
weighted_post,0.0,0.0,0.0,0.0,0.0,0.0,1.0,,,,,,,,,,,,,,1.0,,0.0,1.0,0.0,0.0,2.932666811161253,13.868153930414973,21.998537149729508,100,nfcorpus,2.9936607044023176,0.15403014421463013,0.7859207391738892,80.64761207550764,0.6299932416988749,86.91087830811739,0.21212121212121213,PLAIN-68,0.0,6,0.3090909090909091,1.0
bm25_pre,1.0,0.0,0.0,0.0,0.0,0.0,0.0,,1.0,,,,,,,,,,,,,,0.0,0.0,1.0,0.0,2.932666811161253,13.868153930414973,21.998537149729508,100,nfcorpus,2.9936607044023176,0.15403014421463013,0.7859207391738892,5.841647274792194,0.5554107697690822,86.91087830811739,0.21212121212121213,PLAIN-68,0.0,6,0.2727272727272727,1.0
dense_pre,0.0,0.0,1.0,0.0,0.0,0.0,0.0,,,,,,1.0,,,,,,,,,,0.0,0.0,1.0,0.0,2.932666811161253,13.868153930414973,21.998537149729508,100,nfcorpus,2.9936607044023176,0.15403014421463013,0.7859207391738892,74.52827179804444,0.6971139216378668,86.91087830811739,0.21212121212121213,PLAIN-68,0.0,6,0.2909090909090909,1.0
dense_e5_base_v2_post,0.0,0.0,1.0,0.0,0.0,0.0,0.0,,,1.0,,,,,,,,,,,,,0.0,1.0,0.0,0.0,2.932666811161253,13.868153930414973,21.998537149729508,100,nfcorpus,2.9936607044023176,0.15403014421463013,0.7859207391738892,103.60689842253923,0.7011342762860499,86.91087830811739,0.21212121212121213,PLAIN-68,0.0,6,0.36363636363636365,1.0
dense_e5_base_v2_pre,0.0,0.0,1.0,0.0,0.0,0.0,0.0,,,,1.0,,,,,,,,,,,,0.0,0.0,1.0,0.0,2.932666811161253,13.868153930414973,21.998537149729508,100,nfcorpus,2.9936607044023176,0.15403014421463013,0.7859207391738892,103.55689842253923,0.7011342762860499,86.91087830811739,0.21212121212121213,PLAIN-68,0.0,6,0.36363636363636365,1.0
rrf_dense_e5_base_v2_post,0.0,0.0,0.0,0.0,0.0,1.0,0.0,,,,,,,,1.0,,,,,,,,0.0,1.0,0.0,0.0,2.932666811161253,13.868153930414973,21.998537149729508,100,nfcorpus,2.9936607044023176,0.15403014421463013,0.7859207391738892,109.53245180770755,0.6738353970701176,86.91087830811739,0.21212121212121213,PLAIN-68,0.0,6,0.34545454545454546,1.0
rrf_dense_e5_base_v2_pre,0.0,0.0,0.0,0.0,0.0,1.0,0.0,,,,,,,,,1.0,,,,,,,0.0,0.0,1.0,0.0,2.932666811161253,13.868153930414973,21.998537149729508,100,nfcorpus,2.9936607044023176,0.15403014421463013,0.7859207391738892,109.47932908311486,0.6738353970701176,86.91087830811739,0.21212121212121213,PLAIN-68,0.0,6,0.34545454545454546,1.0
weighted_dense_e5_base_v2_post,0.0,0.0,0.0,0.0,0.0,0.0,1.0,,,,,,,,,,,,1.0,,,,0.0,1.0,0.0,0.0,2.932666811161253,13.868153930414973,21.998537149729508,100,nfcorpus,2.9936607044023176,0.15403014421463013,0.7859207391738892,109.642629596591,0.6884640551824184,86.91087830811739,0.21212121212121213,PLAIN-68,0.0,6,0.34545454545454546,1.0
weighted_dense_e5_base_v2_pre,0.0,0.0,0.0,0.0,0.0,0.0,1.0,,,,,,,,,,,,,1.0,,,0.0,0.0,1.0,0.0,2.932666811161253,13.868153930414973,21.998537149729508,100,nfcorpus,2.9936607044023176,0.15403014421463013,0.7859207391738892,109.5873755402863,0.6884640551824184,86.91087830811739,0.21212121212121213,PLAIN-68,0.0,6,0.34545454545454546,1.0
rrf_pre,0.0,0.0,0.0,0.0,0.0,1.0,0.0,,,,,,,,,,,1.0,,,,,0.0,0.0,1.0,0.0,2.932666811161253,13.868153930414973,21.998537149729508,100,nfcorpus,2.9936607044023176,0.15403014421463013,0.7859207391738892,80.45799192041159,0.6250565801664696,86.91087830811739,0.21212121212121213,PLAIN-68,0.0,6,0.3090909090909091,1.0
weighted_pre,0.0,0.0,0.0,0.0,0.0,0.0,1.0,,,,,,,,,,,,,,,1.0,0.0,0.0,1.0,0.0,2.932666811161253,13.868153930414973,21.998537149729508,100,nfcorpus,2.9936607044023176,0.15403014421463013,0.7859207391738892,80.57110803201795,0.6299932416988749,86.91087830811739,0.21212121212121213,PLAIN-68,0.0,6,0.3090909090909091,1.0
rerank_depth_20,0.0,0.0,0.0,0.0,1.0,0.0,0.0,,,,,,,1.0,,,,,,,,,1.0,0.0,0.0,20.0,2.932666811161253,13.868153930414973,21.998537149729508,33,nfcorpus,2.9936607044023176,0.15403014421463013,0.7859207391738892,86.30991907283664,0.6299932416988749,86.91087830811739,0.21212121212121213,PLAIN-68,0.0,6,0.12727272727272726,1.0
bm25_post,1.0,0.0,0.0,0.0,0.0,0.0,0.0,1.0,,,,,,,,,,,,,,,0.0,1.0,0.0,0.0,2.979509908247638,2.378280218913307,13.91868631075003,100,nfcorpus,2.995613381284525,0.001713097095489502,0.5399323105812073,7.522068071365356,0.08966284300766812,90.7531906850636,0.05263157894736842,PLAIN-78,0.0,9,0.0967741935483871,1.0
dense_post,0.0,0.0,1.0,0.0,0.0,0.0,0.0,,,,,1.0,,,,,,,,,,,0.0,1.0,0.0,0.0,2.979509908247638,2.378280218913307,13.91868631075003,100,nfcorpus,2.995613381284525,0.001713097095489502,0.5399323105812073,76.25521262288093,0.028285477721672166,90.7531906850636,0.05263157894736842,PLAIN-78,0.0,9,0.11290322580645161,1.0
rrf_post,0.0,0.0,0.0,0.0,0.0,1.0,0.0,,,,,,,,,,1.0,,,,,,0.0,1.0,0.0,0.0,2.979509908247638,2.378280218913307,13.91868631075003,100,nfcorpus,2.995613381284525,0.001713097095489502,0.5399323105812073,83.82778297290206,0.06560688985543606,90.7531906850636,0.05263157894736842,PLAIN-78,0.0,9,0.11290322580645161,1.0
weighted_post,0.0,0.0,0.0,0.0,0.0,0.0,1.0,,,,,,,,,,,,,,1.0,,0.0,1.0,0.0,0.0,2.979509908247638,2.378280218913307,13.91868631075003,100,nfcorpus,2.995613381284525,0.001713097095489502,0.5399323105812073,83.93985879719257,0.05657095544334433,90.7531906850636,0.05263157894736842,PLAIN-78,0.0,9,0.11290322580645161,1.0
bm25_pre,1.0,0.0,0.0,0.0,0.0,0.0,0.0,,1.0,,,,,,,,,,,,,,0.0,0.0,1.0,0.0,2.979509908247638,2.378280218913307,13.91868631075003,100,nfcorpus,2.995613381284525,0.001713097095489502,0.5399323105812073,7.4720680713653564,0.08966284300766812,90.7531906850636,0.05263157894736842,PLAIN-78,0.0,9,0.0967741935483871,1.0
dense_pre,0.0,0.0,1.0,0.0,0.0,0.0,0.0,,,,,,1.0,,,,,,,,,,0.0,0.0,1.0,0.0,2.979509908247638,2.378280218913307,13.91868631075003,100,nfcorpus,2.995613381284525,0.001713097095489502,0.5399323105812073,76.20521262288094,0.028285477721672166,90.7531906850636,0.05263157894736842,PLAIN-78,0.0,9,0.11290322580645161,1.0
dense_e5_base_v2_post,0.0,0.0,1.0,0.0,0.0,0.0,0.0,,,1.0,,,,,,,,,,,,,0.0,1.0,0.0,0.0,2.979509908247638,2.378280218913307,13.91868631075003,100,nfcorpus,2.995613381284525,0.001713097095489502,0.5399323105812073,142.65853920131923,0.08645856977923369,90.7531906850636,0.05263157894736842,PLAIN-78,0.0,9,0.16129032258064516,1.0
dense_e5_base_v2_pre,0.0,0.0,1.0,0.0,0.0,0.0,0.0,,,,1.0,,,,,,,,,,,,0.0,0.0,1.0,0.0,2.979509908247638,2.378280218913307,13.91868631075003,100,nfcorpus,2.995613381284525,0.001713097095489502,0.5399323105812073,142.60853920131922,0.08645856977923369,90.7531906850636,0.05263157894736842,PLAIN-78,0.0,9,0.16129032258064516,1.0
rrf_dense_e5_base_v2_post,0.0,0.0,0.0,0.0,0.0,1.0,0.0,,,,,,,,1.0,,,,,,,,0.0,1.0,0.0,0.0,2.979509908247638,2.378280218913307,13.91868631075003,100,nfcorpus,2.995613381284525,0.001713097095489502,0.5399323105812073,150.21893018037082,0.08966284300766812,90.7531906850636,0.05263157894736842,PLAIN-78,0.0,9,0.11290322580645161,1.0
rrf_dense_e5_base_v2_pre,0.0,0.0,0.0,0.0,0.0,1.0,0.0,,,,,,,,,1.0,,,,,,,0.0,0.0,1.0,0.0,2.979509908247638,2.378280218913307,13.91868631075003,100,nfcorpus,2.995613381284525,0.001713097095489502,0.5399323105812073,150.16472153365612,0.08966284300766812,90.7531906850636,0.05263157894736842,PLAIN-78,0.0,9,0.11290322580645161,1.0
weighted_dense_e5_base_v2_post,0.0,0.0,0.0,0.0,0.0,0.0,1.0,,,,,,,,,,,,1.0,,,,0.0,1.0,0.0,0.0,2.979509908247638,2.378280218913307,13.91868631075003,100,nfcorpus,2.995613381284525,0.001713097095489502,0.5399323105812073,150.3499165095389,0.08966284300766812,90.7531906850636,0.05263157894736842,PLAIN-78,0.0,9,0.14516129032258066,1.0
weighted_dense_e5_base_v2_pre,0.0,0.0,0.0,0.0,0.0,0.0,1.0,,,,,,,,,,,,,1.0,,,0.0,0.0,1.0,0.0,2.979509908247638,2.378280218913307,13.91868631075003,100,nfcorpus,2.995613381284525,0.001713097095489502,0.5399323105812073,150.29052924364805,0.08966284300766812,90.7531906850636,0.05263157894736842,PLAIN-78,0.0,9,0.14516129032258066,1.0
rrf_pre,0.0,0.0,0.0,0.0,0.0,1.0,0.0,,,,,,,,,,,1.0,,,,,0.0,0.0,1.0,0.0,2.979509908247638,2.378280218913307,13.91868631075003,100,nfcorpus,2.995613381284525,0.001713097095489502,0.5399323105812073,83.76400684937835,0.06560688985543606,90.7531906850636,0.05263157894736842,PLAIN-78,0.0,9,0.11290322580645161,1.0
weighted_pre,0.0,0.0,0.0,0.0,0.0,0.0,1.0,,,,,,,,,,,,,,,1.0,0.0,0.0,1.0,0.0,2.979509908247638,2.378280218913307,13.91868631075003,100,nfcorpus,2.995613381284525,0.001713097095489502,0.5399323105812073,83.86926492676139,0.05657095544334433,90.7531906850636,0.05263157894736842,PLAIN-78,0.0,9,0.11290322580645161,1.0
rerank_depth_20,0.0,0.0,0.0,0.0,1.0,0.0,0.0,,,,,,,1.0,,,,,,,,,1.0,0.0,0.0,20.0,2.979509908247638,2.378280218913307,13.91868631075003,38,nfcorpus,2.995613381284525,0.001713097095489502,0.5399323105812073,90.5172806942463,0.05657095544334433,90.7531906850636,0.05263157894736842,PLAIN-78,0.0,9,0.06451612903225806,1.0
bm25_post,1.0,0.0,0.0,0.0,0.0,0.0,0.0,1.0,,,,,,,,,,,,,,,0.0,1.0,0.0,0.0,2.959108529515873,2.7310728632365517,14.480966013339753,100,nfcorpus,2.9952452885872343,0.017333149909973145,0.7502593994140625,5.146374079585075,0.19301170488413455,79.95128910988569,0.08108108108108109,PLAIN-91,0.0,5,0.171875,1.0
dense_post,0.0,0.0,1.0,0.0,0.0,0.0,0.0,,,,,1.0,,,,,,,,,,,0.0,1.0,0.0,0.0,2.959108529515873,2.7310728632365517,14.480966013339753,100,nfcorpus,2.9952452885872343,0.017333149909973145,0.7502593994140625,90.08798384219408,0.5031066902248378,79.95128910988569,0.08108108108108109,PLAIN-91,0.0,5,0.34375,1.0
rrf_post,0.0,0.0,0.0,0.0,0.0,1.0,0.0,,,,,,,,,,1.0,,,,,,0.0,1.0,0.0,0.0,2.959108529515873,2.7310728632365517,14.480966013339753,100,nfcorpus,2.9952452885872343,0.017333149909973145,0.7502593994140625,95.28035958409309,0.36424994214528106,79.95128910988569,0.08108108108108109,PLAIN-91,0.0,5,0.296875,1.0
weighted_post,0.0,0.0,0.0,0.0,0.0,0.0,1.0,,,,,,,,,,,,,,1.0,,0.0,1.0,0.0,0.0,2.959108529515873,2.7310728632365517,14.480966013339753,100,nfcorpus,2.9952452885872343,0.017333149909973145,0.7502593994140625,95.3814108774066,0.4525643471269905,79.95128910988569,0.08108108108108109,PLAIN-91,0.0,5,0.3125,1.0
bm25_pre,1.0,0.0,0.0,0.0,0.0,0.0,0.0,,1.0,,,,,,,,,,,,,,0.0,0.0,1.0,0.0,2.959108529515873,2.7310728632365517,14.480966013339753,100,nfcorpus,2.9952452885872343,0.017333149909973145,0.7502593994140625,5.096374079585075,0.19301170488413455,79.95128910988569,0.08108108108108109,PLAIN-91,0.0,5,0.171875,1.0
dense_pre,0.0,0.0,1.0,0.0,0.0,0.0,0.0,,,,,,1.0,,,,,,,,,,0.0,0.0,1.0,0.0,2.959108529515873,2.7310728632365517,14.480966013339753,100,nfcorpus,2.9952452885872343,0.017333149909973145,0.7502593994140625,90.03798384219408,0.5031066902248378,79.95128910988569,0.08108108108108109,PLAIN-91,0.0,5,0.34375,1.0
dense_e5_base_v2_post,0.0,0.0,1.0,0.0,0.0,0.0,0.0,,,1.0,,,,,,,,,,,,,0.0,1.0,0.0,0.0,2.959108529515873,2.7310728632365517,14.480966013339753,100,nfcorpus,2.9952452885872343,0.017333149909973145,0.7502593994140625,91.7105950333178,0.5134169219772491,79.95128910988569,0.08108108108108109,PLAIN-91,0.0,5,0.375,1.0
dense_e5_base_v2_pre,0.0,0.0,1.0,0.0,0.0,0.0,0.0,,,,1.0,,,,,,,,,,,,0.0,0.0,1.0,0.0,2.959108529515873,2.7310728632365517,14.480966013339753,100,nfcorpus,2.9952452885872343,0.017333149909973145,0.7502593994140625,91.6605950333178,0.5134169219772491,79.95128910988569,0.08108108108108109,PLAIN-91,0.0,5,0.375,1.0
rrf_dense_e5_base_v2_post,0.0,0.0,0.0,0.0,0.0,1.0,0.0,,,,,,,,1.0,,,,,,,,0.0,1.0,0.0,0.0,2.959108529515873,2.7310728632365517,14.480966013339753,100,nfcorpus,2.9952452885872343,0.017333149909973145,0.7502593994140625,96.91490707099437,0.39844915229176775,79.95128910988569,0.08108108108108109,PLAIN-91,0.0,5,0.34375,1.0
rrf_dense_e5_base_v2_pre,0.0,0.0,0.0,0.0,0.0,1.0,0.0,,,,,,,,,1.0,,,,,,,0.0,0.0,1.0,0.0,2.959108529515873,2.7310728632365517,14.480966013339753,100,nfcorpus,2.9952452885872343,0.017333149909973145,0.7502593994140625,96.8382703140378,0.39844915229176775,79.95128910988569,0.08108108108108109,PLAIN-91,0.0,5,0.34375,1.0
weighted_dense_e5_base_v2_post,0.0,0.0,0.0,0.0,0.0,0.0,1.0,,,,,,,,,,,,1.0,,,,0.0,1.0,0.0,0.0,2.959108529515873,2.7310728632365517,14.480966013339753,100,nfcorpus,2.9952452885872343,0.017333149909973145,0.7502593994140625,96.99090904667973,0.42282568262639997,79.95128910988569,0.08108108108108109,PLAIN-91,0.0,5,0.359375,1.0
weighted_dense_e5_base_v2_pre,0.0,0.0,0.0,0.0,0.0,0.0,1.0,,,,,,,,,,,,,1.0,,,0.0,0.0,1.0,0.0,2.959108529515873,2.7310728632365517,14.480966013339753,100,nfcorpus,2.9952452885872343,0.017333149909973145,0.7502593994140625,96.941736061126,0.42282568262639997,79.95128910988569,0.08108108108108109,PLAIN-91,0.0,5,0.359375,1.0
rrf_pre,0.0,0.0,0.0,0.0,0.0,1.0,0.0,,,,,,,,,,,1.0,,,,,0.0,0.0,1.0,0.0,2.959108529515873,2.7310728632365517,14.480966013339753,100,nfcorpus,2.9952452885872343,0.017333149909973145,0.7502593994140625,95.21720837801695,0.36424994214528106,79.95128910988569,0.08108108108108109,PLAIN-91,0.0,5,0.296875,1.0
weighted_pre,0.0,0.0,0.0,0.0,0.0,0.0,1.0,,,,,,,,,,,,,,,1.0,0.0,0.0,1.0,0.0,2.959108529515873,2.7310728632365517,14.480966013339753,100,nfcorpus,2.9952452885872343,0.017333149909973145,0.7502593994140625,95.31317185610533,0.4525643471269905,79.95128910988569,0.08108108108108109,PLAIN-91,0.0,5,0.3125,1.0
rerank_depth_20,0.0,0.0,0.0,0.0,1.0,0.0,0.0,,,,,,,1.0,,,,,,,,,1.0,0.0,0.0,20.0,2.959108529515873,2.7310728632365517,14.480966013339753,37,nfcorpus,2.9952452885872343,0.017333149909973145,0.7502593994140625,101.79435792177915,0.4283861794350274,79.95128910988569,0.08108108108108109,PLAIN-91,0.0,5,0.203125,1.0
bm25_post,1.0,0.0,0.0,0.0,0.0,0.0,0.0,1.0,,,,,,,,,,,,,,,0.0,1.0,0.0,0.0,2.9703174805822687,0.0,12.091583978148389,100,nfcorpus,2.995580902395964,0.005422413349151611,0.739277720451355,4.933491899818182,0.14868624537844896,90.63091361895204,0.17647058823529413,PLAIN-102,0.0,5,0.08333333333333333,1.0
dense_post,0.0,0.0,1.0,0.0,0.0,0.0,0.0,,,,,1.0,,,,,,,,,,,0.0,1.0,0.0,0.0,2.9703174805822687,0.0,12.091583978148389,100,nfcorpus,2.995580902395964,0.005422413349151611,0.739277720451355,94.66895795539021,0.06405806144605247,90.63091361895204,0.17647058823529413,PLAIN-102,0.0,5,0.20833333333333334,1.0
rrf_post,0.0,0.0,0.0,0.0,0.0,1.0,0.0,,,,,,,,,,1.0,,,,,,0.0,1.0,0.0,0.0,2.9703174805822687,0.0,12.091583978148389,100,nfcorpus,2.995580902395964,0.005422413349151611,0.739277720451355,99.64667781367898,0.12811612289210494,90.63091361895204,0.17647058823529413,PLAIN-102,0.0,5,0.16666666666666666,1.0
weighted_post,0.0,0.0,0.0,0.0,0.0,0.0,1.0,,,,,,,,,,,,,,1.0,,0.0,1.0,0.0,0.0,2.9703174805822687,0.0,12.091583978148389,100,nfcorpus,2.995580902395964,0.005422413349151611,0.739277720451355,99.74375701621175,0.1872530412971454,90.63091361895204,0.17647058823529413,PLAIN-102,0.0,5,0.16666666666666666,1.0
bm25_pre,1.0,0.0,0.0,0.0,0.0,0.0,0.0,,1.0,,,,,,,,,,,,,,0.0,0.0,1.0,0.0,2.9703174805822687,0.0,12.091583978148389,100,nfcorpus,2.995580902395964,0.005422413349151611,0.739277720451355,4.883491899818182,0.14868624537844896,90.63091361895204,0.17647058823529413,PLAIN-102,0.0,5,0.08333333333333333,1.0
dense_pre,0.0,0.0,1.0,0.0,0.0,0.0,0.0,,,,,,1.0,,,,,,,,,,0.0,0.0,1.0,0.0,2.9703174805822687,0.0,12.091583978148389,100,nfcorpus,2.995580902395964,0.005422413349151611,0.739277720451355,94.61895795539021,0.06405806144605247,90.63091361895204,0.17647058823529413,PLAIN-102,0.0,5,0.20833333333333334,1.0
dense_e5_base_v2_post,0.0,0.0,1.0,0.0,0.0,0.0,0.0,,,1.0,,,,,,,,,,,,,0.0,1.0,0.0,0.0,2.9703174805822687,0.0,12.091583978148389,100,nfcorpus,2.995580902395964,0.005422413349151611,0.739277720451355,101.16628612503409,0.06405806144605247,90.63091361895204,0.17647058823529413,PLAIN-102,0.0,5,0.125,1.0
dense_e5_base_v2_pre,0.0,0.0,1.0,0.0,0.0,0.0,0.0,,,,1.0,,,,,,,,,,,,0.0,0.0,1.0,0.0,2.9703174805822687,0.0,12.091583978148389,100,nfcorpus,2.995580902395964,0.005422413349151611,0.739277720451355,101.1162861250341,0.06405806144605247,90.63091361895204,0.17647058823529413,PLAIN-102,0.0,5,0.125,1.0
rrf_dense_e5_base_v2_post,0.0,0.0,0.0,0.0,0.0,1.0,0.0,,,,,,,,1.0,,,,,,,,0.0,1.0,0.0,0.0,2.9703174805822687,0.0,12.091583978148389,100,nfcorpus,2.995580902395964,0.005422413349151611,0.739277720451355,106.13089389279484,0.13690765127574717,90.63091361895204,0.17647058823529413,PLAIN-102,0.0,5,0.08333333333333333,1.0
rrf_dense_e5_base_v2_pre,0.0,0.0,0.0,0.0,0.0,1.0,0.0,,,,,,,,,1.0,,,,,,,0.0,0.0,1.0,0.0,2.9703174805822687,0.0,12.091583978148389,100,nfcorpus,2.995580902395964,0.005422413349151611,0.739277720451355,106.07727896422148,0.13690765127574717,90.63091361895204,0.17647058823529413,PLAIN-102,0.0,5,0.08333333333333333,1.0
weighted_dense_e5_base_v2_post,0.0,0.0,0.0,0.0,0.0,0.0,1.0,,,,,,,,,,,,1.0,,,,0.0,1.0,0.0,0.0,2.9703174805822687,0.0,12.091583978148389,100,nfcorpus,2.995580902395964,0.005422413349151611,0.739277720451355,106.22684805765748,0.18572011019077644,90.63091361895204,0.17647058823529413,PLAIN-102,0.0,5,0.08333333333333333,1.0
weighted_dense_e5_base_v2_pre,0.0,0.0,0.0,0.0,0.0,0.0,1.0,,,,,,,,,,,,,1.0,,,0.0,0.0,1.0,0.0,2.9703174805822687,0.0,12.091583978148389,100,nfcorpus,2.995580902395964,0.005422413349151611,0.739277720451355,106.17103893309832,0.18572011019077644,90.63091361895204,0.17647058823529413,PLAIN-102,0.0,5,0.08333333333333333,1.0
rrf_pre,0.0,0.0,0.0,0.0,0.0,1.0,0.0,,,,,,,,,,,1.0,,,,,0.0,0.0,1.0,0.0,2.9703174805822687,0.0,12.091583978148389,100,nfcorpus,2.995580902395964,0.005422413349151611,0.739277720451355,99.58235267549753,0.12811612289210494,90.63091361895204,0.17647058823529413,PLAIN-102,0.0,5,0.16666666666666666,1.0
weighted_pre,0.0,0.0,0.0,0.0,0.0,0.0,1.0,,,,,,,,,,,,,,,1.0,0.0,0.0,1.0,0.0,2.9703174805822687,0.0,12.091583978148389,100,nfcorpus,2.995580902395964,0.005422413349151611,0.739277720451355,99.67462765052915,0.1872530412971454,90.63091361895204,0.17647058823529413,PLAIN-102,0.0,5,0.16666666666666666,1.0
rerank_depth_20,0.0,0.0,0.0,0.0,1.0,0.0,0.0,,,,,,,1.0,,,,,,,,,1.0,0.0,0.0,20.0,2.9703174805822687,0.0,12.091583978148389,34,nfcorpus,2.995580902395964,0.005422413349151611,0.739277720451355,105.6224498552084,0.1872530412971454,90.63091361895204,0.17647058823529413,PLAIN-102,0.0,5,0.125,1.0
bm25_post,1.0,0.0,0.0,0.0,0.0,0.0,0.0,1.0,,,,,,,,,,,,,,,0.0,1.0,0.0,0.0,2.6290424145631883,12.398525796778161,25.46699671623459,100,nfcorpus,2.9932345440901975,0.08187371492385864,0.9025205373764038,3.9390098221600054,0.5061450999633265,75.0334276817739,0.14285714285714285,PLAIN-112,0.0,4,0.14285714285714285,1.0
dense_post,0.0,0.0,1.0,0.0,0.0,0.0,0.0,,,,,1.0,,,,,,,,,,,0.0,1.0,0.0,0.0,2.6290424145631883,12.398525796778161,25.46699671623459,100,nfcorpus,2.9932345440901975,0.08187371492385864,0.9025205373764038,80.94702716097235,0.708433348447037,75.0334276817739,0.14285714285714285,PLAIN-112,0.0,4,0.16071428571428573,1.0
rrf_post,0.0,0.0,0.0,0.0,0.0,1.0,0.0,,,,,,,,,,1.0,,,,,,0.0,1.0,0.0,0.0,2.6290424145631883,12.398525796778161,25.46699671623459,100,nfcorpus,2.9932345440901975,0.08187371492385864,0.9025205373764038,84.93557115197181,0.5818380568946354,75.0334276817739,0.14285714285714285,PLAIN-112,0.0,4,0.14285714285714285,1.0
weighted_post,0.0,0.0,0.0,0.0,0.0,0.0,1.0,,,,,,,,,,,,,,1.0,,0.0,1.0,0.0,0.0,2.6290424145631883,12.398525796778161,25.46699671623459,100,nfcorpus,2.9932345440901975,0.08187371492385864,0.9025205373764038,85.04414101243019,0.6854478064369686,75.0334276817739,0.14285714285714285,PLAIN-112,0.0,4,0.14285714285714285,1.0
bm25_pre,1.0,0.0,0.0,0.0,0.0,0.0,0.0,,1.0,,,,,,,,,,,,,,0.0,0.0,1.0,0.0,2.6290424145631883,12.398525796778161,25.46699671623459,100,nfcorpus,2.9932345440901975,0.08187371492385864,0.9025205373764038,3.8890098221600056,0.5061450999633265,75.0334276817739,0.14285714285714285,PLAIN-112,0.0,4,0.14285714285714285,1.0
dense_pre,0.0,0.0,1.0,0.0,0.0,0.0,0.0,,,,,,1.0,,,,,,,,,,0.0,0.0,1.0,0.0,2.6290424145631883,12.398525796778161,25.46699671623459,100,nfcorpus,2.9932345440901975,0.08187371492385864,0.9025205373764038,80.89702716097236,0.708433348447037,75.0334276817739,0.14285714285714285,PLAIN-112,0.0,4,0.16071428571428573,1.0
dense_e5_base_v2_post,0.0,0.0,1.0,0.0,0.0,0.0,0.0,,,1.0,,,,,,,,,,,,,0.0,1.0,0.0,0.0,2.6290424145631883,12.398525796778161,25.46699671623459,100,nfcorpus,2.9932345440901975,0.08187371492385864,0.9025205373764038,108.81083234325051,0.7283740787693973,75.0334276817739,0.14285714285714285,PLAIN-112,0.0,4,0.17857142857142858,1.0
dense_e5_base_v2_pre,0.0,0.0,1.0,0.0,0.0,0.0,0.0,,,,1.0,,,,,,,,,,,,0.0,0.0,1.0,0.0,2.6290424145631883,12.398525796778161,25.46699671623459,100,nfcorpus,2.9932345440901975,0.08187371492385864,0.9025205373764038,108.76083234325051,0.7283740787693973,75.0334276817739,0.14285714285714285,PLAIN-112,0.0,4,0.17857142857142858,1.0
rrf_dense_e5_base_v2_post,0.0,0.0,0.0,0.0,0.0,1.0,0.0,,,,,,,,1.0,,,,,,,,0.0,1.0,0.0,0.0,2.6290424145631883,12.398525796778161,25.46699671623459,100,nfcorpus,2.9932345440901975,0.08187371492385864,0.9025205373764038,112.78636110126972,0.5461639199768891,75.0334276817739,0.14285714285714285,PLAIN-112,0.0,4,0.14285714285714285,1.0
rrf_dense_e5_base_v2_pre,0.0,0.0,0.0,0.0,0.0,1.0,0.0,,,,,,,,,1.0,,,,,,,0.0,0.0,1.0,0.0,2.6290424145631883,12.398525796778161,25.46699671623459,100,nfcorpus,2.9932345440901975,0.08187371492385864,0.9025205373764038,112.73393547162414,0.5461639199768891,75.0334276817739,0.14285714285714285,PLAIN-112,0.0,4,0.14285714285714285,1.0
weighted_dense_e5_base_v2_post,0.0,0.0,0.0,0.0,0.0,0.0,1.0,,,,,,,,,,,,1.0,,,,0.0,1.0,0.0,0.0,2.6290424145631883,12.398525796778161,25.46699671623459,100,nfcorpus,2.9932345440901975,0.08187371492385864,0.9025205373764038,112.88949809148907,0.7105590766645686,75.0334276817739,0.14285714285714285,PLAIN-112,0.0,4,0.16071428571428573,1.0
weighted_dense_e5_base_v2_pre,0.0,0.0,0.0,0.0,0.0,0.0,1.0,,,,,,,,,,,,,1.0,,,0.0,0.0,1.0,0.0,2.6290424145631883,12.398525796778161,25.46699671623459,100,nfcorpus,2.9932345440901975,0.08187371492385864,0.9025205373764038,112.83632041886449,0.7105590766645686,75.0334276817739,0.14285714285714285,PLAIN-112,0.0,4,0.16071428571428573,1.0
rrf_pre,0.0,0.0,0.0,0.0,0.0,1.0,0.0,,,,,,,,,,,1.0,,,,,0.0,0.0,1.0,0.0,2.6290424145631883,12.398525796778161,25.46699671623459,100,nfcorpus,2.9932345440901975,0.08187371492385864,0.9025205373764038,84.87064577639103,0.5818380568946354,75.0334276817739,0.14285714285714285,PLAIN-112,0.0,4,0.14285714285714285,1.0
weighted_pre,0.0,0.0,0.0,0.0,0.0,0.0,1.0,,,,,,,,,,,,,,,1.0,0.0,0.0,1.0,0.0,2.6290424145631883,12.398525796778161,25.46699671623459,100,nfcorpus,2.9932345440901975,0.08187371492385864,0.9025205373764038,84.9741268903017,0.6854478064369686,75.0334276817739,0.14285714285714285,PLAIN-112,0.0,4,0.14285714285714285,1.0
rerank_depth_20,0.0,0.0,0.0,0.0,1.0,0.0,0.0,,,,,,,1.0,,,,,,,,,1.0,0.0,0.0,20.0,2.6290424145631883,12.398525796778161,25.46699671623459,35,nfcorpus,2.9932345440901975,0.08187371492385864,0.9025205373764038,91.08603698313236,0.6854478064369686,75.0334276817739,0.14285714285714285,PLAIN-112,0.0,4,0.10714285714285714,1.0
bm25_post,1.0,0.0,0.0,0.0,0.0,0.0,0.0,1.0,,,,,,,,,,,,,,,0.0,1.0,0.0,0.0,2.9688882194985986,4.89391987522875,16.1904634694444,100,nfcorpus,2.9951676206468716,0.011495232582092285,0.7012085914611816,6.966231010109186,0.031938549095869656,72.03480647876859,0.08108108108108109,PLAIN-123,0.0,8,0.11764705882352941,1.0
dense_post,0.0,0.0,1.0,0.0,0.0,0.0,0.0,,,,,1.0,,,,,,,,,,,0.0,1.0,0.0,0.0,2.9688882194985986,4.89391987522875,16.1904634694444,100,nfcorpus,2.9951676206468716,0.011495232582092285,0.7012085914611816,92.63843213319778,0.09774100088683225,72.03480647876859,0.08108108108108109,PLAIN-123,0.0,8,0.13725490196078433,1.0
rrf_post,0.0,0.0,0.0,0.0,0.0,1.0,0.0,,,,,,,,,,1.0,,,,,,0.0,1.0,0.0,0.0,2.9688882194985986,4.89391987522875,16.1904634694444,100,nfcorpus,2.9951676206468716,0.011495232582092285,0.7012085914611816,99.65574936121702,0.08966284300766812,72.03480647876859,0.08108108108108109,PLAIN-123,0.0,8,0.19607843137254902,1.0
weighted_post,0.0,0.0,0.0,0.0,0.0,0.0,1.0,,,,,,,,,,,,,,1.0,,0.0,1.0,0.0,0.0,2.9688882194985986,4.89391987522875,16.1904634694444,100,nfcorpus,2.9951676206468716,0.011495232582092285,0.7012085914611816,99.77527902573347,0.08966284300766812,72.03480647876859,0.08108108108108109,PLAIN-123,0.0,8,0.19607843137254902,1.0
bm25_pre,1.0,0.0,0.0,0.0,0.0,0.0,0.0,,1.0,,,,,,,,,,,,,,0.0,0.0,1.0,0.0,2.9688882194985986,4.89391987522875,16.1904634694444,100,nfcorpus,2.9951676206468716,0.011495232582092285,0.7012085914611816,6.916231010109186,0.031938549095869656,72.03480647876859,0.08108108108108109,PLAIN-123,0.0,8,0.11764705882352941,1.0
dense_pre,0.0,0.0,1.0,0.0,0.0,0.0,0.0,,,,,,1.0,,,,,,,,,,0.0,0.0,1.0,0.0,2.9688882194985986,4.89391987522875,16.1904634694444,100,nfcorpus,2.9951676206468716,0.011495232582092285,0.7012085914611816,92.58843213319778,0.09774100088683225,72.03480647876859,0.08108108108108109,PLAIN-123,0.0,8,0.13725490196078433,1.0
dense_e5_base_v2_post,0.0,0.0,1.0,0.0,0.0,0.0,0.0,,,1.0,,,,,,,,,,,,,0.0,1.0,0.0,0.0,2.9688882194985986,4.89391987522875,16.1904634694444,100,nfcorpus,2.9951676206468716,0.011495232582092285,0.7012085914611816,101.88960385620594,0.24524601731066126,72.03480647876859,0.08108108108108109,PLAIN-123,0.0,8,0.17647058823529413,1.0
dense_e5_base_v2_pre,0.0,0.0,1.0,0.0,0.0,0.0,0.0,,,,1.0,,,,,,,,,,,,0.0,0.0,1.0,0.0,2.9688882194985986,4.89391987522875,16.1904634694444,100,nfcorpus,2.9951676206468716,0.011495232582092285,0.7012085914611816,101.83960385620594,0.24524601731066126,72.03480647876859,0.08108108108108109,PLAIN-123,0.0,8,0.17647058823529413,1.0
rrf_dense_e5_base_v2_post,0.0,0.0,0.0,0.0,0.0,1.0,0.0,,,,,,,,1.0,,,,,,,,0.0,1.0,0.0,0.0,2.9688882194985986,4.89391987522875,16.1904634694444,100,nfcorpus,2.9951676206468716,0.011495232582092285,0.7012085914611816,108.91256024241447,0.04483142150383406,72.03480647876859,0.08108108108108109,PLAIN-123,0.0,8,0.23529411764705882,1.0
rrf_dense_e5_base_v2_pre,0.0,0.0,0.0,0.0,0.0,1.0,0.0,,,,,,,,,1.0,,,,,,,0.0,0.0,1.0,0.0,2.9688882194985986,4.89391987522875,16.1904634694444,100,nfcorpus,2.9951676206468716,0.011495232582092285,0.7012085914611816,108.84335683658719,0.04483142150383406,72.03480647876859,0.08108108108108109,PLAIN-123,0.0,8,0.23529411764705882,1.0
weighted_dense_e5_base_v2_post,0.0,0.0,0.0,0.0,0.0,0.0,1.0,,,,,,,,,,,,1.0,,,,0.0,1.0,0.0,0.0,2.9688882194985986,4.89391987522875,16.1904634694444,100,nfcorpus,2.9951676206468716,0.011495232582092285,0.7012085914611816,109.01349605172872,0.13943265018750384,72.03480647876859,0.08108108108108109,PLAIN-123,0.0,8,0.23529411764705882,1.0
weighted_dense_e5_base_v2_pre,0.0,0.0,0.0,0.0,0.0,0.0,1.0,,,,,,,,,,,,,1.0,,,0.0,0.0,1.0,0.0,2.9688882194985986,4.89391987522875,16.1904634694444,100,nfcorpus,2.9951676206468716,0.011495232582092285,0.7012085914611816,108.95937262102962,0.13943265018750384,72.03480647876859,0.08108108108108109,PLAIN-123,0.0,8,0.23529411764705882,1.0
rrf_pre,0.0,0.0,0.0,0.0,0.0,1.0,0.0,,,,,,,,,,,1.0,,,,,0.0,0.0,1.0,0.0,2.9688882194985986,4.89391987522875,16.1904634694444,100,nfcorpus,2.9951676206468716,0.011495232582092285,0.7012085914611816,99.59308011457324,0.08966284300766812,72.03480647876859,0.08108108108108109,PLAIN-123,0.0,8,0.19607843137254902,1.0
weighted_pre,0.0,0.0,0.0,0.0,0.0,0.0,1.0,,,,,,,,,,,,,,,1.0,0.0,0.0,1.0,0.0,2.9688882194985986,4.89391987522875,16.1904634694444,100,nfcorpus,2.9951676206468716,0.011495232582092285,0.7012085914611816,99.71222188323736,0.08966284300766812,72.03480647876859,0.08108108108108109,PLAIN-123,0.0,8,0.19607843137254902,1.0
rerank_depth_20,0.0,0.0,0.0,0.0,1.0,0.0,0.0,,,,,,,1.0,,,,,,,,,1.0,0.0,0.0,20.0,2.9688882194985986,4.89391987522875,16.1904634694444,37,nfcorpus,2.9951676206468716,0.011495232582092285,0.7012085914611816,106.16466314330697,0.08966284300766812,72.03480647876859,0.08108108108108109,PLAIN-123,0.0,8,0.058823529411764705,1.0
bm25_post,1.0,0.0,0.0,0.0,0.0,0.0,0.0,1.0,,,,,,,,,,,,,,,0.0,1.0,0.0,0.0,2.990007468222442,0.44762445685105234,8.88823537865095,100,nfcorpus,2.9956094061648044,0.013411641120910645,0.6783848404884338,5.871569822728634,0.0,117.51598306000233,0.08108108108108109,PLAIN-133,0.0,6,0.05555555555555555,1.0
dense_post,0.0,0.0,1.0,0.0,0.0,0.0,0.0,,,,,1.0,,,,,,,,,,,0.0,1.0,0.0,0.0,2.990007468222442,0.44762445685105234,8.88823537865095,100,nfcorpus,2.9956094061648044,0.013411641120910645,0.6783848404884338,82.14929475560784,0.46863653747346673,117.51598306000233,0.08108108108108109,PLAIN-133,0.0,6,0.1111111111111111,1.0
rrf_post,0.0,0.0,0.0,0.0,0.0,1.0,0.0,,,,,,,,,,1.0,,,,,,0.0,1.0,0.0,0.0,2.990007468222442,0.44762445685105234,8.88823537865095,100,nfcorpus,2.9956094061648044,0.013411641120910645,0.6783848404884338,88.07030049264431,0.0,117.51598306000233,0.08108108108108109,PLAIN-133,0.0,6,0.1388888888888889,1.0
weighted_post,0.0,0.0,0.0,0.0,0.0,0.0,1.0,,,,,,,,,,,,,,1.0,,0.0,1.0,0.0,0.0,2.990007468222442,0.44762445685105234,8.88823537865095,100,nfcorpus,2.9956094061648044,0.013411641120910645,0.6783848404884338,88.18089737668633,0.11115951480882888,117.51598306000233,0.08108108108108109,PLAIN-133,0.0,6,0.1111111111111111,1.0
bm25_pre,1.0,0.0,0.0,0.0,0.0,0.0,0.0,,1.0,,,,,,,,,,,,,,0.0,0.0,1.0,0.0,2.990007468222442,0.44762445685105234,8.88823537865095,100,nfcorpus,2.9956094061648044,0.013411641120910645,0.6783848404884338,5.821569822728634,0.0,117.51598306000233,0.08108108108108109,PLAIN-133,0.0,6,0.05555555555555555,1.0
dense_pre,0.0,0.0,1.0,0.0,0.0,0.0,0.0,,,,,,1.0,,,,,,,,,,0.0,0.0,1.0,0.0,2.990007468222442,0.44762445685105234,8.88823537865095,100,nfcorpus,2.9956094061648044,0.013411641120910645,0.6783848404884338,82.09929475560784,0.46863653747346673,117.51598306000233,0.08108108108108109,PLAIN-133,0.0,6,0.1111111111111111,1.0
dense_e5_base_v2_post,0.0,0.0,1.0,0.0,0.0,0.0,0.0,,,1.0,,,,,,,,,,,,,0.0,1.0,0.0,0.0,2.990007468222442,0.44762445685105234,8.88823537865095,100,nfcorpus,2.9956094061648044,0.013411641120910645,0.6783848404884338,107.99494999572634,0.10235370494891942,117.51598306000233,0.08108108108108109,PLAIN-133,0.0,6,0.1388888888888889,1.0
dense_e5_base_v2_pre,0.0,0.0,1.0,0.0,0.0,0.0,0.0,,,,1.0,,,,,,,,,,,,0.0,0.0,1.0,0.0,2.990007468222442,0.44762445685105234,8.88823537865095,100,nfcorpus,2.9956094061648044,0.013411641120910645,0.6783848404884338,107.94494999572635,0.10235370494891942,117.51598306000233,0.08108108108108109,PLAIN-133,0.0,6,0.1388888888888889,1.0
rrf_dense_e5_base_v2_post,0.0,0.0,0.0,0.0,0.0,1.0,0.0,,,,,,,,1.0,,,,,,,,0.0,1.0,0.0,0.0,2.990007468222442,0.44762445685105234,8.88823537865095,100,nfcorpus,2.9956094061648044,0.013411641120910645,0.6783848404884338,113.904028750211,0.0,117.51598306000233,0.08108108108108109,PLAIN-133,0.0,6,0.1388888888888889,1.0
rrf_dense_e5_base_v2_pre,0.0,0.0,0.0,0.0,0.0,1.0,0.0,,,,,,,,,1.0,,,,,,,0.0,0.0,1.0,0.0,2.990007468222442,0.44762445685105234,8.88823537865095,100,nfcorpus,2.9956094061648044,0.013411641120910645,0.6783848404884338,113.85148204863071,0.0,117.51598306000233,0.08108108108108109,PLAIN-133,0.0,6,0.1388888888888889,1.0
weighted_dense_e5_base_v2_post,0.0,0.0,0.0,0.0,0.0,0.0,1.0,,,,,,,,,,,,1.0,,,,0.0,1.0,0.0,0.0,2.990007468222442,0.44762445685105234,8.88823537865095,100,nfcorpus,2.9956094061648044,0.013411641120910645,0.6783848404884338,114.01048869937658,0.0,117.51598306000233,0.08108108108108109,PLAIN-133,0.0,6,0.1388888888888889,1.0
weighted_dense_e5_base_v2_pre,0.0,0.0,0.0,0.0,0.0,0.0,1.0,,,,,,,,,,,,,1.0,,,0.0,0.0,1.0,0.0,2.990007468222442,0.44762445685105234,8.88823537865095,100,nfcorpus,2.9956094061648044,0.013411641120910645,0.6783848404884338,113.95692592486739,0.0,117.51598306000233,0.08108108108108109,PLAIN-133,0.0,6,0.1388888888888889,1.0
rrf_pre,0.0,0.0,0.0,0.0,0.0,1.0,0.0,,,,,,,,,,,1.0,,,,,0.0,0.0,1.0,0.0,2.990007468222442,0.44762445685105234,8.88823537865095,100,nfcorpus,2.9956094061648044,0.013411641120910645,0.6783848404884338,88.007184676826,0.0,117.51598306000233,0.08108108108108109,PLAIN-133,0.0,6,0.1388888888888889,1.0
weighted_pre,0.0,0.0,0.0,0.0,0.0,0.0,1.0,,,,,,,,,,,,,,,1.0,0.0,0.0,1.0,0.0,2.990007468222442,0.44762445685105234,8.88823537865095,100,nfcorpus,2.9956094061648044,0.013411641120910645,0.6783848404884338,88.1123747676611,0.11115951480882888,117.51598306000233,0.08108108108108109,PLAIN-133,0.0,6,0.1111111111111111,1.0
rerank_depth_20,0.0,0.0,0.0,0.0,1.0,0.0,0.0,,,,,,,1.0,,,,,,,,,1.0,0.0,0.0,20.0,2.990007468222442,0.44762445685105234,8.88823537865095,37,nfcorpus,2.9956094061648044,0.013411641120910645,0.6783848404884338,94.58086457833647,0.10235370494891942,117.51598306000233,0.08108108108108109,PLAIN-133,0.0,6,0.1111111111111111,1.0
bm25_post,1.0,0.0,0.0,0.0,0.0,0.0,0.0,1.0,,,,,,,,,,,,,,,0.0,1.0,0.0,0.0,2.9205510525808367,12.723948635997374,24.82840291844336,100,nfcorpus,2.993883086699944,0.006032049655914307,0.7622565627098083,6.896639793366194,0.5212560199520619,95.10685596615076,0.21212121212121213,PLAIN-143,0.0,5,0.09803921568627451,1.0
dense_post,0.0,0.0,1.0,0.0,0.0,0.0,0.0,,,,,1.0,,,,,,,,,,,0.0,1.0,0.0,0.0,2.9205510525808367,12.723948635997374,24.82840291844336,100,nfcorpus,2.993883086699944,0.006032049655914307,0.7622565627098083,74.2233000613749,0.779032129368419,95.10685596615076,0.21212121212121213,PLAIN-143,0.0,5,0.2549019607843137,1.0
rrf_post,0.0,0.0,0.0,0.0,0.0,1.0,0.0,,,,,,,,,,1.0,,,,,,0.0,1.0,0.0,0.0,2.9205510525808367,12.723948635997374,24.82840291844336,100,nfcorpus,2.993883086699944,0.006032049655914307,0.7622565627098083,81.1649999499321,0.6316991638553519,95.10685596615076,0.21212121212121213,PLAIN-143,0.0,5,0.23529411764705882,1.0
weighted_post,0.0,0.0,0.0,0.0,0.0,0.0,1.0,,,,,,,,,,,,,,1.0,,0.0,1.0,0.0,0.0,2.9205510525808367,12.723948635997374,24.82840291844336,100,nfcorpus,2.993883086699944,0.006032049655914307,0.7622565627098083,81.27138073667884,0.7336086259542746,95.10685596615076,0.21212121212121213,PLAIN-143,0.0,5,0.23529411764705882,1.0
bm25_pre,1.0,0.0,0.0,0.0,0.0,0.0,0.0,,1.0,,,,,,,,,,,,,,0.0,0.0,1.0,0.0,2.9205510525808367,12.723948635997374,24.82840291844336,100,nfcorpus,2.993883086699944,0.006032049655914307,0.7622565627098083,6.846639793366194,0.5212560199520619,95.10685596615076,0.21212121212121213,PLAIN-143,0.0,5,0.09803921568627451,1.0
dense_pre,0.0,0.0,1.0,0.0,0.0,0.0,0.0,,,,,,1.0,,,,,,,,,,0.0,0.0,1.0,0.0,2.9205510525808367,12.723948635997374,24.82840291844336,100,nfcorpus,2.993883086699944,0.006032049655914307,0.7622565627098083,74.1733000613749,0.779032129368419,95.10685596615076,0.21212121212121213,PLAIN-143,0.0,5,0.2549019607843137,1.0
dense_e5_base_v2_post,0.0,0.0,1.0,0.0,0.0,0.0,0.0,,,1.0,,,,,,,,,,,,,0.0,1.0,0.0,0.0,2.9205510525808367,12.723948635997374,24.82840291844336,100,nfcorpus,2.993883086699944,0.006032049655914307,0.7622565627098083,103.28710599914193,0.6013539246834978,95.10685596615076,0.21212121212121213,PLAIN-143,0.0,5,0.2549019607843137,1.0
dense_e5_base_v2_pre,0.0,0.0,1.0,0.0,0.0,0.0,0.0,,,,1.0,,,,,,,,,,,,0.0,0.0,1.0,0.0,2.9205510525808367,12.723948635997374,24.82840291844336,100,nfcorpus,2.993883086699944,0.006032049655914307,0.7622565627098083,103.23710599914193,0.6013539246834978,95.10685596615076,0.21212121212121213,PLAIN-143,0.0,5,0.2549019607843137,1.0
rrf_dense_e5_base_v2_post,0.0,0.0,0.0,0.0,0.0,1.0,0.0,,,,,,,,1.0,,,,,,,,0.0,1.0,0.0,0.0,2.9205510525808367,12.723948635997374,24.82840291844336,100,nfcorpus,2.993883086699944,0.006032049655914307,0.7622565627098083,110.21642162576318,0.6909032516569062,95.10685596615076,0.21212121212121213,PLAIN-143,0.0,5,0.23529411764705882,1.0
rrf_dense_e5_base_v2_pre,0.0,0.0,0.0,0.0,0.0,1.0,0.0,,,,,,,,,1.0,,,,,,,0.0,0.0,1.0,0.0,2.9205510525808367,12.723948635997374,24.82840291844336,100,nfcorpus,2.993883086699944,0.006032049655914307,0.7622565627098083,110.16337480396032,0.6909032516569062,95.10685596615076,0.21212121212121213,PLAIN-143,0.0,5,0.23529411764705882,1.0
weighted_dense_e5_base_v2_post,0.0,0.0,0.0,0.0,0.0,0.0,1.0,,,,,,,,,,,,1.0,,,,0.0,1.0,0.0,0.0,2.9205510525808367,12.723948635997374,24.82840291844336,100,nfcorpus,2.993883086699944,0.006032049655914307,0.7622565627098083,110.32500499039888,0.6573548268593186,95.10685596615076,0.21212121212121213,PLAIN-143,0.0,5,0.23529411764705882,1.0
weighted_dense_e5_base_v2_pre,0.0,0.0,0.0,0.0,0.0,0.0,1.0,,,,,,,,,,,,,1.0,,,0.0,0.0,1.0,0.0,2.9205510525808367,12.723948635997374,24.82840291844336,100,nfcorpus,2.993883086699944,0.006032049655914307,0.7622565627098083,110.27160193771124,0.6573548268593186,95.10685596615076,0.21212121212121213,PLAIN-143,0.0,5,0.23529411764705882,1.0
rrf_pre,0.0,0.0,0.0,0.0,0.0,1.0,0.0,,,,,,,,,,,1.0,,,,,0.0,0.0,1.0,0.0,2.9205510525808367,12.723948635997374,24.82840291844336,100,nfcorpus,2.993883086699944,0.006032049655914307,0.7622565627098083,81.10286993905902,0.6316991638553519,95.10685596615076,0.21212121212121213,PLAIN-143,0.0,5,0.23529411764705882,1.0
weighted_pre,0.0,0.0,0.0,0.0,0.0,0.0,1.0,,,,,,,,,,,,,,,1.0,0.0,0.0,1.0,0.0,2.9205510525808367,12.723948635997374,24.82840291844336,100,nfcorpus,2.993883086699944,0.006032049655914307,0.7622565627098083,81.20105788111687,0.7336086259542746,95.10685596615076,0.21212121212121213,PLAIN-143,0.0,5,0.23529411764705882,1.0
rerank_depth_20,0.0,0.0,0.0,0.0,1.0,0.0,0.0,,,,,,,1.0,,,,,,,,,1.0,0.0,0.0,20.0,2.9205510525808367,12.723948635997374,24.82840291844336,33,nfcorpus,2.993883086699944,0.006032049655914307,0.7622565627098083,86.9599398547411,0.6909032516569062,95.10685596615076,0.21212121212121213,PLAIN-143,0.0,5,0.13725490196078433,1.0
bm25_post,1.0,0.0,0.0,0.0,0.0,0.0,0.0,1.0,,,,,,,,,,,,,,,0.0,1.0,0.0,0.0,2.964713977324202,5.123470277729012,16.193869810730284,100,nfcorpus,2.9953407779799974,0.006621658802032471,0.7370967268943787,16.281128945946694,0.4047674295078582,91.72295359894633,0.21212121212121213,PLAIN-153,0.0,5,0.2978723404255319,1.0
dense_post,0.0,0.0,1.0,0.0,0.0,0.0,0.0,,,,,1.0,,,,,,,,,,,0.0,1.0,0.0,0.0,2.964713977324202,5.123470277729012,16.193869810730284,100,nfcorpus,2.9953407779799974,0.006621658802032471,0.7370967268943787,84.60683197826147,1.0,91.72295359894633,0.21212121212121213,PLAIN-153,0.0,5,0.5319148936170213,1.0
rrf_post,0.0,0.0,0.0,0.0,0.0,1.0,0.0,,,,,,,,,,1.0,,,,,,0.0,1.0,0.0,0.0,2.964713977324202,5.123470277729012,16.193869810730284,100,nfcorpus,2.9953407779799974,0.006621658802032471,0.7370967268943787,100.93874399662018,0.7777796936638232,91.72295359894633,0.21212121212121213,PLAIN-153,0.0,5,0.48936170212765956,1.0
weighted_post,0.0,0.0,0.0,0.0,0.0,0.0,1.0,,,,,,,,,,,,,,1.0,,0.0,1.0,0.0,0.0,2.964713977324202,5.123470277729012,16.193869810730284,100,nfcorpus,2.9953407779799974,0.006621658802032471,0.7370967268943787,101.04979629740119,0.7818142028817916,91.72295359894633,0.21212121212121213,PLAIN-153,0.0,5,0.48936170212765956,1.0
bm25_pre,1.0,0.0,0.0,0.0,0.0,0.0,0.0,,1.0,,,,,,,,,,,,,,0.0,0.0,1.0,0.0,2.964713977324202,5.123470277729012,16.193869810730284,100,nfcorpus,2.9953407779799974,0.006621658802032471,0.7370967268943787,16.231128945946693,0.4047674295078582,91.72295359894633,0.21212121212121213,PLAIN-153,0.0,5,0.2978723404255319,1.0
dense_pre,0.0,0.0,1.0,0.0,0.0,0.0,0.0,,,,,,1.0,,,,,,,,,,0.0,0.0,1.0,0.0,2.964713977324202,5.123470277729012,16.193869810730284,100,nfcorpus,2.9953407779799974,0.006621658802032471,0.7370967268943787,84.55683197826147,1.0,91.72295359894633,0.21212121212121213,PLAIN-153,0.0,5,0.5319148936170213,1.0
dense_e5_base_v2_post,0.0,0.0,1.0,0.0,0.0,0.0,0.0,,,1.0,,,,,,,,,,,,,0.0,1.0,0.0,0.0,2.964713977324202,5.123470277729012,16.193869810730284,100,nfcorpus,2.9953407779799974,0.006621658802032471,0.7370967268943787,126.87349188253283,0.8471779732814125,91.72295359894633,0.21212121212121213,PLAIN-153,0.0,5,0.46808510638297873,1.0
dense_e5_base_v2_pre,0.0,0.0,1.0,0.0,0.0,0.0,0.0,,,,1.0,,,,,,,,,,,,0.0,0.0,1.0,0.0,2.964713977324202,5.123470277729012,16.193869810730284,100,nfcorpus,2.9953407779799974,0.006621658802032471,0.7370967268943787,126.82349188253284,0.8471779732814125,91.72295359894633,0.21212121212121213,PLAIN-153,0.0,5,0.46808510638297873,1.0
rrf_dense_e5_base_v2_post,0.0,0.0,0.0,0.0,0.0,1.0,0.0,,,,,,,,1.0,,,,,,,,0.0,1.0,0.0,0.0,2.964713977324202,5.123470277729012,16.193869810730284,100,nfcorpus,2.9953407779799974,0.006621658802032471,0.7370967268943787,143.1912477977574,0.7226945728384339,91.72295359894633,0.21212121212121213,PLAIN-153,0.0,5,0.44680851063829785,1.0
rrf_dense_e5_base_v2_pre,0.0,0.0,0.0,0.0,0.0,1.0,0.0,,,,,,,,,1.0,,,,,,,0.0,0.0,1.0,0.0,2.964713977324202,5.123470277729012,16.193869810730284,100,nfcorpus,2.9953407779799974,0.006621658802032471,0.7370967268943787,143.13773019239306,0.7226945728384339,91.72295359894633,0.21212121212121213,PLAIN-153,0.0,5,0.44680851063829785,1.0
weighted_dense_e5_base_v2_post,0.0,0.0,0.0,0.0,0.0,0.0,1.0,,,,,,,,,,,,1.0,,,,0.0,1.0,0.0,0.0,2.964713977324202,5.123470277729012,16.193869810730284,100,nfcorpus,2.9953407779799974,0.006621658802032471,0.7370967268943787,143.29743114411832,0.7581589023839652,91.72295359894633,0.21212121212121213,PLAIN-153,0.0,5,0.44680851063829785,1.0
weighted_dense_e5_base_v2_pre,0.0,0.0,0.0,0.0,0.0,0.0,1.0,,,,,,,,,,,,,1.0,,,0.0,0.0,1.0,0.0,2.964713977324202,5.123470277729012,16.193869810730284,100,nfcorpus,2.9953407779799974,0.006621658802032471,0.7370967268943787,143.2418948970735,0.7581589023839652,91.72295359894633,0.21212121212121213,PLAIN-153,0.0,5,0.44680851063829785,1.0
rrf_pre,0.0,0.0,0.0,0.0,0.0,1.0,0.0,,,,,,,,,,,1.0,,,,,0.0,0.0,1.0,0.0,2.964713977324202,5.123470277729012,16.193869810730284,100,nfcorpus,2.9953407779799974,0.006621658802032471,0.7370967268943787,100.87365098297596,0.7777796936638232,91.72295359894633,0.21212121212121213,PLAIN-153,0.0,5,0.48936170212765956,1.0
weighted_pre,0.0,0.0,0.0,0.0,0.0,0.0,1.0,,,,,,,,,,,,,,,1.0,0.0,0.0,1.0,0.0,2.964713977324202,5.123470277729012,16.193869810730284,100,nfcorpus,2.9953407779799974,0.006621658802032471,0.7370967268943787,100.97935609519482,0.7818142028817916,91.72295359894633,0.21212121212121213,PLAIN-153,0.0,5,0.48936170212765956,1.0
rerank_depth_20,0.0,0.0,0.0,0.0,1.0,0.0,0.0,,,,,,,1.0,,,,,,,,,1.0,0.0,0.0,20.0,2.964713977324202,5.123470277729012,16.193869810730284,33,nfcorpus,2.9953407779799974,0.006621658802032471,0.7370967268943787,106.72796092420816,0.8030025006704563,91.72295359894633,0.21212121212121213,PLAIN-153,0.0,5,0.3404255319148936,1.0
bm25_post,1.0,0.0,0.0,0.0,0.0,0.0,0.0,1.0,,,,,,,,,,,,,,,0.0,1.0,0.0,0.0,2.989171912712955,0.13230873111822206,13.947350464823863,100,nfcorpus,2.994629282396417,0.008435964584350586,0.7942193746566772,6.224130830913782,0.37887120679483205,101.1290936730802,0.25,PLAIN-165,0.0,7,0.3055555555555556,1.0
dense_post,0.0,0.0,1.0,0.0,0.0,0.0,0.0,,,,,1.0,,,,,,,,,,,0.0,1.0,0.0,0.0,2.989171912712955,0.13230873111822206,13.947350464823863,100,nfcorpus,2.994629282396417,0.008435964584350586,0.7942193746566772,122.31199405267834,0.6942780031781318,101.1290936730802,0.25,PLAIN-165,0.0,7,0.3611111111111111,1.0
rrf_post,0.0,0.0,0.0,0.0,0.0,1.0,0.0,,,,,,,,,,1.0,,,,,,0.0,1.0,0.0,0.0,2.989171912712955,0.13230873111822206,13.947350464823863,100,nfcorpus,2.994629282396417,0.008435964584350586,0.7942193746566772,128.58068811818958,0.48423863425580593,101.1290936730802,0.25,PLAIN-165,0.0,7,0.3611111111111111,1.0
weighted_post,0.0,0.0,0.0,0.0,0.0,0.0,1.0,,,,,,,,,,,,,,1.0,,0.0,1.0,0.0,0.0,2.989171912712955,0.13230873111822206,13.947350464823863,100,nfcorpus,2.994629282396417,0.008435964584350586,0.7942193746566772,130.96091299429537,0.44841241379650604,101.1290936730802,0.25,PLAIN-165,0.0,7,0.3611111111111111,1.0
bm25_pre,1.0,0.0,0.0,0.0,0.0,0.0,0.0,,1.0,,,,,,,,,,,,,,0.0,0.0,1.0,0.0,2.989171912712955,0.13230873111822206,13.947350464823863,100,nfcorpus,2.994629282396417,0.008435964584350586,0.7942193746566772,6.174130830913782,0.37887120679483205,101.1290936730802,0.25,PLAIN-165,0.0,7,0.3055555555555556,1.0
dense_pre,0.0,0.0,1.0,0.0,0.0,0.0,0.0,,,,,,1.0,,,,,,,,,,0.0,0.0,1.0,0.0,2.989171912712955,0.13230873111822206,13.947350464823863,100,nfcorpus,2.994629282396417,0.008435964584350586,0.7942193746566772,122.26199405267835,0.6942780031781318,101.1290936730802,0.25,PLAIN-165,0.0,7,0.3611111111111111,1.0
dense_e5_base_v2_post,0.0,0.0,1.0,0.0,0.0,0.0,0.0,,,1.0,,,,,,,,,,,,,0.0,1.0,0.0,0.0,2.989171912712955,0.13230873111822206,13.947350464823863,100,nfcorpus,2.994629282396417,0.008435964584350586,0.7942193746566772,108.40473192855715,0.48626789111021224,101.1290936730802,0.25,PLAIN-165,0.0,7,0.4166666666666667,1.0
dense_e5_base_v2_pre,0.0,0.0,1.0,0.0,0.0,0.0,0.0,,,,1.0,,,,,,,,,,,,0.0,0.0,1.0,0.0,2.989171912712955,0.13230873111822206,13.947350464823863,100,nfcorpus,2.994629282396417,0.008435964584350586,0.7942193746566772,108.35473192855716,0.48626789111021224,101.1290936730802,0.25,PLAIN-165,0.0,7,0.4166666666666667,1.0
rrf_dense_e5_base_v2_post,0.0,0.0,0.0,0.0,0.0,1.0,0.0,,,,,,,,1.0,,,,,,,,0.0,1.0,0.0,0.0,2.989171912712955,0.13230873111822206,13.947350464823863,100,nfcorpus,2.994629282396417,0.008435964584350586,0.7942193746566772,114.66053183302283,0.520454793625021,101.1290936730802,0.25,PLAIN-165,0.0,7,0.3888888888888889,1.0
rrf_dense_e5_base_v2_pre,0.0,0.0,0.0,0.0,0.0,1.0,0.0,,,,,,,,,1.0,,,,,,,0.0,0.0,1.0,0.0,2.989171912712955,0.13230873111822206,13.947350464823863,100,nfcorpus,2.994629282396417,0.008435964584350586,0.7942193746566772,114.60602190345526,0.520454793625021,101.1290936730802,0.25,PLAIN-165,0.0,7,0.3888888888888889,1.0
weighted_dense_e5_base_v2_post,0.0,0.0,0.0,0.0,0.0,0.0,1.0,,,,,,,,,,,,1.0,,,,0.0,1.0,0.0,0.0,2.989171912712955,0.13230873111822206,13.947350464823863,100,nfcorpus,2.994629282396417,0.008435964584350586,0.7942193746566772,114.7511648863554,0.5190959520348141,101.1290936730802,0.25,PLAIN-165,0.0,7,0.4166666666666667,1.0
weighted_dense_e5_base_v2_pre,0.0,0.0,0.0,0.0,0.0,0.0,1.0,,,,,,,,,,,,,1.0,,,0.0,0.0,1.0,0.0,2.989171912712955,0.13230873111822206,13.947350464823863,100,nfcorpus,2.994629282396417,0.008435964584350586,0.7942193746566772,114.69312245026231,0.5190959520348141,101.1290936730802,0.25,PLAIN-165,0.0,7,0.4166666666666667,1.0
rrf_pre,0.0,0.0,0.0,0.0,0.0,1.0,0.0,,,,,,,,,,,1.0,,,,,0.0,0.0,1.0,0.0,2.989171912712955,0.13230873111822206,13.947350464823863,100,nfcorpus,2.994629282396417,0.008435964584350586,0.7942193746566772,128.51631082594395,0.48423863425580593,101.1290936730802,0.25,PLAIN-165,0.0,7,0.3611111111111111,1.0
weighted_pre,0.0,0.0,0.0,0.0,0.0,0.0,1.0,,,,,,,,,,,,,,,1.0,0.0,0.0,1.0,0.0,2.989171912712955,0.13230873111822206,13.947350464823863,100,nfcorpus,2.994629282396417,0.008435964584350586,0.7942193746566772,128.60445398837328,0.44841241379650604,101.1290936730802,0.25,PLAIN-165,0.0,7,0.3611111111111111,1.0
rerank_depth_20,0.0,0.0,0.0,0.0,1.0,0.0,0.0,,,,,,,1.0,,,,,,,,,1.0,0.0,0.0,20.0,2.989171912712955,0.13230873111822206,13.947350464823863,32,nfcorpus,2.994629282396417,0.008435964584350586,0.7942193746566772,134.19612488359212,0.44841241379650604,101.1290936730802,0.25,PLAIN-165,0.0,7,0.2777777777777778,1.0
bm25_post,1.0,0.0,0.0,0.0,0.0,0.0,0.0,1.0,,,,,,,,,,,,,,,0.0,1.0,0.0,0.0,2.7473823658439684,1.087447051073644,12.37919422648537,100,nfcorpus,2.9956529294115644,0.0042046308517456055,0.7557039260864258,3.363814289867878,0.3249649487838764,74.86558798700571,0.08108108108108109,PLAIN-175,0.0,3,0.10810810810810811,1.0
dense_post,0.0,0.0,1.0,0.0,0.0,0.0,0.0,,,,,1.0,,,,,,,,,,,0.0,1.0,0.0,0.0,2.7473823658439684,1.087447051073644,12.37919422648537,100,nfcorpus,2.9956529294115644,0.0042046308517456055,0.7557039260864258,88.55398333743214,0.09578105912639356,74.86558798700571,0.08108108108108109,PLAIN-175,0.0,3,0.16216216216216217,1.0
rrf_post,0.0,0.0,0.0,0.0,0.0,1.0,0.0,,,,,,,,,,1.0,,,,,,0.0,1.0,0.0,0.0,2.7473823658439684,1.087447051073644,12.37919422648537,100,nfcorpus,2.9956529294115644,0.0042046308517456055,0.7557039260864258,91.9646197848022,0.2998837678474126,74.86558798700571,0.08108108108108109,PLAIN-175,0.0,3,0.16216216216216217,1.0
weighted_post,0.0,0.0,0.0,0.0,0.0,0.0,1.0,,,,,,,,,,,,,,1.0,,0.0,1.0,0.0,0.0,2.7473823658439684,1.087447051073644,12.37919422648537,100,nfcorpus,2.9956529294115644,0.0042046308517456055,0.7557039260864258,92.06746480539441,0.3249649487838764,74.86558798700571,0.08108108108108109,PLAIN-175,0.0,3,0.16216216216216217,1.0
bm25_pre,1.0,0.0,0.0,0.0,0.0,0.0,0.0,,1.0,,,,,,,,,,,,,,0.0,0.0,1.0,0.0,2.7473823658439684,1.087447051073644,12.37919422648537,100,nfcorpus,2.9956529294115644,0.0042046308517456055,0.7557039260864258,3.313814289867878,0.3249649487838764,74.86558798700571,0.08108108108108109,PLAIN-175,0.0,3,0.10810810810810811,1.0
dense_pre,0.0,0.0,1.0,0.0,0.0,0.0,0.0,,,,,,1.0,,,,,,,,,,0.0,0.0,1.0,0.0,2.7473823658439684,1.087447051073644,12.37919422648537,100,nfcorpus,2.9956529294115644,0.0042046308517456055,0.7557039260864258,88.50398333743215,0.09578105912639356,74.86558798700571,0.08108108108108109,PLAIN-175,0.0,3,0.16216216216216217,1.0
dense_e5_base_v2_post,0.0,0.0,1.0,0.0,0.0,0.0,0.0,,,1.0,,,,,,,,,,,,,0.0,1.0,0.0,0.0,2.7473823658439684,1.087447051073644,12.37919422648537,100,nfcorpus,2.9956529294115644,0.0042046308517456055,0.7557039260864258,93.29165666475892,0.22514977125191588,74.86558798700571,0.08108108108108109,PLAIN-175,0.0,3,0.1891891891891892,1.0
dense_e5_base_v2_pre,0.0,0.0,1.0,0.0,0.0,0.0,0.0,,,,1.0,,,,,,,,,,,,0.0,0.0,1.0,0.0,2.7473823658439684,1.087447051073644,12.37919422648537,100,nfcorpus,2.9956529294115644,0.0042046308517456055,0.7557039260864258,93.24165666475892,0.22514977125191588,74.86558798700571,0.08108108108108109,PLAIN-175,0.0,3,0.1891891891891892,1.0
rrf_dense_e5_base_v2_post,0.0,0.0,0.0,0.0,0.0,1.0,0.0,,,,,,,,1.0,,,,,,,,0.0,1.0,0.0,0.0,2.7473823658439684,1.087447051073644,12.37919422648537,100,nfcorpus,2.9956529294115644,0.0042046308517456055,0.7557039260864258,96.68771698251366,0.2998837678474126,74.86558798700571,0.08108108108108109,PLAIN-175,0.0,3,0.16216216216216217,1.0
rrf_dense_e5_base_v2_pre,0.0,0.0,0.0,0.0,0.0,1.0,0.0,,,,,,,,,1.0,,,,,,,0.0,0.0,1.0,0.0,2.7473823658439684,1.087447051073644,12.37919422648537,100,nfcorpus,2.9956529294115644,0.0042046308517456055,0.7557039260864258,96.63581987842917,0.2998837678474126,74.86558798700571,0.08108108108108109,PLAIN-175,0.0,3,0.16216216216216217,1.0
weighted_dense_e5_base_v2_post,0.0,0.0,0.0,0.0,0.0,0.0,1.0,,,,,,,,,,,,1.0,,,,0.0,1.0,0.0,0.0,2.7473823658439684,1.087447051073644,12.37919422648537,100,nfcorpus,2.9956529294115644,0.0042046308517456055,0.7557039260864258,96.786716106534,0.4003335073066956,74.86558798700571,0.08108108108108109,PLAIN-175,0.0,3,0.1891891891891892,1.0
weighted_dense_e5_base_v2_pre,0.0,0.0,0.0,0.0,0.0,0.0,1.0,,,,,,,,,,,,,1.0,,,0.0,0.0,1.0,0.0,2.7473823658439684,1.087447051073644,12.37919422648537,100,nfcorpus,2.9956529294115644,0.0042046308517456055,0.7557039260864258,96.73290885984898,0.4003335073066956,74.86558798700571,0.08108108108108109,PLAIN-175,0.0,3,0.1891891891891892,1.0
rrf_pre,0.0,0.0,0.0,0.0,0.0,1.0,0.0,,,,,,,,,,,1.0,,,,,0.0,0.0,1.0,0.0,2.7473823658439684,1.087447051073644,12.37919422648537,100,nfcorpus,2.9956529294115644,0.0042046308517456055,0.7557039260864258,91.90175356343389,0.2998837678474126,74.86558798700571,0.08108108108108109,PLAIN-175,0.0,3,0.16216216216216217,1.0
weighted_pre,0.0,0.0,0.0,0.0,0.0,0.0,1.0,,,,,,,,,,,,,,,1.0,0.0,0.0,1.0,0.0,2.7473823658439684,1.087447051073644,12.37919422648537,100,nfcorpus,2.9956529294115644,0.0042046308517456055,0.7557039260864258,92.01498748734593,0.3249649487838764,74.86558798700571,0.08108108108108109,PLAIN-175,0.0,3,0.16216216216216217,1.0
rerank_depth_20,0.0,0.0,0.0,0.0,1.0,0.0,0.0,,,,,,,1.0,,,,,,,,,1.0,0.0,0.0,20.0,2.7473823658439684,1.087447051073644,12.37919422648537,37,nfcorpus,2.9956529294115644,0.0042046308517456055,0.7557039260864258,98.47779762730002,0.3249649487838764,74.86558798700571,0.08108108108108109,PLAIN-175,0.0,3,0.10810810810810811,1.0
bm25_post,1.0,0.0,0.0,0.0,0.0,0.0,0.0,1.0,,,,,,,,,,,,,,,0.0,1.0,0.0,0.0,2.9594656466874274,0.7998170996264253,12.618015465431414,100,nfcorpus,2.995081349461585,0.05221354961395264,0.741441011428833,10.684684935212136,0.22009176629808017,100.47533921897411,0.14285714285714285,PLAIN-186,0.0,4,0.041666666666666664,1.0
dense_post,0.0,0.0,1.0,0.0,0.0,0.0,0.0,,,,,1.0,,,,,,,,,,,0.0,1.0,0.0,0.0,2.9594656466874274,0.7998170996264253,12.618015465431414,100,nfcorpus,2.995081349461585,0.05221354961395264,0.741441011428833,79.91931316554546,0.28952298823485745,100.47533921897411,0.14285714285714285,PLAIN-186,0.0,4,0.16666666666666666,1.0
rrf_post,0.0,0.0,0.0,0.0,0.0,1.0,0.0,,,,,,,,,,1.0,,,,,,0.0,1.0,0.0,0.0,2.9594656466874274,0.7998170996264253,12.618015465431414,100,nfcorpus,2.995081349461585,0.05221354961395264,0.741441011428833,90.65146799311042,0.22009176629808017,100.47533921897411,0.14285714285714285,PLAIN-186,0.0,4,0.125,1.0
weighted_post,0.0,0.0,0.0,0.0,0.0,0.0,1.0,,,,,,,,,,,,,,1.0,,0.0,1.0,0.0,0.0,2.9594656466874274,0.7998170996264253,12.618015465431414,100,nfcorpus,2.995081349461585,0.05221354961395264,0.741441011428833,90.75379938930273,0.22009176629808017,100.47533921897411,0.14285714285714285,PLAIN-186,0.0,4,0.125,1.0
bm25_pre,1.0,0.0,0.0,0.0,0.0,0.0,0.0,,1.0,,,,,,,,,,,,,,0.0,0.0,1.0,0.0,2.9594656466874274,0.7998170996264253,12.618015465431414,100,nfcorpus,2.995081349461585,0.05221354961395264,0.741441011428833,10.634684935212135,0.22009176629808017,100.47533921897411,0.14285714285714285,PLAIN-186,0.0,4,0.041666666666666664,1.0
dense_pre,0.0,0.0,1.0,0.0,0.0,0.0,0.0,,,,,,1.0,,,,,,,,,,0.0,0.0,1.0,0.0,2.9594656466874274,0.7998170996264253,12.618015465431414,100,nfcorpus,2.995081349461585,0.05221354961395264,0.741441011428833,79.86931316554546,0.28952298823485745,100.47533921897411,0.14285714285714285,PLAIN-186,0.0,4,0.16666666666666666,1.0
dense_e5_base_v2_post,0.0,0.0,1.0,0.0,0.0,0.0,0.0,,,1.0,,,,,,,,,,,,,0.0,1.0,0.0,0.0,2.9594656466874274,0.7998170996264253,12.618015465431414,100,nfcorpus,2.995081349461585,0.05221354961395264,0.741441011428833,96.07900082245469,0.28371255449703187,100.47533921897411,0.14285714285714285,PLAIN-186,0.0,4,0.125,1.0
dense_e5_base_v2_pre,0.0,0.0,1.0,0.0,0.0,0.0,0.0,,,,1.0,,,,,,,,,,,,0.0,0.0,1.0,0.0,2.9594656466874274,0.7998170996264253,12.618015465431414,100,nfcorpus,2.995081349461585,0.05221354961395264,0.741441011428833,96.02900082245469,0.28371255449703187,100.47533921897411,0.14285714285714285,PLAIN-186,0.0,4,0.125,1.0
rrf_dense_e5_base_v2_post,0.0,0.0,0.0,0.0,0.0,1.0,0.0,,,,,,,,1.0,,,,,,,,0.0,1.0,0.0,0.0,2.9594656466874274,0.7998170996264253,12.618015465431414,100,nfcorpus,2.995081349461585,0.05221354961395264,0.741441011428833,106.79776788800955,0.22009176629808017,100.47533921897411,0.14285714285714285,PLAIN-186,0.0,4,0.125,1.0
rrf_dense_e5_base_v2_pre,0.0,0.0,0.0,0.0,0.0,1.0,0.0,,,,,,,,,1.0,,,,,,,0.0,0.0,1.0,0.0,2.9594656466874274,0.7998170996264253,12.618015465431414,100,nfcorpus,2.995081349461585,0.05221354961395264,0.741441011428833,106.74463957548141,0.22009176629808017,100.47533921897411,0.14285714285714285,PLAIN-186,0.0,4,0.125,1.0
weighted_dense_e5_base_v2_post,0.0,0.0,0.0,0.0,0.0,0.0,1.0,,,,,,,,,,,,1.0,,,,0.0,1.0,0.0,0.0,2.9594656466874274,0.7998170996264253,12.618015465431414,100,nfcorpus,2.995081349461585,0.05221354961395264,0.741441011428833,106.90177287086844,0.22009176629808017,100.47533921897411,0.14285714285714285,PLAIN-186,0.0,4,0.125,1.0
weighted_dense_e5_base_v2_pre,0.0,0.0,0.0,0.0,0.0,0.0,1.0,,,,,,,,,,,,,1.0,,,0.0,0.0,1.0,0.0,2.9594656466874274,0.7998170996264253,12.618015465431414,100,nfcorpus,2.995081349461585,0.05221354961395264,0.741441011428833,106.84697702527046,0.22009176629808017,100.47533921897411,0.14285714285714285,PLAIN-186,0.0,4,0.125,1.0
rrf_pre,0.0,0.0,0.0,0.0,0.0,1.0,0.0,,,,,,,,,,,1.0,,,,,0.0,0.0,1.0,0.0,2.9594656466874274,0.7998170996264253,12.618015465431414,100,nfcorpus,2.995081349461585,0.05221354961395264,0.741441011428833,90.5873291194439,0.22009176629808017,100.47533921897411,0.14285714285714285,PLAIN-186,0.0,4,0.125,1.0
weighted_pre,0.0,0.0,0.0,0.0,0.0,0.0,1.0,,,,,,,,,,,,,,,1.0,0.0,0.0,1.0,0.0,2.9594656466874274,0.7998170996264253,12.618015465431414,100,nfcorpus,2.995081349461585,0.05221354961395264,0.741441011428833,90.6870081089437,0.22009176629808017,100.47533921897411,0.14285714285714285,PLAIN-186,0.0,4,0.125,1.0
rerank_depth_20,0.0,0.0,0.0,0.0,1.0,0.0,0.0,,,,,,,1.0,,,,,,,,,1.0,0.0,0.0,20.0,2.9594656466874274,0.7998170996264253,12.618015465431414,35,nfcorpus,2.995081349461585,0.05221354961395264,0.741441011428833,96.8039981007576,0.22009176629808017,100.47533921897411,0.14285714285714285,PLAIN-186,0.0,4,0.125,1.0
bm25_post,1.0,0.0,0.0,0.0,0.0,0.0,0.0,1.0,,,,,,,,,,,,,,,0.0,1.0,0.0,0.0,2.932342212796545,5.228332146202337,19.483005447212623,100,nfcorpus,2.9950064861923322,0.04022473096847534,0.7222940921783447,4.637427712976932,0.7183627972686238,91.64057206362486,0.1111111111111111,PLAIN-196,0.0,5,0.14492753623188406,1.0
dense_post,0.0,0.0,1.0,0.0,0.0,0.0,0.0,,,,,1.0,,,,,,,,,,,0.0,1.0,0.0,0.0,2.932342212796545,5.228332146202337,19.483005447212623,100,nfcorpus,2.9950064861923322,0.04022473096847534,0.7222940921783447,91.05683918222785,0.4690000933206748,91.64057206362486,0.1111111111111111,PLAIN-196,0.0,5,0.057971014492753624,1.0
rrf_post,0.0,0.0,0.0,0.0,0.0,1.0,0.0,,,,,,,,,,1.0,,,,,,0.0,1.0,0.0,0.0,2.932342212796545,5.228332146202337,19.483005447212623,100,nfcorpus,2.9950064861923322,0.04022473096847534,0.7222940921783447,96.0347318008542,0.4690000933206748,91.64057206362486,0.1111111111111111,PLAIN-196,0.0,5,0.11594202898550725,1.0
weighted_post,0.0,0.0,0.0,0.0,0.0,0.0,1.0,,,,,,,,,,,,,,1.0,,0.0,1.0,0.0,0.0,2.932342212796545,5.228332146202337,19.483005447212623,100,nfcorpus,2.9950064861923322,0.04022473096847534,0.7222940921783447,95.86445250660181,0.7125523635307982,91.64057206362486,0.1111111111111111,PLAIN-196,0.0,5,0.10144927536231885,1.0
bm25_pre,1.0,0.0,0.0,0.0,0.0,0.0,0.0,,1.0,,,,,,,,,,,,,,0.0,0.0,1.0,0.0,2.932342212796545,5.228332146202337,19.483005447212623,100,nfcorpus,2.9950064861923322,0.04022473096847534,0.7222940921783447,4.5874277129769325,0.7183627972686238,91.64057206362486,0.1111111111111111,PLAIN-196,0.0,5,0.14492753623188406,1.0
dense_pre,0.0,0.0,1.0,0.0,0.0,0.0,0.0,,,,,,1.0,,,,,,,,,,0.0,0.0,1.0,0.0,2.932342212796545,5.228332146202337,19.483005447212623,100,nfcorpus,2.9950064861923322,0.04022473096847534,0.7222940921783447,91.00683918222785,0.4690000933206748,91.64057206362486,0.1111111111111111,PLAIN-196,0.0,5,0.057971014492753624,1.0
dense_e5_base_v2_post,0.0,0.0,1.0,0.0,0.0,0.0,0.0,,,1.0,,,,,,,,,,,,,0.0,1.0,0.0,0.0,2.932342212796545,5.228332146202337,19.483005447212623,100,nfcorpus,2.9950064861923322,0.04022473096847534,0.7222940921783447,96.05387886166572,0.388244052766991,91.64057206362486,0.1111111111111111,PLAIN-196,0.0,5,0.10144927536231885,1.0
dense_e5_base_v2_pre,0.0,0.0,1.0,0.0,0.0,0.0,0.0,,,,1.0,,,,,,,,,,,,0.0,0.0,1.0,0.0,2.932342212796545,5.228332146202337,19.483005447212623,100,nfcorpus,2.9950064861923322,0.04022473096847534,0.7222940921783447,96.00387886166573,0.388244052766991,91.64057206362486,0.1111111111111111,PLAIN-196,0.0,5,0.10144927536231885,1.0
rrf_dense_e5_base_v2_post,0.0,0.0,0.0,0.0,0.0,1.0,0.0,,,,,,,,1.0,,,,,,,,0.0,1.0,0.0,0.0,2.932342212796545,5.228332146202337,19.483005447212623,100,nfcorpus,2.9950064861923322,0.04022473096847534,0.7222940921783447,100.72927790805697,0.6300426811446146,91.64057206362486,0.1111111111111111,PLAIN-196,0.0,5,0.14492753623188406,1.0
rrf_dense_e5_base_v2_pre,0.0,0.0,0.0,0.0,0.0,1.0,0.0,,,,,,,,,1.0,,,,,,,0.0,0.0,1.0,0.0,2.932342212796545,5.228332146202337,19.483005447212623,100,nfcorpus,2.9950064861923322,0.04022473096847534,0.7222940921783447,100.67548137158155,0.6300426811446146,91.64057206362486,0.1111111111111111,PLAIN-196,0.0,5,0.14492753623188406,1.0
weighted_dense_e5_base_v2_post,0.0,0.0,0.0,0.0,0.0,0.0,1.0,,,,,,,,,,,,1.0,,,,0.0,1.0,0.0,0.0,2.932342212796545,5.228332146202337,19.483005447212623,100,nfcorpus,2.9950064861923322,0.04022473096847534,0.7222940921783447,100.84127177596092,0.7273298443105218,91.64057206362486,0.1111111111111111,PLAIN-196,0.0,5,0.14492753623188406,1.0
weighted_dense_e5_base_v2_pre,0.0,0.0,0.0,0.0,0.0,0.0,1.0,,,,,,,,,,,,,1.0,,,0.0,0.0,1.0,0.0,2.932342212796545,5.228332146202337,19.483005447212623,100,nfcorpus,2.9950064861923322,0.04022473096847534,0.7222940921783447,100.78431852161884,0.7273298443105218,91.64057206362486,0.1111111111111111,PLAIN-196,0.0,5,0.14492753623188406,1.0
rrf_pre,0.0,0.0,0.0,0.0,0.0,1.0,0.0,,,,,,,,,,,1.0,,,,,0.0,0.0,1.0,0.0,2.932342212796545,5.228332146202337,19.483005447212623,100,nfcorpus,2.9950064861923322,0.04022473096847534,0.7222940921783447,95.67847196012735,0.4690000933206748,91.64057206362486,0.1111111111111111,PLAIN-196,0.0,5,0.11594202898550725,1.0
weighted_pre,0.0,0.0,0.0,0.0,0.0,0.0,1.0,,,,,,,,,,,,,,,1.0,0.0,0.0,1.0,0.0,2.932342212796545,5.228332146202337,19.483005447212623,100,nfcorpus,2.9950064861923322,0.04022473096847534,0.7222940921783447,95.78714007511735,0.7125523635307982,91.64057206362486,0.1111111111111111,PLAIN-196,0.0,5,0.10144927536231885,1.0
rerank_depth_20,0.0,0.0,0.0,0.0,1.0,0.0,0.0,,,,,,,1.0,,,,,,,,,1.0,0.0,0.0,20.0,2.932342212796545,5.228332146202337,19.483005447212623,36,nfcorpus,2.9950064861923322,0.04022473096847534,0.7222940921783447,102.07426689520479,0.7151857987862356,91.64057206362486,0.1111111111111111,PLAIN-196,0.0,5,0.08695652173913043,1.0
bm25_post,1.0,0.0,0.0,0.0,0.0,0.0,0.0,1.0,,,,,,,,,,,,,,,0.0,1.0,0.0,0.0,2.9789376738404374,0.06542673303965785,14.264520837421475,100,nfcorpus,2.995394354674723,0.02455955743789673,0.8508983850479126,8.491425859928132,0.4315420454124845,72.06464512273669,0.2903225806451613,PLAIN-207,0.0,4,0.32727272727272727,1.0
dense_post,0.0,0.0,1.0,0.0,0.0,0.0,0.0,,,,,1.0,,,,,,,,,,,0.0,1.0,0.0,0.0,2.9789376738404374,0.06542673303965785,14.264520837421475,100,nfcorpus,2.995394354674723,0.02455955743789673,0.8508983850479126,83.83605498000979,0.7600791051976191,72.06464512273669,0.2903225806451613,PLAIN-207,0.0,4,0.2727272727272727,1.0
rrf_post,0.0,0.0,0.0,0.0,0.0,1.0,0.0,,,,,,,,,,1.0,,,,,,0.0,1.0,0.0,0.0,2.9789376738404374,0.06542673303965785,14.264520837421475,100,nfcorpus,2.995394354674723,0.02455955743789673,0.8508983850479126,92.36613855808973,0.7000949683025056,72.06464512273669,0.2903225806451613,PLAIN-207,0.0,4,0.2909090909090909,1.0
weighted_post,0.0,0.0,0.0,0.0,0.0,0.0,1.0,,,,,,,,,,,,,,1.0,,0.0,1.0,0.0,0.0,2.9789376738404374,0.06542673303965785,14.264520837421475,100,nfcorpus,2.995394354674723,0.02455955743789673,0.8508983850479126,92.45570478141308,0.6078421520159136,72.06464512273669,0.2903225806451613,PLAIN-207,0.0,4,0.3090909090909091,1.0
bm25_pre,1.0,0.0,0.0,0.0,0.0,0.0,0.0,,1.0,,,,,,,,,,,,,,0.0,0.0,1.0,0.0,2.9789376738404374,0.06542673303965785,14.264520837421475,100,nfcorpus,2.995394354674723,0.02455955743789673,0.8508983850479126,8.441425859928131,0.4315420454124845,72.06464512273669,0.2903225806451613,PLAIN-207,0.0,4,0.32727272727272727,1.0
dense_pre,0.0,0.0,1.0,0.0,0.0,0.0,0.0,,,,,,1.0,,,,,,,,,,0.0,0.0,1.0,0.0,2.9789376738404374,0.06542673303965785,14.264520837421475,100,nfcorpus,2.995394354674723,0.02455955743789673,0.8508983850479126,83.7860549800098,0.7600791051976191,72.06464512273669,0.2903225806451613,PLAIN-207,0.0,4,0.2727272727272727,1.0
dense_e5_base_v2_post,0.0,0.0,1.0,0.0,0.0,0.0,0.0,,,1.0,,,,,,,,,,,,,0.0,1.0,0.0,0.0,2.9789376738404374,0.06542673303965785,14.264520837421475,100,nfcorpus,2.995394354674723,0.02455955743789673,0.8508983850479126,104.46159270703792,0.6678262889110271,72.06464512273669,0.2903225806451613,PLAIN-207,0.0,4,0.2727272727272727,1.0
dense_e5_base_v2_pre,0.0,0.0,1.0,0.0,0.0,0.0,0.0,,,,1.0,,,,,,,,,,,,0.0,0.0,1.0,0.0,2.9789376738404374,0.06542673303965785,14.264520837421475,100,nfcorpus,2.995394354674723,0.02455955743789673,0.8508983850479126,104.41159270703793,0.6678262889110271,72.06464512273669,0.2903225806451613,PLAIN-207,0.0,4,0.2727272727272727,1.0
rrf_dense_e5_base_v2_post,0.0,0.0,0.0,0.0,0.0,1.0,0.0,,,,,,,,1.0,,,,,,,,0.0,1.0,0.0,0.0,2.9789376738404374,0.06542673303965785,14.264520837421475,100,nfcorpus,2.995394354674723,0.02455955743789673,0.8508983850479126,112.98203849345445,0.6969179698201173,72.06464512273669,0.2903225806451613,PLAIN-207,0.0,4,0.2909090909090909,1.0
rrf_dense_e5_base_v2_pre,0.0,0.0,0.0,0.0,0.0,1.0,0.0,,,,,,,,,1.0,,,,,,,0.0,0.0,1.0,0.0,2.9789376738404374,0.06542673303965785,14.264520837421475,100,nfcorpus,2.995394354674723,0.02455955743789673,0.8508983850479126,112.92806547135115,0.6969179698201173,72.06464512273669,0.2903225806451613,PLAIN-207,0.0,4,0.2909090909090909,1.0
weighted_dense_e5_base_v2_post,0.0,0.0,0.0,0.0,0.0,0.0,1.0,,,,,,,,,,,,1.0,,,,0.0,1.0,0.0,0.0,2.9789376738404374,0.06542673303965785,14.264520837421475,100,nfcorpus,2.995394354674723,0.02455955743789673,0.8508983850479126,113.06965825259685,0.6523706084452717,72.06464512273669,0.2903225806451613,PLAIN-207,0.0,4,0.2909090909090909,1.0
weighted_dense_e5_base_v2_pre,0.0,0.0,0.0,0.0,0.0,0.0,1.0,,,,,,,,,,,,,1.0,,,0.0,0.0,1.0,0.0,2.9789376738404374,0.06542673303965785,14.264520837421475,100,nfcorpus,2.995394354674723,0.02455955743789673,0.8508983850479126,113.01464959979057,0.6523706084452717,72.06464512273669,0.2903225806451613,PLAIN-207,0.0,4,0.2909090909090909,1.0
rrf_pre,0.0,0.0,0.0,0.0,0.0,1.0,0.0,,,,,,,,,,,1.0,,,,,0.0,0.0,1.0,0.0,2.9789376738404374,0.06542673303965785,14.264520837421475,100,nfcorpus,2.995394354674723,0.02455955743789673,0.8508983850479126,92.30468282476068,0.7000949683025056,72.06464512273669,0.2903225806451613,PLAIN-207,0.0,4,0.2909090909090909,1.0
weighted_pre,0.0,0.0,0.0,0.0,0.0,0.0,1.0,,,,,,,,,,,,,,,1.0,0.0,0.0,1.0,0.0,2.9789376738404374,0.06542673303965785,14.264520837421475,100,nfcorpus,2.995394354674723,0.02455955743789673,0.8508983850479126,92.39555383101106,0.6078421520159136,72.06464512273669,0.2903225806451613,PLAIN-207,0.0,4,0.3090909090909091,1.0
rerank_depth_20,0.0,0.0,0.0,0.0,1.0,0.0,0.0,,,,,,,1.0,,,,,,,,,1.0,0.0,0.0,20.0,2.9789376738404374,0.06542673303965785,14.264520837421475,31,nfcorpus,2.995394354674723,0.02455955743789673,0.8508983850479126,97.80748083993792,0.6078421520159136,72.06464512273669,0.2903225806451613,PLAIN-207,0.0,4,0.21818181818181817,1.0
bm25_post,1.0,0.0,0.0,0.0,0.0,0.0,0.0,1.0,,,,,,,,,,,,,,,0.0,1.0,0.0,0.0,2.9835022313540835,1.2904005650975936,13.36599154442779,100,nfcorpus,2.995643537595259,0.0050986409187316895,0.7821951508522034,4.822280342876911,0.0,88.91784818843007,0.05263157894736842,PLAIN-217,0.0,5,0.08333333333333333,1.0
dense_post,0.0,0.0,1.0,0.0,0.0,0.0,0.0,,,,,1.0,,,,,,,,,,,0.0,1.0,0.0,0.0,2.9835022313540835,1.2904005650975936,13.36599154442779,100,nfcorpus,2.995643537595259,0.0050986409187316895,0.7821951508522034,84.52218220680952,0.09478836436955078,88.91784818843007,0.05263157894736842,PLAIN-217,0.0,5,0.3333333333333333,1.0
rrf_post,0.0,0.0,0.0,0.0,0.0,1.0,0.0,,,,,,,,,,1.0,,,,,,0.0,1.0,0.0,0.0,2.9835022313540835,1.2904005650975936,13.36599154442779,100,nfcorpus,2.995643537595259,0.0050986409187316895,0.7821951508522034,89.3880376510322,0.0,88.91784818843007,0.05263157894736842,PLAIN-217,0.0,5,0.25,1.0
weighted_post,0.0,0.0,0.0,0.0,0.0,0.0,1.0,,,,,,,,,,,,,,1.0,,0.0,1.0,0.0,0.0,2.9835022313540835,1.2904005650975936,13.36599154442779,100,nfcorpus,2.995643537595259,0.0050986409187316895,0.7821951508522034,89.49039791822433,0.06362078819895171,88.91784818843007,0.05263157894736842,PLAIN-217,0.0,5,0.25,1.0
bm25_pre,1.0,0.0,0.0,0.0,0.0,0.0,0.0,,1.0,,,,,,,,,,,,,,0.0,0.0,1.0,0.0,2.9835022313540835,1.2904005650975936,13.36599154442779,100,nfcorpus,2.995643537595259,0.0050986409187316895,0.7821951508522034,4.772280342876911,0.0,88.91784818843007,0.05263157894736842,PLAIN-217,0.0,5,0.08333333333333333,1.0
dense_pre,0.0,0.0,1.0,0.0,0.0,0.0,0.0,,,,,,1.0,,,,,,,,,,0.0,0.0,1.0,0.0,2.9835022313540835,1.2904005650975936,13.36599154442779,100,nfcorpus,2.995643537595259,0.0050986409187316895,0.7821951508522034,84.47218220680952,0.09478836436955078,88.91784818843007,0.05263157894736842,PLAIN-217,0.0,5,0.3333333333333333,1.0
dense_e5_base_v2_post,0.0,0.0,1.0,0.0,0.0,0.0,0.0,,,1.0,,,,,,,,,,,,,0.0,1.0,0.0,0.0,2.9835022313540835,1.2904005650975936,13.36599154442779,100,nfcorpus,2.995643537595259,0.0050986409187316895,0.7821951508522034,103.21744679585099,0.15176219107803537,88.91784818843007,0.05263157894736842,PLAIN-217,0.0,5,0.3888888888888889,1.0
dense_e5_base_v2_pre,0.0,0.0,1.0,0.0,0.0,0.0,0.0,,,,1.0,,,,,,,,,,,,0.0,0.0,1.0,0.0,2.9835022313540835,1.2904005650975936,13.36599154442779,100,nfcorpus,2.995643537595259,0.0050986409187316895,0.7821951508522034,103.16744679585099,0.15176219107803537,88.91784818843007,0.05263157894736842,PLAIN-217,0.0,5,0.3888888888888889,1.0
rrf_dense_e5_base_v2_post,0.0,0.0,0.0,0.0,0.0,1.0,0.0,,,,,,,,1.0,,,,,,,,0.0,1.0,0.0,0.0,2.9835022313540835,1.2904005650975936,13.36599154442779,100,nfcorpus,2.995643537595259,0.0050986409187316895,0.7821951508522034,108.07424699068069,0.0,88.91784818843007,0.05263157894736842,PLAIN-217,0.0,5,0.3333333333333333,1.0
rrf_dense_e5_base_v2_pre,0.0,0.0,0.0,0.0,0.0,1.0,0.0,,,,,,,,,1.0,,,,,,,0.0,0.0,1.0,0.0,2.9835022313540835,1.2904005650975936,13.36599154442779,100,nfcorpus,2.995643537595259,0.0050986409187316895,0.7821951508522034,108.02009608596563,0.0,88.91784818843007,0.05263157894736842,PLAIN-217,0.0,5,0.3333333333333333,1.0
weighted_dense_e5_base_v2_post,0.0,0.0,0.0,0.0,0.0,0.0,1.0,,,,,,,,,,,,1.0,,,,0.0,1.0,0.0,0.0,2.9835022313540835,1.2904005650975936,13.36599154442779,100,nfcorpus,2.995643537595259,0.0050986409187316895,0.7821951508522034,108.17565311789512,0.0,88.91784818843007,0.05263157894736842,PLAIN-217,0.0,5,0.3611111111111111,1.0
weighted_dense_e5_base_v2_pre,0.0,0.0,0.0,0.0,0.0,0.0,1.0,,,,,,,,,,,,,1.0,,,0.0,0.0,1.0,0.0,2.9835022313540835,1.2904005650975936,13.36599154442779,100,nfcorpus,2.995643537595259,0.0050986409187316895,0.7821951508522034,108.11606701463461,0.0,88.91784818843007,0.05263157894736842,PLAIN-217,0.0,5,0.3611111111111111,1.0
rrf_pre,0.0,0.0,0.0,0.0,0.0,1.0,0.0,,,,,,,,,,,1.0,,,,,0.0,0.0,1.0,0.0,2.9835022313540835,1.2904005650975936,13.36599154442779,100,nfcorpus,2.995643537595259,0.0050986409187316895,0.7821951508522034,89.32504151016474,0.0,88.91784818843007,0.05263157894736842,PLAIN-217,0.0,5,0.25,1.0
weighted_pre,0.0,0.0,0.0,0.0,0.0,0.0,1.0,,,,,,,,,,,,,,,1.0,0.0,0.0,1.0,0.0,2.9835022313540835,1.2904005650975936,13.36599154442779,100,nfcorpus,2.995643537595259,0.0050986409187316895,0.7821951508522034,89.42244853824377,0.06362078819895171,88.91784818843007,0.05263157894736842,PLAIN-217,0.0,5,0.25,1.0
rerank_depth_20,0.0,0.0,0.0,0.0,1.0,0.0,0.0,,,,,,,1.0,,,,,,,,,1.0,0.0,0.0,20.0,2.9835022313540835,1.2904005650975936,13.36599154442779,38,nfcorpus,2.995643537595259,0.0050986409187316895,0.7821951508522034,96.08446254968644,0.0,88.91784818843007,0.05263157894736842,PLAIN-217,0.0,5,0.08333333333333333,1.0
bm25_post,1.0,0.0,0.0,0.0,0.0,0.0,0.0,1.0,,,,,,,,,,,,,,,0.0,1.0,0.0,0.0,2.9353368182951782,0.6657307415137179,15.573442706136163,100,nfcorpus,2.9956548299438572,0.004029393196105957,0.6571918725967407,5.404207009077072,0.09478836436955078,100.69087008014321,0.21212121212121213,PLAIN-227,0.0,5,0.025,1.0
dense_post,0.0,0.0,1.0,0.0,0.0,0.0,0.0,,,,,1.0,,,,,,,,,,,0.0,1.0,0.0,0.0,2.9353368182951782,0.6657307415137179,15.573442706136163,100,nfcorpus,2.9956548299438572,0.004029393196105957,0.6571918725967407,79.05521298870444,0.0,100.69087008014321,0.21212121212121213,PLAIN-227,0.0,5,0.05,1.0
rrf_post,0.0,0.0,0.0,0.0,0.0,1.0,0.0,,,,,,,,,,1.0,,,,,,0.0,1.0,0.0,0.0,2.9353368182951782,0.6657307415137179,15.573442706136163,100,nfcorpus,2.9956548299438572,0.004029393196105957,0.6571918725967407,84.5121891155839,0.07336392209936005,100.69087008014321,0.21212121212121213,PLAIN-227,0.0,5,0.025,1.0
weighted_post,0.0,0.0,0.0,0.0,0.0,0.0,1.0,,,,,,,,,,,,,,1.0,,0.0,1.0,0.0,0.0,2.9353368182951782,0.6657307415137179,15.573442706136163,100,nfcorpus,2.9956548299438572,0.004029393196105957,0.6571918725967407,84.63026126027107,0.08514311764162098,100.69087008014321,0.21212121212121213,PLAIN-227,0.0,5,0.025,1.0
bm25_pre,1.0,0.0,0.0,0.0,0.0,0.0,0.0,,1.0,,,,,,,,,,,,,,0.0,0.0,1.0,0.0,2.9353368182951782,0.6657307415137179,15.573442706136163,100,nfcorpus,2.9956548299438572,0.004029393196105957,0.6571918725967407,5.354207009077072,0.09478836436955078,100.69087008014321,0.21212121212121213,PLAIN-227,0.0,5,0.025,1.0
dense_pre,0.0,0.0,1.0,0.0,0.0,0.0,0.0,,,,,,1.0,,,,,,,,,,0.0,0.0,1.0,0.0,2.9353368182951782,0.6657307415137179,15.573442706136163,100,nfcorpus,2.9956548299438572,0.004029393196105957,0.6571918725967407,79.00521298870444,0.0,100.69087008014321,0.21212121212121213,PLAIN-227,0.0,5,0.05,1.0
dense_e5_base_v2_post,0.0,0.0,1.0,0.0,0.0,0.0,0.0,,,1.0,,,,,,,,,,,,,0.0,1.0,0.0,0.0,2.9353368182951782,0.6657307415137179,15.573442706136163,100,nfcorpus,2.9956548299438572,0.004029393196105957,0.6571918725967407,116.06864313706755,0.22009176629808017,100.69087008014321,0.21212121212121213,PLAIN-227,0.0,5,0.05,1.0
dense_e5_base_v2_pre,0.0,0.0,1.0,0.0,0.0,0.0,0.0,,,,1.0,,,,,,,,,,,,0.0,0.0,1.0,0.0,2.9353368182951782,0.6657307415137179,15.573442706136163,100,nfcorpus,2.9956548299438572,0.004029393196105957,0.6571918725967407,116.01864313706756,0.22009176629808017,100.69087008014321,0.21212121212121213,PLAIN-227,0.0,5,0.05,1.0
rrf_dense_e5_base_v2_post,0.0,0.0,0.0,0.0,0.0,1.0,0.0,,,,,,,,1.0,,,,,,,,0.0,1.0,0.0,0.0,2.9353368182951782,0.6657307415137179,15.573442706136163,100,nfcorpus,2.9956548299438572,0.004029393196105957,0.6571918725967407,121.51706599742174,0.22009176629808017,100.69087008014321,0.21212121212121213,PLAIN-227,0.0,5,0.025,1.0
rrf_dense_e5_base_v2_pre,0.0,0.0,0.0,0.0,0.0,1.0,0.0,,,,,,,,,1.0,,,,,,,0.0,0.0,1.0,0.0,2.9353368182951782,0.6657307415137179,15.573442706136163,100,nfcorpus,2.9956548299438572,0.004029393196105957,0.6571918725967407,121.46911211311817,0.22009176629808017,100.69087008014321,0.21212121212121213,PLAIN-227,0.0,5,0.025,1.0
weighted_dense_e5_base_v2_post,0.0,0.0,0.0,0.0,0.0,0.0,1.0,,,,,,,,,,,,1.0,,,,0.0,1.0,0.0,0.0,2.9353368182951782,0.6657307415137179,15.573442706136163,100,nfcorpus,2.9956548299438572,0.004029393196105957,0.6571918725967407,121.6339241631329,0.22009176629808017,100.69087008014321,0.21212121212121213,PLAIN-227,0.0,5,0.025,1.0
weighted_dense_e5_base_v2_pre,0.0,0.0,0.0,0.0,0.0,0.0,1.0,,,,,,,,,,,,,1.0,,,0.0,0.0,1.0,0.0,2.9353368182951782,0.6657307415137179,15.573442706136163,100,nfcorpus,2.9956548299438572,0.004029393196105957,0.6571918725967407,121.59098917618394,0.22009176629808017,100.69087008014321,0.21212121212121213,PLAIN-227,0.0,5,0.025,1.0
rrf_pre,0.0,0.0,0.0,0.0,0.0,1.0,0.0,,,,,,,,,,,1.0,,,,,0.0,0.0,1.0,0.0,2.9353368182951782,0.6657307415137179,15.573442706136163,100,nfcorpus,2.9956548299438572,0.004029393196105957,0.6571918725967407,84.45137739181519,0.07336392209936005,100.69087008014321,0.21212121212121213,PLAIN-227,0.0,5,0.025,1.0
weighted_pre,0.0,0.0,0.0,0.0,0.0,0.0,1.0,,,,,,,,,,,,,,,1.0,0.0,0.0,1.0,0.0,2.9353368182951782,0.6657307415137179,15.573442706136163,100,nfcorpus,2.9956548299438572,0.004029393196105957,0.6571918725967407,84.57410708069801,0.08514311764162098,100.69087008014321,0.21212121212121213,PLAIN-227,0.0,5,0.025,1.0
rerank_depth_20,0.0,0.0,0.0,0.0,1.0,0.0,0.0,,,,,,,1.0,,,,,,,,,1.0,0.0,0.0,20.0,2.9353368182951782,0.6657307415137179,15.573442706136163,33,nfcorpus,2.9956548299438572,0.004029393196105957,0.6571918725967407,90.29941999778151,0.08514311764162098,100.69087008014321,0.21212121212121213,PLAIN-227,0.0,5,0.025,1.0
bm25_post,1.0,0.0,0.0,0.0,0.0,0.0,0.0,1.0,,,,,,,,,,,,,,,0.0,1.0,0.0,0.0,2.990950192827797,0.2067084994029873,8.980109797403596,100,nfcorpus,2.995566381067033,0.00998145341873169,0.6923320293426514,6.426313976943493,0.0,72.52170238643885,0.02564102564102564,PLAIN-238,0.0,5,0.07407407407407407,1.0
dense_post,0.0,0.0,1.0,0.0,0.0,0.0,0.0,,,,,1.0,,,,,,,,,,,0.0,1.0,0.0,0.0,2.990950192827797,0.2067084994029873,8.980109797403596,100,nfcorpus,2.995566381067033,0.00998145341873169,0.6923320293426514,70.44715489372611,0.22009176629808017,72.52170238643885,0.02564102564102564,PLAIN-238,0.0,5,0.1111111111111111,1.0
rrf_post,0.0,0.0,0.0,0.0,0.0,1.0,0.0,,,,,,,,,,1.0,,,,,,0.0,1.0,0.0,0.0,2.990950192827797,0.2067084994029873,8.980109797403596,100,nfcorpus,2.995566381067033,0.00998145341873169,0.6923320293426514,76.91828915029764,0.13886244387355454,72.52170238643885,0.02564102564102564,PLAIN-238,0.0,5,0.05555555555555555,1.0
weighted_post,0.0,0.0,0.0,0.0,0.0,0.0,1.0,,,,,,,,,,,,,,1.0,,0.0,1.0,0.0,0.0,2.990950192827797,0.2067084994029873,8.980109797403596,100,nfcorpus,2.995566381067033,0.00998145341873169,0.6923320293426514,77.02527296841144,0.13886244387355454,72.52170238643885,0.02564102564102564,PLAIN-238,0.0,5,0.05555555555555555,1.0
bm25_pre,1.0,0.0,0.0,0.0,0.0,0.0,0.0,,1.0,,,,,,,,,,,,,,0.0,0.0,1.0,0.0,2.990950192827797,0.2067084994029873,8.980109797403596,100,nfcorpus,2.995566381067033,0.00998145341873169,0.6923320293426514,6.376313976943493,0.0,72.52170238643885,0.02564102564102564,PLAIN-238,0.0,5,0.07407407407407407,1.0
dense_pre,0.0,0.0,1.0,0.0,0.0,0.0,0.0,,,,,,1.0,,,,,,,,,,0.0,0.0,1.0,0.0,2.990950192827797,0.2067084994029873,8.980109797403596,100,nfcorpus,2.995566381067033,0.00998145341873169,0.6923320293426514,70.39715489372611,0.22009176629808017,72.52170238643885,0.02564102564102564,PLAIN-238,0.0,5,0.1111111111111111,1.0
dense_e5_base_v2_post,0.0,0.0,1.0,0.0,0.0,0.0,0.0,,,1.0,,,,,,,,,,,,,0.0,1.0,0.0,0.0,2.990950192827797,0.2067084994029873,8.980109797403596,100,nfcorpus,2.995566381067033,0.00998145341873169,0.6923320293426514,111.96720888018608,0.13886244387355454,72.52170238643885,0.02564102564102564,PLAIN-238,0.0,5,0.05555555555555555,1.0
dense_e5_base_v2_pre,0.0,0.0,1.0,0.0,0.0,0.0,0.0,,,,1.0,,,,,,,,,,,,0.0,0.0,1.0,0.0,2.990950192827797,0.2067084994029873,8.980109797403596,100,nfcorpus,2.995566381067033,0.00998145341873169,0.6923320293426514,111.91720888018608,0.13886244387355454,72.52170238643885,0.02564102564102564,PLAIN-238,0.0,5,0.05555555555555555,1.0
rrf_dense_e5_base_v2_post,0.0,0.0,0.0,0.0,0.0,1.0,0.0,,,,,,,,1.0,,,,,,,,0.0,1.0,0.0,0.0,2.990950192827797,0.2067084994029873,8.980109797403596,100,nfcorpus,2.995566381067033,0.00998145341873169,0.6923320293426514,118.42767716497183,0.11004588314904008,72.52170238643885,0.02564102564102564,PLAIN-238,0.0,5,0.07407407407407407,1.0
rrf_dense_e5_base_v2_pre,0.0,0.0,0.0,0.0,0.0,1.0,0.0,,,,,,,,,1.0,,,,,,,0.0,0.0,1.0,0.0,2.990950192827797,0.2067084994029873,8.980109797403596,100,nfcorpus,2.995566381067033,0.00998145341873169,0.6923320293426514,118.37421543896198,0.11004588314904008,72.52170238643885,0.02564102564102564,PLAIN-238,0.0,5,0.07407407407407407,1.0
weighted_dense_e5_base_v2_post,0.0,0.0,0.0,0.0,0.0,0.0,1.0,,,,,,,,,,,,1.0,,,,0.0,1.0,0.0,0.0,2.990950192827797,0.2067084994029873,8.980109797403596,100,nfcorpus,2.995566381067033,0.00998145341873169,0.6923320293426514,118.52961880266666,0.22009176629808017,72.52170238643885,0.02564102564102564,PLAIN-238,0.0,5,0.037037037037037035,1.0
weighted_dense_e5_base_v2_pre,0.0,0.0,0.0,0.0,0.0,0.0,1.0,,,,,,,,,,,,,1.0,,,0.0,0.0,1.0,0.0,2.990950192827797,0.2067084994029873,8.980109797403596,100,nfcorpus,2.995566381067033,0.00998145341873169,0.6923320293426514,118.47430421039462,0.22009176629808017,72.52170238643885,0.02564102564102564,PLAIN-238,0.0,5,0.037037037037037035,1.0
rrf_pre,0.0,0.0,0.0,0.0,0.0,1.0,0.0,,,,,,,,,,,1.0,,,,,0.0,0.0,1.0,0.0,2.990950192827797,0.2067084994029873,8.980109797403596,100,nfcorpus,2.995566381067033,0.00998145341873169,0.6923320293426514,76.85522688552737,0.13886244387355454,72.52170238643885,0.02564102564102564,PLAIN-238,0.0,5,0.05555555555555555,1.0
weighted_pre,0.0,0.0,0.0,0.0,0.0,0.0,1.0,,,,,,,,,,,,,,,1.0,0.0,0.0,1.0,0.0,2.990950192827797,0.2067084994029873,8.980109797403596,100,nfcorpus,2.995566381067033,0.00998145341873169,0.6923320293426514,76.95683976635337,0.13886244387355454,72.52170238643885,0.02564102564102564,PLAIN-238,0.0,5,0.05555555555555555,1.0
rerank_depth_20,0.0,0.0,0.0,0.0,1.0,0.0,0.0,,,,,,,1.0,,,,,,,,,1.0,0.0,0.0,20.0,2.990950192827797,0.2067084994029873,8.980109797403596,39,nfcorpus,2.995566381067033,0.00998145341873169,0.6923320293426514,83.7934688706696,0.13886244387355454,72.52170238643885,0.02564102564102564,PLAIN-238,0.0,5,0.037037037037037035,1.0
bm25_post,1.0,0.0,0.0,0.0,0.0,0.0,0.0,1.0,,,,,,,,,,,,,,,0.0,1.0,0.0,0.0,2.9939402774378125,0.25684936910467826,9.438723569116046,100,nfcorpus,2.9955465549035147,0.011345148086547852,0.8074140548706055,7.489448963850736,0.20248323207250624,89.57957522943616,0.48148148148148145,PLAIN-248,0.0,6,0.1935483870967742,1.0
dense_post,0.0,0.0,1.0,0.0,0.0,0.0,0.0,,,,,1.0,,,,,,,,,,,0.0,1.0,0.0,0.0,2.9939402774378125,0.25684936910467826,9.438723569116046,100,nfcorpus,2.9955465549035147,0.011345148086547852,0.8074140548706055,73.64731011092663,0.28323251649726616,89.57957522943616,0.48148148148148145,PLAIN-248,0.0,6,0.3548387096774194,1.0
rrf_post,0.0,0.0,0.0,0.0,0.0,1.0,0.0,,,,,,,,,,1.0,,,,,,0.0,1.0,0.0,0.0,2.9939402774378125,0.25684936910467826,9.438723569116046,100,nfcorpus,2.9955465549035147,0.011345148086547852,0.8074140548706055,81.18094000145793,0.31488013066763093,89.57957522943616,0.48148148148148145,PLAIN-248,0.0,6,0.3225806451612903,1.0
weighted_post,0.0,0.0,0.0,0.0,0.0,0.0,1.0,,,,,,,,,,,,,,1.0,,0.0,1.0,0.0,0.0,2.9939402774378125,0.25684936910467826,9.438723569116046,100,nfcorpus,2.9955465549035147,0.011345148086547852,0.8074140548706055,81.28362204059958,0.29727159644205703,89.57957522943616,0.48148148148148145,PLAIN-248,0.0,6,0.3225806451612903,1.0
bm25_pre,1.0,0.0,0.0,0.0,0.0,0.0,0.0,,1.0,,,,,,,,,,,,,,0.0,0.0,1.0,0.0,2.9939402774378125,0.25684936910467826,9.438723569116046,100,nfcorpus,2.9955465549035147,0.011345148086547852,0.8074140548706055,7.439448963850737,0.20248323207250624,89.57957522943616,0.48148148148148145,PLAIN-248,0.0,6,0.1935483870967742,1.0
dense_pre,0.0,0.0,1.0,0.0,0.0,0.0,0.0,,,,,,1.0,,,,,,,,,,0.0,0.0,1.0,0.0,2.9939402774378125,0.25684936910467826,9.438723569116046,100,nfcorpus,2.9955465549035147,0.011345148086547852,0.8074140548706055,73.59731011092663,0.28323251649726616,89.57957522943616,0.48148148148148145,PLAIN-248,0.0,6,0.3548387096774194,1.0
dense_e5_base_v2_post,0.0,0.0,1.0,0.0,0.0,0.0,0.0,,,1.0,,,,,,,,,,,,,0.0,1.0,0.0,0.0,2.9939402774378125,0.25684936910467826,9.438723569116046,100,nfcorpus,2.9955465549035147,0.011345148086547852,0.8074140548706055,111.36535330787301,0.3219505391887988,89.57957522943616,0.48148148148148145,PLAIN-248,0.0,6,0.3870967741935484,1.0
dense_e5_base_v2_pre,0.0,0.0,1.0,0.0,0.0,0.0,0.0,,,,1.0,,,,,,,,,,,,0.0,0.0,1.0,0.0,2.9939402774378125,0.25684936910467826,9.438723569116046,100,nfcorpus,2.9955465549035147,0.011345148086547852,0.8074140548706055,111.31535330787301,0.3219505391887988,89.57957522943616,0.48148148148148145,PLAIN-248,0.0,6,0.3870967741935484,1.0
rrf_dense_e5_base_v2_post,0.0,0.0,0.0,0.0,0.0,1.0,0.0,,,,,,,,1.0,,,,,,,,0.0,1.0,0.0,0.0,2.9939402774378125,0.25684936910467826,9.438723569116046,100,nfcorpus,2.9955465549035147,0.011345148086547852,0.8074140548706055,118.88650440722704,0.29062463495158997,89.57957522943616,0.48148148148148145,PLAIN-248,0.0,6,0.3225806451612903,1.0
rrf_dense_e5_base_v2_pre,0.0,0.0,0.0,0.0,0.0,1.0,0.0,,,,,,,,,1.0,,,,,,,0.0,0.0,1.0,0.0,2.9939402774378125,0.25684936910467826,9.438723569116046,100,nfcorpus,2.9955465549035147,0.011345148086547852,0.8074140548706055,118.83528344333172,0.29062463495158997,89.57957522943616,0.48148148148148145,PLAIN-248,0.0,6,0.3225806451612903,1.0
weighted_dense_e5_base_v2_post,0.0,0.0,0.0,0.0,0.0,0.0,1.0,,,,,,,,,,,,1.0,,,,0.0,1.0,0.0,0.0,2.9939402774378125,0.25684936910467826,9.438723569116046,100,nfcorpus,2.9955465549035147,0.011345148086547852,0.8074140548706055,118.985561273247,0.24655055544758614,89.57957522943616,0.48148148148148145,PLAIN-248,0.0,6,0.2903225806451613,1.0
weighted_dense_e5_base_v2_pre,0.0,0.0,0.0,0.0,0.0,0.0,1.0,,,,,,,,,,,,,1.0,,,0.0,0.0,1.0,0.0,2.9939402774378125,0.25684936910467826,9.438723569116046,100,nfcorpus,2.9955465549035147,0.011345148086547852,0.8074140548706055,118.93248138949275,0.24655055544758614,89.57957522943616,0.48148148148148145,PLAIN-248,0.0,6,0.2903225806451613,1.0
rrf_pre,0.0,0.0,0.0,0.0,0.0,1.0,0.0,,,,,,,,,,,1.0,,,,,0.0,0.0,1.0,0.0,2.9939402774378125,0.25684936910467826,9.438723569116046,100,nfcorpus,2.9955465549035147,0.011345148086547852,0.8074140548706055,81.11855667084455,0.31488013066763093,89.57957522943616,0.48148148148148145,PLAIN-248,0.0,6,0.3225806451612903,1.0
weighted_pre,0.0,0.0,0.0,0.0,0.0,0.0,1.0,,,,,,,,,,,,,,,1.0,0.0,0.0,1.0,0.0,2.9939402774378125,0.25684936910467826,9.438723569116046,100,nfcorpus,2.9955465549035147,0.011345148086547852,0.8074140548706055,81.21632505208254,0.29727159644205703,89.57957522943616,0.48148148148148145,PLAIN-248,0.0,6,0.3225806451612903,1.0
rerank_depth_20,0.0,0.0,0.0,0.0,1.0,0.0,0.0,,,,,,,1.0,,,,,,,,,1.0,0.0,0.0,20.0,2.9939402774378125,0.25684936910467826,9.438723569116046,27,nfcorpus,2.9955465549035147,0.011345148086547852,0.8074140548706055,85.89675907477736,0.22400556151517553,89.57957522943616,0.48148148148148145,PLAIN-248,0.0,6,0.22580645161290322,1.0
bm25_post,1.0,0.0,0.0,0.0,0.0,0.0,0.0,1.0,,,,,,,,,,,,,,,0.0,1.0,0.0,0.0,2.9546173777243703,0.7699617609792941,11.347591325396776,100,nfcorpus,2.9946973712468266,0.010114550590515137,0.7818038463592529,5.100542764365673,0.3589542101716347,77.48946221545339,0.08108108108108109,PLAIN-259,0.0,5,0.21428571428571427,1.0
dense_post,0.0,0.0,1.0,0.0,0.0,0.0,0.0,,,,,1.0,,,,,,,,,,,0.0,1.0,0.0,0.0,2.9546173777243703,0.7699617609792941,11.347591325396776,100,nfcorpus,2.9946973712468266,0.010114550590515137,0.7818038463592529,82.98014066293835,0.43231813227099475,77.48946221545339,0.08108108108108109,PLAIN-259,0.0,5,0.2857142857142857,1.0
rrf_post,0.0,0.0,0.0,0.0,0.0,1.0,0.0,,,,,,,,,,1.0,,,,,,0.0,1.0,0.0,0.0,2.9546173777243703,0.7699617609792941,11.347591325396776,100,nfcorpus,2.9946973712468266,0.010114550590515137,0.7818038463592529,88.13255940675735,0.3589542101716347,77.48946221545339,0.08108108108108109,PLAIN-259,0.0,5,0.2857142857142857,1.0
weighted_post,0.0,0.0,0.0,0.0,0.0,0.0,1.0,,,,,,,,,,,,,,1.0,,0.0,1.0,0.0,0.0,2.9546173777243703,0.7699617609792941,11.347591325396776,100,nfcorpus,2.9946973712468266,0.010114550590515137,0.7818038463592529,88.24927927106619,0.3589542101716347,77.48946221545339,0.08108108108108109,PLAIN-259,0.0,5,0.2857142857142857,1.0
bm25_pre,1.0,0.0,0.0,0.0,0.0,0.0,0.0,,1.0,,,,,,,,,,,,,,0.0,0.0,1.0,0.0,2.9546173777243703,0.7699617609792941,11.347591325396776,100,nfcorpus,2.9946973712468266,0.010114550590515137,0.7818038463592529,5.050542764365673,0.3589542101716347,77.48946221545339,0.08108108108108109,PLAIN-259,0.0,5,0.21428571428571427,1.0
dense_pre,0.0,0.0,1.0,0.0,0.0,0.0,0.0,,,,,,1.0,,,,,,,,,,0.0,0.0,1.0,0.0,2.9546173777243703,0.7699617609792941,11.347591325396776,100,nfcorpus,2.9946973712468266,0.010114550590515137,0.7818038463592529,82.93014066293836,0.43231813227099475,77.48946221545339,0.08108108108108109,PLAIN-259,0.0,5,0.2857142857142857,1.0
dense_e5_base_v2_post,0.0,0.0,1.0,0.0,0.0,0.0,0.0,,,1.0,,,,,,,,,,,,,0.0,1.0,0.0,0.0,2.9546173777243703,0.7699617609792941,11.347591325396776,100,nfcorpus,2.9946973712468266,0.010114550590515137,0.7818038463592529,96.97754782736301,0.4690000933206748,77.48946221545339,0.08108108108108109,PLAIN-259,0.0,5,0.21428571428571427,1.0
dense_e5_base_v2_pre,0.0,0.0,1.0,0.0,0.0,0.0,0.0,,,,1.0,,,,,,,,,,,,0.0,0.0,1.0,0.0,2.9546173777243703,0.7699617609792941,11.347591325396776,100,nfcorpus,2.9946973712468266,0.010114550590515137,0.7818038463592529,96.92754782736301,0.4690000933206748,77.48946221545339,0.08108108108108109,PLAIN-259,0.0,5,0.21428571428571427,1.0
rrf_dense_e5_base_v2_post,0.0,0.0,0.0,0.0,0.0,1.0,0.0,,,,,,,,1.0,,,,,,,,0.0,1.0,0.0,0.0,2.9546173777243703,0.7699617609792941,11.347591325396776,100,nfcorpus,2.9946973712468266,0.010114550590515137,0.7818038463592529,102.11590127199888,0.3589542101716347,77.48946221545339,0.08108108108108109,PLAIN-259,0.0,5,0.2857142857142857,1.0
rrf_dense_e5_base_v2_pre,0.0,0.0,0.0,0.0,0.0,1.0,0.0,,,,,,,,,1.0,,,,,,,0.0,0.0,1.0,0.0,2.9546173777243703,0.7699617609792941,11.347591325396776,100,nfcorpus,2.9946973712468266,0.010114550590515137,0.7818038463592529,102.06320649012923,0.3589542101716347,77.48946221545339,0.08108108108108109,PLAIN-259,0.0,5,0.2857142857142857,1.0
weighted_dense_e5_base_v2_post,0.0,0.0,0.0,0.0,0.0,0.0,1.0,,,,,,,,,,,,1.0,,,,0.0,1.0,0.0,0.0,2.9546173777243703,0.7699617609792941,11.347591325396776,100,nfcorpus,2.9946973712468266,0.010114550590515137,0.7818038463592529,102.2357876330614,0.4440973278132557,77.48946221545339,0.08108108108108109,PLAIN-259,0.0,5,0.2857142857142857,1.0
weighted_dense_e5_base_v2_pre,0.0,0.0,0.0,0.0,0.0,0.0,1.0,,,,,,,,,,,,,1.0,,,0.0,0.0,1.0,0.0,2.9546173777243703,0.7699617609792941,11.347591325396776,100,nfcorpus,2.9946973712468266,0.010114550590515137,0.7818038463592529,102.18039574101567,0.4440973278132557,77.48946221545339,0.08108108108108109,PLAIN-259,0.0,5,0.2857142857142857,1.0
rrf_pre,0.0,0.0,0.0,0.0,0.0,1.0,0.0,,,,,,,,,,,1.0,,,,,0.0,0.0,1.0,0.0,2.9546173777243703,0.7699617609792941,11.347591325396776,100,nfcorpus,2.9946973712468266,0.010114550590515137,0.7818038463592529,88.0669024772942,0.3589542101716347,77.48946221545339,0.08108108108108109,PLAIN-259,0.0,5,0.2857142857142857,1.0
weighted_pre,0.0,0.0,0.0,0.0,0.0,0.0,1.0,,,,,,,,,,,,,,,1.0,0.0,0.0,1.0,0.0,2.9546173777243703,0.7699617609792941,11.347591325396776,100,nfcorpus,2.9946973712468266,0.010114550590515137,0.7818038463592529,88.18196738138795,0.3589542101716347,77.48946221545339,0.08108108108108109,PLAIN-259,0.0,5,0.2857142857142857,1.0
rerank_depth_20,0.0,0.0,0.0,0.0,1.0,0.0,0.0,,,,,,,1.0,,,,,,,,,1.0,0.0,0.0,20.0,2.9546173777243703,0.7699617609792941,11.347591325396776,37,nfcorpus,2.9946973712468266,0.010114550590515137,0.7818038463592529,94.64068342730403,0.3589542101716347,77.48946221545339,0.08108108108108109,PLAIN-259,0.0,5,0.2857142857142857,1.0
bm25_post,1.0,0.0,0.0,0.0,0.0,0.0,0.0,1.0,,,,,,,,,,,,,,,0.0,1.0,0.0,0.0,2.984264674183984,2.1842483514954587,11.93960284442414,100,nfcorpus,2.9948589556235508,0.08731091022491455,0.7421332597732544,4.890473178774118,0.22009176629808017,131.748687941581,0.2903225806451613,PLAIN-270,0.0,5,0.2692307692307692,1.0
dense_post,0.0,0.0,1.0,0.0,0.0,0.0,0.0,,,,,1.0,,,,,,,,,,,0.0,1.0,0.0,0.0,2.984264674183984,2.1842483514954587,11.93960284442414,100,nfcorpus,2.9948589556235508,0.08731091022491455,0.7421332597732544,52.89783104434609,0.28371255449703187,131.748687941581,0.2903225806451613,PLAIN-270,0.0,5,0.3076923076923077,1.0
rrf_post,0.0,0.0,0.0,0.0,0.0,1.0,0.0,,,,,,,,,,1.0,,,,,,0.0,1.0,0.0,0.0,2.984264674183984,2.1842483514954587,11.93960284442414,100,nfcorpus,2.9948589556235508,0.08731091022491455,0.7421332597732544,57.828512127697465,0.22009176629808017,131.748687941581,0.2903225806451613,PLAIN-270,0.0,5,0.3076923076923077,1.0
weighted_post,0.0,0.0,0.0,0.0,0.0,0.0,1.0,,,,,,,,,,,,,,1.0,,0.0,1.0,0.0,0.0,2.984264674183984,2.1842483514954587,11.93960284442414,100,nfcorpus,2.9948589556235508,0.08731091022491455,0.7421332597732544,57.920459277182815,0.28371255449703187,131.748687941581,0.2903225806451613,PLAIN-270,0.0,5,0.28846153846153844,1.0
bm25_pre,1.0,0.0,0.0,0.0,0.0,0.0,0.0,,1.0,,,,,,,,,,,,,,0.0,0.0,1.0,0.0,2.984264674183984,2.1842483514954587,11.93960284442414,100,nfcorpus,2.9948589556235508,0.08731091022491455,0.7421332597732544,4.840473178774118,0.22009176629808017,131.748687941581,0.2903225806451613,PLAIN-270,0.0,5,0.2692307692307692,1.0
dense_pre,0.0,0.0,1.0,0.0,0.0,0.0,0.0,,,,,,1.0,,,,,,,,,,0.0,0.0,1.0,0.0,2.984264674183984,2.1842483514954587,11.93960284442414,100,nfcorpus,2.9948589556235508,0.08731091022491455,0.7421332597732544,52.847831044346094,0.28371255449703187,131.748687941581,0.2903225806451613,PLAIN-270,0.0,5,0.3076923076923077,1.0
dense_e5_base_v2_post,0.0,0.0,1.0,0.0,0.0,0.0,0.0,,,1.0,,,,,,,,,,,,,0.0,1.0,0.0,0.0,2.984264674183984,2.1842483514954587,11.93960284442414,100,nfcorpus,2.9948589556235508,0.08731091022491455,0.7421332597732544,102.59916595295071,0.43231813227099475,131.748687941581,0.2903225806451613,PLAIN-270,0.0,5,0.2692307692307692,1.0
dense_e5_base_v2_pre,0.0,0.0,1.0,0.0,0.0,0.0,0.0,,,,1.0,,,,,,,,,,,,0.0,0.0,1.0,0.0,2.984264674183984,2.1842483514954587,11.93960284442414,100,nfcorpus,2.9948589556235508,0.08731091022491455,0.7421332597732544,102.54916595295072,0.43231813227099475,131.748687941581,0.2903225806451613,PLAIN-270,0.0,5,0.2692307692307692,1.0
rrf_dense_e5_base_v2_post,0.0,0.0,0.0,0.0,0.0,1.0,0.0,,,,,,,,1.0,,,,,,,,0.0,1.0,0.0,0.0,2.984264674183984,2.1842483514954587,11.93960284442414,100,nfcorpus,2.9948589556235508,0.08731091022491455,0.7421332597732544,107.51833775192499,0.37185395737611554,131.748687941581,0.2903225806451613,PLAIN-270,0.0,5,0.28846153846153844,1.0
rrf_dense_e5_base_v2_pre,0.0,0.0,0.0,0.0,0.0,1.0,0.0,,,,,,,,,1.0,,,,,,,0.0,0.0,1.0,0.0,2.984264674183984,2.1842483514954587,11.93960284442414,100,nfcorpus,2.9948589556235508,0.08731091022491455,0.7421332597732544,107.4655088596046,0.37185395737611554,131.748687941581,0.2903225806451613,PLAIN-270,0.0,5,0.28846153846153844,1.0
weighted_dense_e5_base_v2_post,0.0,0.0,0.0,0.0,0.0,0.0,1.0,,,,,,,,,,,,1.0,,,,0.0,1.0,0.0,0.0,2.984264674183984,2.1842483514954587,11.93960284442414,100,nfcorpus,2.9948589556235508,0.08731091022491455,0.7421332597732544,107.60895497277379,0.3963918729015093,131.748687941581,0.2903225806451613,PLAIN-270,0.0,5,0.28846153846153844,1.0
weighted_dense_e5_base_v2_pre,0.0,0.0,0.0,0.0,0.0,0.0,1.0,,,,,,,,,,,,,1.0,,,0.0,0.0,1.0,0.0,2.984264674183984,2.1842483514954587,11.93960284442414,100,nfcorpus,2.9948589556235508,0.08731091022491455,0.7421332597732544,107.56779415532947,0.3963918729015093,131.748687941581,0.2903225806451613,PLAIN-270,0.0,5,0.28846153846153844,1.0
rrf_pre,0.0,0.0,0.0,0.0,0.0,1.0,0.0,,,,,,,,,,,1.0,,,,,0.0,0.0,1.0,0.0,2.984264674183984,2.1842483514954587,11.93960284442414,100,nfcorpus,2.9948589556235508,0.08731091022491455,0.7421332597732544,57.7657138928771,0.22009176629808017,131.748687941581,0.2903225806451613,PLAIN-270,0.0,5,0.3076923076923077,1.0
weighted_pre,0.0,0.0,0.0,0.0,0.0,0.0,1.0,,,,,,,,,,,,,,,1.0,0.0,0.0,1.0,0.0,2.984264674183984,2.1842483514954587,11.93960284442414,100,nfcorpus,2.9948589556235508,0.08731091022491455,0.7421332597732544,57.85902123898268,0.28371255449703187,131.748687941581,0.2903225806451613,PLAIN-270,0.0,5,0.28846153846153844,1.0
rerank_depth_20,0.0,0.0,0.0,0.0,1.0,0.0,0.0,,,,,,,1.0,,,,,,,,,1.0,0.0,0.0,20.0,2.984264674183984,2.1842483514954587,11.93960284442414,31,nfcorpus,2.9948589556235508,0.08731091022491455,0.7421332597732544,63.26830422312021,0.2863459897524692,131.748687941581,0.2903225806451613,PLAIN-270,0.0,5,0.1346153846153846,1.0
bm25_post,1.0,0.0,0.0,0.0,0.0,0.0,0.0,1.0,,,,,,,,,,,,,,,0.0,1.0,0.0,0.0,2.9739622272528834,0.3092467093582396,15.743656884233634,100,nfcorpus,2.9948483652780067,0.025296568870544434,0.7946476936340332,4.55736004859209,0.40853591842579556,97.34402084723115,0.25,PLAIN-280,0.0,5,0.4,1.0
dense_post,0.0,0.0,1.0,0.0,0.0,0.0,0.0,,,,,1.0,,,,,,,,,,,0.0,1.0,0.0,0.0,2.9739622272528834,0.3092467093582396,15.743656884233634,100,nfcorpus,2.9948483652780067,0.025296568870544434,0.7946476936340332,93.50478704199195,0.4885468020156227,97.34402084723115,0.25,PLAIN-280,0.0,5,0.6,1.0
rrf_post,0.0,0.0,0.0,0.0,0.0,1.0,0.0,,,,,,,,,,1.0,,,,,,0.0,1.0,0.0,0.0,2.9739622272528834,0.3092467093582396,15.743656884233634,100,nfcorpus,2.9948483652780067,0.025296568870544434,0.7946476936340332,98.10623115971684,0.4690000933206748,97.34402084723115,0.25,PLAIN-280,0.0,5,0.45,1.0
weighted_post,0.0,0.0,0.0,0.0,0.0,0.0,1.0,,,,,,,,,,,,,,1.0,,0.0,1.0,0.0,0.0,2.9739622272528834,0.3092467093582396,15.743656884233634,100,nfcorpus,2.9948483652780067,0.025296568870544434,0.7946476936340332,98.21401172429323,0.4690000933206748,97.34402084723115,0.25,PLAIN-280,0.0,5,0.45,1.0
bm25_pre,1.0,0.0,0.0,0.0,0.0,0.0,0.0,,1.0,,,,,,,,,,,,,,0.0,0.0,1.0,0.0,2.9739622272528834,0.3092467093582396,15.743656884233634,100,nfcorpus,2.9948483652780067,0.025296568870544434,0.7946476936340332,4.507360048592091,0.40853591842579556,97.34402084723115,0.25,PLAIN-280,0.0,5,0.4,1.0
dense_pre,0.0,0.0,1.0,0.0,0.0,0.0,0.0,,,,,,1.0,,,,,,,,,,0.0,0.0,1.0,0.0,2.9739622272528834,0.3092467093582396,15.743656884233634,100,nfcorpus,2.9948483652780067,0.025296568870544434,0.7946476936340332,93.45478704199195,0.4885468020156227,97.34402084723115,0.25,PLAIN-280,0.0,5,0.6,1.0
dense_e5_base_v2_post,0.0,0.0,1.0,0.0,0.0,0.0,0.0,,,1.0,,,,,,,,,,,,,0.0,1.0,0.0,0.0,2.9739622272528834,0.3092467093582396,15.743656884233634,100,nfcorpus,2.9948483652780067,0.025296568870544434,0.7946476936340332,102.13524903282523,0.42838543210841196,97.34402084723115,0.25,PLAIN-280,0.0,5,0.5,1.0
dense_e5_base_v2_pre,0.0,0.0,1.0,0.0,0.0,0.0,0.0,,,,1.0,,,,,,,,,,,,0.0,0.0,1.0,0.0,2.9739622272528834,0.3092467093582396,15.743656884233634,100,nfcorpus,2.9948483652780067,0.025296568870544434,0.7946476936340332,102.08524903282523,0.42838543210841196,97.34402084723115,0.25,PLAIN-280,0.0,5,0.5,1.0
rrf_dense_e5_base_v2_post,0.0,0.0,0.0,0.0,0.0,1.0,0.0,,,,,,,,1.0,,,,,,,,0.0,1.0,0.0,0.0,2.9739622272528834,0.3092467093582396,15.743656884233634,100,nfcorpus,2.9948483652780067,0.025296568870544434,0.7946476936340332,106.72331516742706,0.4690000933206748,97.34402084723115,0.25,PLAIN-280,0.0,5,0.45,1.0
rrf_dense_e5_base_v2_pre,0.0,0.0,0.0,0.0,0.0,1.0,0.0,,,,,,,,,1.0,,,,,,,0.0,0.0,1.0,0.0,2.9739622272528834,0.3092467093582396,15.743656884233634,100,nfcorpus,2.9948483652780067,0.025296568870544434,0.7946476936340332,106.66963970288634,0.4690000933206748,97.34402084723115,0.25,PLAIN-280,0.0,5,0.45,1.0
weighted_dense_e5_base_v2_post,0.0,0.0,0.0,0.0,0.0,0.0,1.0,,,,,,,,,,,,1.0,,,,0.0,1.0,0.0,0.0,2.9739622272528834,0.3092467093582396,15.743656884233634,100,nfcorpus,2.9948483652780067,0.025296568870544434,0.7946476936340332,106.81786722615361,0.4537425745411855,97.34402084723115,0.25,PLAIN-280,0.0,5,0.5,1.0
weighted_dense_e5_base_v2_pre,0.0,0.0,0.0,0.0,0.0,0.0,1.0,,,,,,,,,,,,,1.0,,,0.0,0.0,1.0,0.0,2.9739622272528834,0.3092467093582396,15.743656884233634,100,nfcorpus,2.9948483652780067,0.025296568870544434,0.7946476936340332,106.75971303135157,0.4537425745411855,97.34402084723115,0.25,PLAIN-280,0.0,5,0.5,1.0
rrf_pre,0.0,0.0,0.0,0.0,0.0,1.0,0.0,,,,,,,,,,,1.0,,,,,0.0,0.0,1.0,0.0,2.9739622272528834,0.3092467093582396,15.743656884233634,100,nfcorpus,2.9948483652780067,0.025296568870544434,0.7946476936340332,98.04051090031862,0.4690000933206748,97.34402084723115,0.25,PLAIN-280,0.0,5,0.45,1.0
weighted_pre,0.0,0.0,0.0,0.0,0.0,0.0,1.0,,,,,,,,,,,,,,,1.0,0.0,0.0,1.0,0.0,2.9739622272528834,0.3092467093582396,15.743656884233634,100,nfcorpus,2.9948483652780067,0.025296568870544434,0.7946476936340332,98.41611888259649,0.4690000933206748,97.34402084723115,0.25,PLAIN-280,0.0,5,0.45,1.0
rerank_depth_20,0.0,0.0,0.0,0.0,1.0,0.0,0.0,,,,,,,1.0,,,,,,,,,1.0,0.0,0.0,20.0,2.9739622272528834,0.3092467093582396,15.743656884233634,32,nfcorpus,2.9948483652780067,0.025296568870544434,0.7946476936340332,103.72214709058404,0.4690000933206748,97.34402084723115,0.25,PLAIN-280,0.0,5,0.4,1.0
bm25_post,1.0,0.0,0.0,0.0,0.0,0.0,0.0,1.0,,,,,,,,,,,,,,,0.0,1.0,0.0,0.0,2.9860150987790974,0.0,13.524197963930874,100,nfcorpus,2.9956249466378617,0.001597762107849121,0.8020086288452148,5.773773036152124,0.3589542101716347,87.72528683766723,0.21212121212121213,PLAIN-291,0.0,6,0.3076923076923077,1.0
dense_post,0.0,0.0,1.0,0.0,0.0,0.0,0.0,,,,,1.0,,,,,,,,,,,0.0,1.0,0.0,0.0,2.9860150987790974,0.0,13.524197963930874,100,nfcorpus,2.9956249466378617,0.001597762107849121,0.8020086288452148,92.40594607889652,0.40030566811860463,87.72528683766723,0.21212121212121213,PLAIN-291,0.0,6,0.6153846153846154,1.0
rrf_post,0.0,0.0,0.0,0.0,0.0,1.0,0.0,,,,,,,,,,1.0,,,,,,0.0,1.0,0.0,0.0,2.9860150987790974,0.0,13.524197963930874,100,nfcorpus,2.9956249466378617,0.001597762107849121,0.8020086288452148,98.22303624004125,0.42838543210841196,87.72528683766723,0.21212121212121213,PLAIN-291,0.0,6,0.6153846153846154,1.0
weighted_post,0.0,0.0,0.0,0.0,0.0,0.0,1.0,,,,,,,,,,,,,,1.0,,0.0,1.0,0.0,0.0,2.9860150987790974,0.0,13.524197963930874,100,nfcorpus,2.9956249466378617,0.001597762107849121,0.8020086288452148,98.31105739921331,0.3589542101716347,87.72528683766723,0.21212121212121213,PLAIN-291,0.0,6,0.6153846153846154,1.0
bm25_pre,1.0,0.0,0.0,0.0,0.0,0.0,0.0,,1.0,,,,,,,,,,,,,,0.0,0.0,1.0,0.0,2.9860150987790974,0.0,13.524197963930874,100,nfcorpus,2.9956249466378617,0.001597762107849121,0.8020086288452148,5.723773036152124,0.3589542101716347,87.72528683766723,0.21212121212121213,PLAIN-291,0.0,6,0.3076923076923077,1.0
dense_pre,0.0,0.0,1.0,0.0,0.0,0.0,0.0,,,,,,1.0,,,,,,,,,,0.0,0.0,1.0,0.0,2.9860150987790974,0.0,13.524197963930874,100,nfcorpus,2.9956249466378617,0.001597762107849121,0.8020086288452148,92.35594607889652,0.40030566811860463,87.72528683766723,0.21212121212121213,PLAIN-291,0.0,6,0.6153846153846154,1.0
dense_e5_base_v2_post,0.0,0.0,1.0,0.0,0.0,0.0,0.0,,,1.0,,,,,,,,,,,,,0.0,1.0,0.0,0.0,2.9860150987790974,0.0,13.524197963930874,100,nfcorpus,2.9956249466378617,0.001597762107849121,0.8020086288452148,100.656351159513,0.22009176629808017,87.72528683766723,0.21212121212121213,PLAIN-291,0.0,6,0.46153846153846156,1.0
dense_e5_base_v2_pre,0.0,0.0,1.0,0.0,0.0,0.0,0.0,,,,1.0,,,,,,,,,,,,0.0,0.0,1.0,0.0,2.9860150987790974,0.0,13.524197963930874,100,nfcorpus,2.9956249466378617,0.001597762107849121,0.8020086288452148,100.606351159513,0.22009176629808017,87.72528683766723,0.21212121212121213,PLAIN-291,0.0,6,0.46153846153846156,1.0
rrf_dense_e5_base_v2_post,0.0,0.0,0.0,0.0,0.0,1.0,0.0,,,,,,,,1.0,,,,,,,,0.0,1.0,0.0,0.0,2.9860150987790974,0.0,13.524197963930874,100,nfcorpus,2.9956249466378617,0.001597762107849121,0.8020086288452148,106.46079721972346,0.2489083270225946,87.72528683766723,0.21212121212121213,PLAIN-291,0.0,6,0.46153846153846156,1.0
rrf_dense_e5_base_v2_pre,0.0,0.0,0.0,0.0,0.0,1.0,0.0,,,,,,,,,1.0,,,,,,,0.0,0.0,1.0,0.0,2.9860150987790974,0.0,13.524197963930874,100,nfcorpus,2.9956249466378617,0.001597762107849121,0.8020086288452148,106.40971129760146,0.2489083270225946,87.72528683766723,0.21212121212121213,PLAIN-291,0.0,6,0.46153846153846156,1.0
weighted_dense_e5_base_v2_post,0.0,0.0,0.0,0.0,0.0,0.0,1.0,,,,,,,,,,,,1.0,,,,0.0,1.0,0.0,0.0,2.9860150987790974,0.0,13.524197963930874,100,nfcorpus,2.9956249466378617,0.001597762107849121,0.8020086288452148,106.55716722011566,0.32730659600126993,87.72528683766723,0.21212121212121213,PLAIN-291,0.0,6,0.5384615384615384,1.0
weighted_dense_e5_base_v2_pre,0.0,0.0,0.0,0.0,0.0,0.0,1.0,,,,,,,,,,,,,1.0,,,0.0,0.0,1.0,0.0,2.9860150987790974,0.0,13.524197963930874,100,nfcorpus,2.9956249466378617,0.001597762107849121,0.8020086288452148,106.49622837081552,0.32730659600126993,87.72528683766723,0.21212121212121213,PLAIN-291,0.0,6,0.5384615384615384,1.0
rrf_pre,0.0,0.0,0.0,0.0,0.0,1.0,0.0,,,,,,,,,,,1.0,,,,,0.0,0.0,1.0,0.0,2.9860150987790974,0.0,13.524197963930874,100,nfcorpus,2.9956249466378617,0.001597762107849121,0.8020086288452148,98.15996931865811,0.42838543210841196,87.72528683766723,0.21212121212121213,PLAIN-291,0.0,6,0.6153846153846154,1.0
weighted_pre,0.0,0.0,0.0,0.0,0.0,0.0,1.0,,,,,,,,,,,,,,,1.0,0.0,0.0,1.0,0.0,2.9860150987790974,0.0,13.524197963930874,100,nfcorpus,2.9956249466378617,0.001597762107849121,0.8020086288452148,98.24330313131213,0.3589542101716347,87.72528683766723,0.21212121212121213,PLAIN-291,0.0,6,0.6153846153846154,1.0
rerank_depth_20,0.0,0.0,0.0,0.0,1.0,0.0,0.0,,,,,,,1.0,,,,,,,,,1.0,0.0,0.0,20.0,2.9860150987790974,0.0,13.524197963930874,33,nfcorpus,2.9956249466378617,0.001597762107849121,0.8020086288452148,104.01971911504864,0.3589542101716347,87.72528683766723,0.21212121212121213,PLAIN-291,0.0,6,0.46153846153846156,1.0
bm25_post,1.0,0.0,0.0,0.0,0.0,0.0,0.0,1.0,,,,,,,,,,,,,,,0.0,1.0,0.0,0.0,2.984353584728292,0.7758252485051198,15.497687379092387,100,nfcorpus,2.994988849035151,0.02142047882080078,0.7979864478111267,8.441458075493575,0.5937751258332797,87.72090915590525,0.3333333333333333,PLAIN-307,0.0,9,1.0,1.0
dense_post,0.0,0.0,1.0,0.0,0.0,0.0,0.0,,,,,1.0,,,,,,,,,,,0.0,1.0,0.0,0.0,2.984353584728292,0.7758252485051198,15.497687379092387,100,nfcorpus,2.994988849035151,0.02142047882080078,0.7979864478111267,75.97437695711851,0.9674679834891694,87.72090915590525,0.3333333333333333,PLAIN-307,0.0,9,1.0,1.0
rrf_post,0.0,0.0,0.0,0.0,0.0,1.0,0.0,,,,,,,,,,1.0,,,,,,0.0,1.0,0.0,0.0,2.984353584728292,0.7758252485051198,15.497687379092387,100,nfcorpus,2.994988849035151,0.02142047882080078,0.7979864478111267,84.460788025707,0.932521091954824,87.72090915590525,0.3333333333333333,PLAIN-307,0.0,9,1.0,1.0
weighted_post,0.0,0.0,0.0,0.0,0.0,0.0,1.0,,,,,,,,,,,,,,1.0,,0.0,1.0,0.0,0.0,2.984353584728292,0.7758252485051198,15.497687379092387,100,nfcorpus,2.994988849035151,0.02142047882080078,0.7979864478111267,84.56324002817273,0.9674679834891694,87.72090915590525,0.3333333333333333,PLAIN-307,0.0,9,1.0,1.0
bm25_pre,1.0,0.0,0.0,0.0,0.0,0.0,0.0,,1.0,,,,,,,,,,,,,,0.0,0.0,1.0,0.0,2.984353584728292,0.7758252485051198,15.497687379092387,100,nfcorpus,2.994988849035151,0.02142047882080078,0.7979864478111267,8.391458075493574,0.5937751258332797,87.72090915590525,0.3333333333333333,PLAIN-307,0.0,9,1.0,1.0
dense_pre,0.0,0.0,1.0,0.0,0.0,0.0,0.0,,,,,,1.0,,,,,,,,,,0.0,0.0,1.0,0.0,2.984353584728292,0.7758252485051198,15.497687379092387,100,nfcorpus,2.994988849035151,0.02142047882080078,0.7979864478111267,75.92437695711851,0.9674679834891694,87.72090915590525,0.3333333333333333,PLAIN-307,0.0,9,1.0,1.0
dense_e5_base_v2_post,0.0,0.0,1.0,0.0,0.0,0.0,0.0,,,1.0,,,,,,,,,,,,,0.0,1.0,0.0,0.0,2.984353584728292,0.7758252485051198,15.497687379092387,100,nfcorpus,2.994988849035151,0.02142047882080078,0.7979864478111267,102.9506210155785,1.0,87.72090915590525,0.3333333333333333,PLAIN-307,0.0,9,1.0,1.0
dense_e5_base_v2_pre,0.0,0.0,1.0,0.0,0.0,0.0,0.0,,,,1.0,,,,,,,,,,,,0.0,0.0,1.0,0.0,2.984353584728292,0.7758252485051198,15.497687379092387,100,nfcorpus,2.994988849035151,0.02142047882080078,0.7979864478111267,102.90062101557851,1.0,87.72090915590525,0.3333333333333333,PLAIN-307,0.0,9,1.0,1.0
rrf_dense_e5_base_v2_post,0.0,0.0,0.0,0.0,0.0,1.0,0.0,,,,,,,,1.0,,,,,,,,0.0,1.0,0.0,0.0,2.984353584728292,0.7758252485051198,15.497687379092387,100,nfcorpus,2.994988849035151,0.02142047882080078,0.7979864478111267,111.42388227507472,1.0,87.72090915590525,0.3333333333333333,PLAIN-307,0.0,9,1.0,1.0
rrf_dense_e5_base_v2_pre,0.0,0.0,0.0,0.0,0.0,1.0,0.0,,,,,,,,,1.0,,,,,,,0.0,0.0,1.0,0.0,2.984353584728292,0.7758252485051198,15.497687379092387,100,nfcorpus,2.994988849035151,0.02142047882080078,0.7979864478111267,111.37765692546964,1.0,87.72090915590525,0.3333333333333333,PLAIN-307,0.0,9,1.0,1.0
weighted_dense_e5_base_v2_post,0.0,0.0,0.0,0.0,0.0,0.0,1.0,,,,,,,,,,,,1.0,,,,0.0,1.0,0.0,0.0,2.984353584728292,0.7758252485051198,15.497687379092387,100,nfcorpus,2.994988849035151,0.02142047882080078,0.7979864478111267,111.52787841036915,0.9060254355346824,87.72090915590525,0.3333333333333333,PLAIN-307,0.0,9,1.0,1.0
weighted_dense_e5_base_v2_pre,0.0,0.0,0.0,0.0,0.0,0.0,1.0,,,,,,,,,,,,,1.0,,,0.0,0.0,1.0,0.0,2.984353584728292,0.7758252485051198,15.497687379092387,100,nfcorpus,2.994988849035151,0.02142047882080078,0.7979864478111267,111.46913515403867,0.9060254355346824,87.72090915590525,0.3333333333333333,PLAIN-307,0.0,9,1.0,1.0
rrf_pre,0.0,0.0,0.0,0.0,0.0,1.0,0.0,,,,,,,,,,,1.0,,,,,0.0,0.0,1.0,0.0,2.984353584728292,0.7758252485051198,15.497687379092387,100,nfcorpus,2.994988849035151,0.02142047882080078,0.7979864478111267,84.399557672441,0.932521091954824,87.72090915590525,0.3333333333333333,PLAIN-307,0.0,9,1.0,1.0
weighted_pre,0.0,0.0,0.0,0.0,0.0,0.0,1.0,,,,,,,,,,,,,,,1.0,0.0,0.0,1.0,0.0,2.984353584728292,0.7758252485051198,15.497687379092387,100,nfcorpus,2.994988849035151,0.02142047882080078,0.7979864478111267,84.4988590106368,0.9674679834891694,87.72090915590525,0.3333333333333333,PLAIN-307,0.0,9,1.0,1.0
rerank_depth_20,0.0,0.0,0.0,0.0,1.0,0.0,0.0,,,,,,,1.0,,,,,,,,,1.0,0.0,0.0,20.0,2.984353584728292,0.7758252485051198,15.497687379092387,30,nfcorpus,2.994988849035151,0.02142047882080078,0.7979864478111267,89.71583503261209,0.9469024295259745,87.72090915590525,0.3333333333333333,PLAIN-307,0.0,9,1.0,1.0
bm25_post,1.0,0.0,0.0,0.0,0.0,0.0,0.0,1.0,,,,,,,,,,,,,,,0.0,1.0,0.0,0.0,2.9936897046434323,0.12058050750756699,9.82674770362264,100,nfcorpus,2.9954538103617194,0.0369914174079895,0.9019993543624878,4.092861983180046,0.0,93.93292898312211,0.3793103448275862,PLAIN-320,0.0,4,0.2857142857142857,1.0
dense_post,0.0,0.0,1.0,0.0,0.0,0.0,0.0,,,,,1.0,,,,,,,,,,,0.0,1.0,0.0,0.0,2.9936897046434323,0.12058050750756699,9.82674770362264,100,nfcorpus,2.9954538103617194,0.0369914174079895,0.9019993543624878,93.10336605757475,0.0,93.93292898312211,0.3793103448275862,PLAIN-320,0.0,4,0.35714285714285715,1.0
rrf_post,0.0,0.0,0.0,0.0,0.0,1.0,0.0,,,,,,,,,,1.0,,,,,,0.0,1.0,0.0,0.0,2.9936897046434323,0.12058050750756699,9.82674770362264,100,nfcorpus,2.9954538103617194,0.0369914174079895,0.9019993543624878,97.245774782449,0.0,93.93292898312211,0.3793103448275862,PLAIN-320,0.0,4,0.35714285714285715,1.0
weighted_post,0.0,0.0,0.0,0.0,0.0,0.0,1.0,,,,,,,,,,,,,,1.0,,0.0,1.0,0.0,0.0,2.9936897046434323,0.12058050750756699,9.82674770362264,100,nfcorpus,2.9954538103617194,0.0369914174079895,0.9019993543624878,97.33333679959178,0.0,93.93292898312211,0.3793103448275862,PLAIN-320,0.0,4,0.30952380952380953,1.0
bm25_pre,1.0,0.0,0.0,0.0,0.0,0.0,0.0,,1.0,,,,,,,,,,,,,,0.0,0.0,1.0,0.0,2.9936897046434323,0.12058050750756699,9.82674770362264,100,nfcorpus,2.9954538103617194,0.0369914174079895,0.9019993543624878,4.042861983180046,0.0,93.93292898312211,0.3793103448275862,PLAIN-320,0.0,4,0.2857142857142857,1.0
dense_pre,0.0,0.0,1.0,0.0,0.0,0.0,0.0,,,,,,1.0,,,,,,,,,,0.0,0.0,1.0,0.0,2.9936897046434323,0.12058050750756699,9.82674770362264,100,nfcorpus,2.9954538103617194,0.0369914174079895,0.9019993543624878,93.05336605757475,0.0,93.93292898312211,0.3793103448275862,PLAIN-320,0.0,4,0.35714285714285715,1.0
dense_e5_base_v2_post,0.0,0.0,1.0,0.0,0.0,0.0,0.0,,,1.0,,,,,,,,,,,,,0.0,1.0,0.0,0.0,2.9936897046434323,0.12058050750756699,9.82674770362264,100,nfcorpus,2.9954538103617194,0.0369914174079895,0.9019993543624878,119.22205294594168,0.0,93.93292898312211,0.3793103448275862,PLAIN-320,0.0,4,0.35714285714285715,1.0
dense_e5_base_v2_pre,0.0,0.0,1.0,0.0,0.0,0.0,0.0,,,,1.0,,,,,,,,,,,,0.0,0.0,1.0,0.0,2.9936897046434323,0.12058050750756699,9.82674770362264,100,nfcorpus,2.9954538103617194,0.0369914174079895,0.9019993543624878,119.17205294594169,0.0,93.93292898312211,0.3793103448275862,PLAIN-320,0.0,4,0.35714285714285715,1.0
rrf_dense_e5_base_v2_post,0.0,0.0,0.0,0.0,0.0,1.0,0.0,,,,,,,,1.0,,,,,,,,0.0,1.0,0.0,0.0,2.9936897046434323,0.12058050750756699,9.82674770362264,100,nfcorpus,2.9954538103617194,0.0369914174079895,0.9019993543624878,123.34882476478815,0.07336392209936005,93.93292898312211,0.3793103448275862,PLAIN-320,0.0,4,0.3333333333333333,1.0
rrf_dense_e5_base_v2_pre,0.0,0.0,0.0,0.0,0.0,1.0,0.0,,,,,,,,,1.0,,,,,,,0.0,0.0,1.0,0.0,2.9936897046434323,0.12058050750756699,9.82674770362264,100,nfcorpus,2.9954538103617194,0.0369914174079895,0.9019993543624878,123.29452997073531,0.07336392209936005,93.93292898312211,0.3793103448275862,PLAIN-320,0.0,4,0.3333333333333333,1.0
weighted_dense_e5_base_v2_post,0.0,0.0,0.0,0.0,0.0,0.0,1.0,,,,,,,,,,,,1.0,,,,0.0,1.0,0.0,0.0,2.9936897046434323,0.12058050750756699,9.82674770362264,100,nfcorpus,2.9954538103617194,0.0369914174079895,0.9019993543624878,123.44286413043737,0.06943122193677727,93.93292898312211,0.3793103448275862,PLAIN-320,0.0,4,0.30952380952380953,1.0
weighted_dense_e5_base_v2_pre,0.0,0.0,0.0,0.0,0.0,0.0,1.0,,,,,,,,,,,,,1.0,,,0.0,0.0,1.0,0.0,2.9936897046434323,0.12058050750756699,9.82674770362264,100,nfcorpus,2.9954538103617194,0.0369914174079895,0.9019993543624878,123.38819215074182,0.06943122193677727,93.93292898312211,0.3793103448275862,PLAIN-320,0.0,4,0.30952380952380953,1.0
rrf_pre,0.0,0.0,0.0,0.0,0.0,1.0,0.0,,,,,,,,,,,1.0,,,,,0.0,0.0,1.0,0.0,2.9936897046434323,0.12058050750756699,9.82674770362264,100,nfcorpus,2.9954538103617194,0.0369914174079895,0.9019993543624878,97.1751818433404,0.0,93.93292898312211,0.3793103448275862,PLAIN-320,0.0,4,0.35714285714285715,1.0
weighted_pre,0.0,0.0,0.0,0.0,0.0,0.0,1.0,,,,,,,,,,,,,,,1.0,0.0,0.0,1.0,0.0,2.9936897046434323,0.12058050750756699,9.82674770362264,100,nfcorpus,2.9954538103617194,0.0369914174079895,0.9019993543624878,97.26594388484955,0.0,93.93292898312211,0.3793103448275862,PLAIN-320,0.0,4,0.30952380952380953,1.0
rerank_depth_20,0.0,0.0,0.0,0.0,1.0,0.0,0.0,,,,,,,1.0,,,,,,,,,1.0,0.0,0.0,20.0,2.9936897046434323,0.12058050750756699,9.82674770362264,29,nfcorpus,2.9954538103617194,0.0369914174079895,0.9019993543624878,102.3162280407548,0.0,93.93292898312211,0.3793103448275862,PLAIN-320,0.0,4,0.023809523809523808,1.0
bm25_post,1.0,0.0,0.0,0.0,0.0,0.0,0.0,1.0,,,,,,,,,,,,,,,0.0,1.0,0.0,0.0,2.9764149831171043,5.17111426926304,24.038234733599552,100,nfcorpus,2.995168738466454,0.09315091371536255,0.831963837146759,14.371073889732362,0.6131471927654584,75.45287674292922,0.17647058823529413,PLAIN-332,0.0,12,0.5,1.0
dense_post,0.0,0.0,1.0,0.0,0.0,0.0,0.0,,,,,1.0,,,,,,,,,,,0.0,1.0,0.0,0.0,2.9764149831171043,5.17111426926304,24.038234733599552,100,nfcorpus,2.995168738466454,0.09315091371536255,0.831963837146759,72.53535985127091,0.6131471927654584,75.45287674292922,0.17647058823529413,PLAIN-332,0.0,12,0.5,1.0
rrf_post,0.0,0.0,0.0,0.0,0.0,1.0,0.0,,,,,,,,,,1.0,,,,,,0.0,1.0,0.0,0.0,2.9764149831171043,5.17111426926304,24.038234733599552,100,nfcorpus,2.995168738466454,0.09315091371536255,0.831963837146759,86.95296998247504,0.6131471927654584,75.45287674292922,0.17647058823529413,PLAIN-332,0.0,12,0.5,1.0
weighted_post,0.0,0.0,0.0,0.0,0.0,0.0,1.0,,,,,,,,,,,,,,1.0,,0.0,1.0,0.0,0.0,2.9764149831171043,5.17111426926304,24.038234733599552,100,nfcorpus,2.995168738466454,0.09315091371536255,0.831963837146759,87.05048690661788,0.6131471927654584,75.45287674292922,0.17647058823529413,PLAIN-332,0.0,12,0.5,1.0
bm25_pre,1.0,0.0,0.0,0.0,0.0,0.0,0.0,,1.0,,,,,,,,,,,,,,0.0,0.0,1.0,0.0,2.9764149831171043,5.17111426926304,24.038234733599552,100,nfcorpus,2.995168738466454,0.09315091371536255,0.831963837146759,14.32107388973236,0.6131471927654584,75.45287674292922,0.17647058823529413,PLAIN-332,0.0,12,0.5,1.0
dense_pre,0.0,0.0,1.0,0.0,0.0,0.0,0.0,,,,,,1.0,,,,,,,,,,0.0,0.0,1.0,0.0,2.9764149831171043,5.17111426926304,24.038234733599552,100,nfcorpus,2.995168738466454,0.09315091371536255,0.831963837146759,72.48535985127091,0.6131471927654584,75.45287674292922,0.17647058823529413,PLAIN-332,0.0,12,0.5,1.0
dense_e5_base_v2_post,0.0,0.0,1.0,0.0,0.0,0.0,0.0,,,1.0,,,,,,,,,,,,,0.0,1.0,0.0,0.0,2.9764149831171043,5.17111426926304,24.038234733599552,100,nfcorpus,2.995168738466454,0.09315091371536255,0.831963837146759,116.05320227444172,0.6131471927654584,75.45287674292922,0.17647058823529413,PLAIN-332,0.0,12,0.5,1.0
dense_e5_base_v2_pre,0.0,0.0,1.0,0.0,0.0,0.0,0.0,,,,1.0,,,,,,,,,,,,0.0,0.0,1.0,0.0,2.9764149831171043,5.17111426926304,24.038234733599552,100,nfcorpus,2.995168738466454,0.09315091371536255,0.831963837146759,116.00320227444172,0.6131471927654584,75.45287674292922,0.17647058823529413,PLAIN-332,0.0,12,0.5,1.0
rrf_dense_e5_base_v2_post,0.0,0.0,0.0,0.0,0.0,1.0,0.0,,,,,,,,1.0,,,,,,,,0.0,1.0,0.0,0.0,2.9764149831171043,5.17111426926304,24.038234733599552,100,nfcorpus,2.995168738466454,0.09315091371536255,0.831963837146759,130.4571298800409,0.6131471927654584,75.45287674292922,0.17647058823529413,PLAIN-332,0.0,12,0.5,1.0
rrf_dense_e5_base_v2_pre,0.0,0.0,0.0,0.0,0.0,1.0,0.0,,,,,,,,,1.0,,,,,,,0.0,0.0,1.0,0.0,2.9764149831171043,5.17111426926304,24.038234733599552,100,nfcorpus,2.995168738466454,0.09315091371536255,0.831963837146759,130.4049394093454,0.6131471927654584,75.45287674292922,0.17647058823529413,PLAIN-332,0.0,12,0.5,1.0
weighted_dense_e5_base_v2_post,0.0,0.0,0.0,0.0,0.0,0.0,1.0,,,,,,,,,,,,1.0,,,,0.0,1.0,0.0,0.0,2.9764149831171043,5.17111426926304,24.038234733599552,100,nfcorpus,2.995168738466454,0.09315091371536255,0.831963837146759,130.55299184396864,0.6131471927654584,75.45287674292922,0.17647058823529413,PLAIN-332,0.0,12,0.5,1.0
weighted_dense_e5_base_v2_pre,0.0,0.0,0.0,0.0,0.0,0.0,1.0,,,,,,,,,,,,,1.0,,,0.0,0.0,1.0,0.0,2.9764149831171043,5.17111426926304,24.038234733599552,100,nfcorpus,2.995168738466454,0.09315091371536255,0.831963837146759,130.49843721091747,0.6131471927654584,75.45287674292922,0.17647058823529413,PLAIN-332,0.0,12,0.5,1.0
rrf_pre,0.0,0.0,0.0,0.0,0.0,1.0,0.0,,,,,,,,,,,1.0,,,,,0.0,0.0,1.0,0.0,2.9764149831171043,5.17111426926304,24.038234733599552,100,nfcorpus,2.995168738466454,0.09315091371536255,0.831963837146759,86.89593710005283,0.6131471927654584,75.45287674292922,0.17647058823529413,PLAIN-332,0.0,12,0.5,1.0
weighted_pre,0.0,0.0,0.0,0.0,0.0,0.0,1.0,,,,,,,,,,,,,,,1.0,0.0,0.0,1.0,0.0,2.9764149831171043,5.17111426926304,24.038234733599552,100,nfcorpus,2.995168738466454,0.09315091371536255,0.831963837146759,86.99079975485802,0.6131471927654584,75.45287674292922,0.17647058823529413,PLAIN-332,0.0,12,0.5,1.0
rerank_depth_20,0.0,0.0,0.0,0.0,1.0,0.0,0.0,,,,,,,1.0,,,,,,,,,1.0,0.0,0.0,20.0,2.9764149831171043,5.17111426926304,24.038234733599552,34,nfcorpus,2.995168738466454,0.09315091371536255,0.831963837146759,92.92643374100328,0.6131471927654584,75.45287674292922,0.17647058823529413,PLAIN-332,0.0,12,0.5,1.0
bm25_post,1.0,0.0,0.0,0.0,0.0,0.0,0.0,1.0,,,,,,,,,,,,,,,0.0,1.0,0.0,0.0,2.977782146223042,0.6987326275905765,16.331326054186142,100,nfcorpus,2.9951865864607434,0.014712214469909668,0.820637583732605,9.057907938212157,0.08914118643637611,69.35903709381819,0.08108108108108109,PLAIN-344,0.0,10,0.14754098360655737,1.0
dense_post,0.0,0.0,1.0,0.0,0.0,0.0,0.0,,,,,1.0,,,,,,,,,,,0.0,1.0,0.0,0.0,2.977782146223042,0.6987326275905765,16.331326054186142,100,nfcorpus,2.9951865864607434,0.014712214469909668,0.820637583732605,82.79447219446301,0.7893082449917161,69.35903709381819,0.08108108108108109,PLAIN-344,0.0,10,0.32786885245901637,1.0
rrf_post,0.0,0.0,0.0,0.0,0.0,1.0,0.0,,,,,,,,,,1.0,,,,,,0.0,1.0,0.0,0.0,2.977782146223042,0.6987326275905765,16.331326054186142,100,nfcorpus,2.9951865864607434,0.014712214469909668,0.820637583732605,91.90477020218968,0.18642773917353658,69.35903709381819,0.08108108108108109,PLAIN-344,0.0,10,0.36065573770491804,1.0
weighted_post,0.0,0.0,0.0,0.0,0.0,0.0,1.0,,,,,,,,,,,,,,1.0,,0.0,1.0,0.0,0.0,2.977782146223042,0.6987326275905765,16.331326054186142,100,nfcorpus,2.9951865864607434,0.014712214469909668,0.820637583732605,92.00415396243334,0.4101837548591671,69.35903709381819,0.08108108108108109,PLAIN-344,0.0,10,0.36065573770491804,1.0
bm25_pre,1.0,0.0,0.0,0.0,0.0,0.0,0.0,,1.0,,,,,,,,,,,,,,0.0,0.0,1.0,0.0,2.977782146223042,0.6987326275905765,16.331326054186142,100,nfcorpus,2.9951865864607434,0.014712214469909668,0.820637583732605,9.007907938212156,0.08914118643637611,69.35903709381819,0.08108108108108109,PLAIN-344,0.0,10,0.14754098360655737,1.0
dense_pre,0.0,0.0,1.0,0.0,0.0,0.0,0.0,,,,,,1.0,,,,,,,,,,0.0,0.0,1.0,0.0,2.977782146223042,0.6987326275905765,16.331326054186142,100,nfcorpus,2.9951865864607434,0.014712214469909668,0.820637583732605,82.74447219446301,0.7893082449917161,69.35903709381819,0.08108108108108109,PLAIN-344,0.0,10,0.32786885245901637,1.0
dense_e5_base_v2_post,0.0,0.0,1.0,0.0,0.0,0.0,0.0,,,1.0,,,,,,,,,,,,,0.0,1.0,0.0,0.0,2.977782146223042,0.6987326275905765,16.331326054186142,100,nfcorpus,2.9951865864607434,0.014712214469909668,0.820637583732605,94.8910308919847,0.6536975222510615,69.35903709381819,0.08108108108108109,PLAIN-344,0.0,10,0.2786885245901639,1.0
dense_e5_base_v2_pre,0.0,0.0,1.0,0.0,0.0,0.0,0.0,,,,1.0,,,,,,,,,,,,0.0,0.0,1.0,0.0,2.977782146223042,0.6987326275905765,16.331326054186142,100,nfcorpus,2.9951865864607434,0.014712214469909668,0.820637583732605,94.8410308919847,0.6536975222510615,69.35903709381819,0.08108108108108109,PLAIN-344,0.0,10,0.2786885245901639,1.0
rrf_dense_e5_base_v2_post,0.0,0.0,0.0,0.0,0.0,1.0,0.0,,,,,,,,1.0,,,,,,,,0.0,1.0,0.0,0.0,2.977782146223042,0.6987326275905765,16.331326054186142,100,nfcorpus,2.9951865864607434,0.014712214469909668,0.820637583732605,103.98437417224049,0.1277080788351914,69.35903709381819,0.08108108108108109,PLAIN-344,0.0,10,0.29508196721311475,1.0
rrf_dense_e5_base_v2_pre,0.0,0.0,0.0,0.0,0.0,1.0,0.0,,,,,,,,,1.0,,,,,,,0.0,0.0,1.0,0.0,2.977782146223042,0.6987326275905765,16.331326054186142,100,nfcorpus,2.9951865864607434,0.014712214469909668,0.820637583732605,103.93095761537552,0.1277080788351914,69.35903709381819,0.08108108108108109,PLAIN-344,0.0,10,0.29508196721311475,1.0
weighted_dense_e5_base_v2_post,0.0,0.0,0.0,0.0,0.0,0.0,1.0,,,,,,,,,,,,1.0,,,,0.0,1.0,0.0,0.0,2.977782146223042,0.6987326275905765,16.331326054186142,100,nfcorpus,2.9951865864607434,0.014712214469909668,0.820637583732605,104.08508320450782,0.3079799564891535,69.35903709381819,0.08108108108108109,PLAIN-344,0.0,10,0.29508196721311475,1.0
weighted_dense_e5_base_v2_pre,0.0,0.0,0.0,0.0,0.0,0.0,1.0,,,,,,,,,,,,,1.0,,,0.0,0.0,1.0,0.0,2.977782146223042,0.6987326275905765,16.331326054186142,100,nfcorpus,2.9951865864607434,0.014712214469909668,0.820637583732605,104.02827383950353,0.3079799564891535,69.35903709381819,0.08108108108108109,PLAIN-344,0.0,10,0.29508196721311475,1.0
rrf_pre,0.0,0.0,0.0,0.0,0.0,1.0,0.0,,,,,,,,,,,1.0,,,,,0.0,0.0,1.0,0.0,2.977782146223042,0.6987326275905765,16.331326054186142,100,nfcorpus,2.9951865864607434,0.014712214469909668,0.820637583732605,91.83504106476903,0.18642773917353658,69.35903709381819,0.08108108108108109,PLAIN-344,0.0,10,0.36065573770491804,1.0
weighted_pre,0.0,0.0,0.0,0.0,0.0,0.0,1.0,,,,,,,,,,,,,,,1.0,0.0,0.0,1.0,0.0,2.977782146223042,0.6987326275905765,16.331326054186142,100,nfcorpus,2.9951865864607434,0.014712214469909668,0.820637583732605,91.93160524591804,0.4101837548591671,69.35903709381819,0.08108108108108109,PLAIN-344,0.0,10,0.36065573770491804,1.0
rerank_depth_20,0.0,0.0,0.0,0.0,1.0,0.0,0.0,,,,,,,1.0,,,,,,,,,1.0,0.0,0.0,20.0,2.977782146223042,0.6987326275905765,16.331326054186142,37,nfcorpus,2.9951865864607434,0.014712214469909668,0.820637583732605,98.41238013267517,0.3995979023778524,69.35903709381819,0.08108108108108109,PLAIN-344,0.0,10,0.19672131147540983,1.0
bm25_post,1.0,0.0,0.0,0.0,0.0,0.0,0.0,1.0,,,,,,,,,,,,,,,0.0,1.0,0.0,0.0,2.9842621971269567,0.5994409470857978,12.1699352268682,100,nfcorpus,2.9956445464361705,0.0049048662185668945,0.6965686082839966,9.596756278723479,0.0,80.57790389284492,0.02564102564102564,PLAIN-358,0.0,11,0.0,1.0
dense_post,0.0,0.0,1.0,0.0,0.0,0.0,0.0,,,,,1.0,,,,,,,,,,,0.0,1.0,0.0,0.0,2.9842621971269567,0.5994409470857978,12.1699352268682,100,nfcorpus,2.9956445464361705,0.0049048662185668945,0.6965686082839966,83.52929688170552,0.0,80.57790389284492,0.02564102564102564,PLAIN-358,0.0,11,0.3333333333333333,1.0
rrf_post,0.0,0.0,0.0,0.0,0.0,1.0,0.0,,,,,,,,,,1.0,,,,,,0.0,1.0,0.0,0.0,2.9842621971269567,0.5994409470857978,12.1699352268682,100,nfcorpus,2.9956445464361705,0.0049048662185668945,0.6965686082839966,93.17861412763595,0.0,80.57790389284492,0.02564102564102564,PLAIN-358,0.0,11,0.3333333333333333,1.0
weighted_post,0.0,0.0,0.0,0.0,0.0,0.0,1.0,,,,,,,,,,,,,,1.0,,0.0,1.0,0.0,0.0,2.9842621971269567,0.5994409470857978,12.1699352268682,100,nfcorpus,2.9956445464361705,0.0049048662185668945,0.6965686082839966,93.29490604922175,0.0,80.57790389284492,0.02564102564102564,PLAIN-358,0.0,11,0.3333333333333333,1.0
bm25_pre,1.0,0.0,0.0,0.0,0.0,0.0,0.0,,1.0,,,,,,,,,,,,,,0.0,0.0,1.0,0.0,2.9842621971269567,0.5994409470857978,12.1699352268682,100,nfcorpus,2.9956445464361705,0.0049048662185668945,0.6965686082839966,9.546756278723478,0.0,80.57790389284492,0.02564102564102564,PLAIN-358,0.0,11,0.0,1.0
dense_pre,0.0,0.0,1.0,0.0,0.0,0.0,0.0,,,,,,1.0,,,,,,,,,,0.0,0.0,1.0,0.0,2.9842621971269567,0.5994409470857978,12.1699352268682,100,nfcorpus,2.9956445464361705,0.0049048662185668945,0.6965686082839966,83.47929688170552,0.0,80.57790389284492,0.02564102564102564,PLAIN-358,0.0,11,0.3333333333333333,1.0
dense_e5_base_v2_post,0.0,0.0,1.0,0.0,0.0,0.0,0.0,,,1.0,,,,,,,,,,,,,0.0,1.0,0.0,0.0,2.9842621971269567,0.5994409470857978,12.1699352268682,100,nfcorpus,2.9956445464361705,0.0049048662185668945,0.6965686082839966,135.2496660232544,0.0,80.57790389284492,0.02564102564102564,PLAIN-358,0.0,11,0.3333333333333333,1.0
dense_e5_base_v2_pre,0.0,0.0,1.0,0.0,0.0,0.0,0.0,,,,1.0,,,,,,,,,,,,0.0,0.0,1.0,0.0,2.9842621971269567,0.5994409470857978,12.1699352268682,100,nfcorpus,2.9956445464361705,0.0049048662185668945,0.6965686082839966,135.1996660232544,0.0,80.57790389284492,0.02564102564102564,PLAIN-358,0.0,11,0.3333333333333333,1.0
rrf_dense_e5_base_v2_post,0.0,0.0,0.0,0.0,0.0,1.0,0.0,,,,,,,,1.0,,,,,,,,0.0,1.0,0.0,0.0,2.9842621971269567,0.5994409470857978,12.1699352268682,100,nfcorpus,2.9956445464361705,0.0049048662185668945,0.6965686082839966,144.88671728521587,0.0,80.57790389284492,0.02564102564102564,PLAIN-358,0.0,11,0.3333333333333333,1.0
rrf_dense_e5_base_v2_pre,0.0,0.0,0.0,0.0,0.0,1.0,0.0,,,,,,,,,1.0,,,,,,,0.0,0.0,1.0,0.0,2.9842621971269567,0.5994409470857978,12.1699352268682,100,nfcorpus,2.9956445464361705,0.0049048662185668945,0.6965686082839966,144.83311865478754,0.0,80.57790389284492,0.02564102564102564,PLAIN-358,0.0,11,0.3333333333333333,1.0
weighted_dense_e5_base_v2_post,0.0,0.0,0.0,0.0,0.0,0.0,1.0,,,,,,,,,,,,1.0,,,,0.0,1.0,0.0,0.0,2.9842621971269567,0.5994409470857978,12.1699352268682,100,nfcorpus,2.9956445464361705,0.0049048662185668945,0.6965686082839966,144.99611229747535,0.0,80.57790389284492,0.02564102564102564,PLAIN-358,0.0,11,0.3333333333333333,1.0
weighted_dense_e5_base_v2_pre,0.0,0.0,0.0,0.0,0.0,0.0,1.0,,,,,,,,,,,,,1.0,,,0.0,0.0,1.0,0.0,2.9842621971269567,0.5994409470857978,12.1699352268682,100,nfcorpus,2.9956445464361705,0.0049048662185668945,0.6965686082839966,144.93999537080526,0.0,80.57790389284492,0.02564102564102564,PLAIN-358,0.0,11,0.3333333333333333,1.0
rrf_pre,0.0,0.0,0.0,0.0,0.0,1.0,0.0,,,,,,,,,,,1.0,,,,,0.0,0.0,1.0,0.0,2.9842621971269567,0.5994409470857978,12.1699352268682,100,nfcorpus,2.9956445464361705,0.0049048662185668945,0.6965686082839966,93.11308618634939,0.0,80.57790389284492,0.02564102564102564,PLAIN-358,0.0,11,0.3333333333333333,1.0
weighted_pre,0.0,0.0,0.0,0.0,0.0,0.0,1.0,,,,,,,,,,,,,,,1.0,0.0,0.0,1.0,0.0,2.9842621971269567,0.5994409470857978,12.1699352268682,100,nfcorpus,2.9956445464361705,0.0049048662185668945,0.6965686082839966,93.22350425645709,0.0,80.57790389284492,0.02564102564102564,PLAIN-358,0.0,11,0.3333333333333333,1.0
rerank_depth_20,0.0,0.0,0.0,0.0,1.0,0.0,0.0,,,,,,,1.0,,,,,,,,,1.0,0.0,0.0,20.0,2.9842621971269567,0.5994409470857978,12.1699352268682,39,nfcorpus,2.9956445464361705,0.0049048662185668945,0.6965686082839966,100.046053160429,0.0,80.57790389284492,0.02564102564102564,PLAIN-358,0.0,11,0.0,1.0
bm25_post,1.0,0.0,0.0,0.0,0.0,0.0,0.0,1.0,,,,,,,,,,,,,,,0.0,1.0,0.0,0.0,2.979435698054718,1.268651835864583,11.598783077247207,100,nfcorpus,2.99536499960304,0.026936113834381104,0.7448436617851257,11.654227125644685,0.46807606597836554,51.59173021093011,0.08108108108108109,PLAIN-371,0.0,9,1.0,1.0
dense_post,0.0,0.0,1.0,0.0,0.0,0.0,0.0,,,,,1.0,,,,,,,,,,,0.0,1.0,0.0,0.0,2.979435698054718,1.268651835864583,11.598783077247207,100,nfcorpus,2.99536499960304,0.026936113834381104,0.7448436617851257,77.20219305828213,0.27541155237618664,51.59173021093011,0.08108108108108109,PLAIN-371,0.0,9,0.5,1.0
rrf_post,0.0,0.0,0.0,0.0,0.0,1.0,0.0,,,,,,,,,,1.0,,,,,,0.0,1.0,0.0,0.0,2.979435698054718,1.268651835864583,11.598783077247207,100,nfcorpus,2.99536499960304,0.026936113834381104,0.7448436617851257,88.90530149564147,0.27541155237618664,51.59173021093011,0.08108108108108109,PLAIN-371,0.0,9,1.0,1.0
weighted_post,0.0,0.0,0.0,0.0,0.0,0.0,1.0,,,,,,,,,,,,,,1.0,,0.0,1.0,0.0,0.0,2.979435698054718,1.268651835864583,11.598783077247207,100,nfcorpus,2.99536499960304,0.026936113834381104,0.7448436617851257,89.0102261595428,0.5508231047523733,51.59173021093011,0.08108108108108109,PLAIN-371,0.0,9,1.0,1.0
bm25_pre,1.0,0.0,0.0,0.0,0.0,0.0,0.0,,1.0,,,,,,,,,,,,,,0.0,0.0,1.0,0.0,2.979435698054718,1.268651835864583,11.598783077247207,100,nfcorpus,2.99536499960304,0.026936113834381104,0.7448436617851257,11.604227125644684,0.46807606597836554,51.59173021093011,0.08108108108108109,PLAIN-371,0.0,9,1.0,1.0
dense_pre,0.0,0.0,1.0,0.0,0.0,0.0,0.0,,,,,,1.0,,,,,,,,,,0.0,0.0,1.0,0.0,2.979435698054718,1.268651835864583,11.598783077247207,100,nfcorpus,2.99536499960304,0.026936113834381104,0.7448436617851257,77.15219305828214,0.27541155237618664,51.59173021093011,0.08108108108108109,PLAIN-371,0.0,9,0.5,1.0
dense_e5_base_v2_post,0.0,0.0,1.0,0.0,0.0,0.0,0.0,,,1.0,,,,,,,,,,,,,0.0,1.0,0.0,0.0,2.979435698054718,1.268651835864583,11.598783077247207,100,nfcorpus,2.99536499960304,0.026936113834381104,0.7448436617851257,106.27925264760852,0.27541155237618664,51.59173021093011,0.08108108108108109,PLAIN-371,0.0,9,0.5,1.0
dense_e5_base_v2_pre,0.0,0.0,1.0,0.0,0.0,0.0,0.0,,,,1.0,,,,,,,,,,,,0.0,0.0,1.0,0.0,2.979435698054718,1.268651835864583,11.598783077247207,100,nfcorpus,2.99536499960304,0.026936113834381104,0.7448436617851257,106.22925264760852,0.27541155237618664,51.59173021093011,0.08108108108108109,PLAIN-371,0.0,9,0.5,1.0
rrf_dense_e5_base_v2_post,0.0,0.0,0.0,0.0,0.0,1.0,0.0,,,,,,,,1.0,,,,,,,,0.0,1.0,0.0,0.0,2.979435698054718,1.268651835864583,11.598783077247207,100,nfcorpus,2.99536499960304,0.026936113834381104,0.7448436617851257,117.96766108945012,0.17376534287144002,51.59173021093011,0.08108108108108109,PLAIN-371,0.0,9,1.0,1.0
rrf_dense_e5_base_v2_pre,0.0,0.0,0.0,0.0,0.0,1.0,0.0,,,,,,,,,1.0,,,,,,,0.0,0.0,1.0,0.0,2.979435698054718,1.268651835864583,11.598783077247207,100,nfcorpus,2.99536499960304,0.026936113834381104,0.7448436617851257,117.91349062696099,0.17376534287144002,51.59173021093011,0.08108108108108109,PLAIN-371,0.0,9,1.0,1.0
weighted_dense_e5_base_v2_post,0.0,0.0,0.0,0.0,0.0,0.0,1.0,,,,,,,,,,,,1.0,,,,0.0,1.0,0.0,0.0,2.979435698054718,1.268651835864583,11.598783077247207,100,nfcorpus,2.99536499960304,0.026936113834381104,0.7448436617851257,118.07028492093086,0.5508231047523733,51.59173021093011,0.08108108108108109,PLAIN-371,0.0,9,1.0,1.0
weighted_dense_e5_base_v2_pre,0.0,0.0,0.0,0.0,0.0,0.0,1.0,,,,,,,,,,,,,1.0,,,0.0,0.0,1.0,0.0,2.979435698054718,1.268651835864583,11.598783077247207,100,nfcorpus,2.99536499960304,0.026936113834381104,0.7448436617851257,118.01393469795585,0.5508231047523733,51.59173021093011,0.08108108108108109,PLAIN-371,0.0,9,1.0,1.0
rrf_pre,0.0,0.0,0.0,0.0,0.0,1.0,0.0,,,,,,,,,,,1.0,,,,,0.0,0.0,1.0,0.0,2.979435698054718,1.268651835864583,11.598783077247207,100,nfcorpus,2.99536499960304,0.026936113834381104,0.7448436617851257,88.83893536403775,0.27541155237618664,51.59173021093011,0.08108108108108109,PLAIN-371,0.0,9,1.0,1.0
weighted_pre,0.0,0.0,0.0,0.0,0.0,0.0,1.0,,,,,,,,,,,,,,,1.0,0.0,0.0,1.0,0.0,2.979435698054718,1.268651835864583,11.598783077247207,100,nfcorpus,2.99536499960304,0.026936113834381104,0.7448436617851257,88.93986698240042,0.5508231047523733,51.59173021093011,0.08108108108108109,PLAIN-371,0.0,9,1.0,1.0
rerank_depth_20,0.0,0.0,0.0,0.0,1.0,0.0,0.0,,,,,,,1.0,,,,,,,,,1.0,0.0,0.0,20.0,2.979435698054718,1.268651835864583,11.598783077247207,37,nfcorpus,2.99536499960304,0.026936113834381104,0.7448436617851257,95.41642018392682,0.5142469300368734,51.59173021093011,0.08108108108108109,PLAIN-371,0.0,9,1.0,1.0
bm25_post,1.0,0.0,0.0,0.0,0.0,0.0,0.0,1.0,,,,,,,,,,,,,,,0.0,1.0,0.0,0.0,2.975222372126335,0.8963758294667805,16.528965601255404,100,nfcorpus,2.9939948986647944,0.0029068589210510254,0.6903976798057556,9.048645935207606,0.1208113026994942,71.3971802033484,0.14285714285714285,PLAIN-383,0.0,11,0.4,1.0
dense_post,0.0,0.0,1.0,0.0,0.0,0.0,0.0,,,,,1.0,,,,,,,,,,,0.0,1.0,0.0,0.0,2.975222372126335,0.8963758294667805,16.528965601255404,100,nfcorpus,2.9939948986647944,0.0029068589210510254,0.6903976798057556,82.17261600419879,0.16958010263680806,71.3971802033484,0.14285714285714285,PLAIN-383,0.0,11,0.4,1.0
rrf_post,0.0,0.0,0.0,0.0,0.0,1.0,0.0,,,,,,,,,,1.0,,,,,,0.0,1.0,0.0,0.0,2.975222372126335,0.8963758294667805,16.528965601255404,100,nfcorpus,2.9939948986647944,0.0029068589210510254,0.6903976798057556,91.27138936072588,0.16958010263680806,71.3971802033484,0.14285714285714285,PLAIN-383,0.0,11,0.4,1.0
weighted_post,0.0,0.0,0.0,0.0,0.0,0.0,1.0,,,,,,,,,,,,,,1.0,,0.0,1.0,0.0,0.0,2.975222372126335,0.8963758294667805,16.528965601255404,100,nfcorpus,2.9939948986647944,0.0029068589210510254,0.6903976798057556,91.37192796096205,0.16958010263680806,71.3971802033484,0.14285714285714285,PLAIN-383,0.0,11,0.4,1.0
bm25_pre,1.0,0.0,0.0,0.0,0.0,0.0,0.0,,1.0,,,,,,,,,,,,,,0.0,0.0,1.0,0.0,2.975222372126335,0.8963758294667805,16.528965601255404,100,nfcorpus,2.9939948986647944,0.0029068589210510254,0.6903976798057556,8.998645935207605,0.1208113026994942,71.3971802033484,0.14285714285714285,PLAIN-383,0.0,11,0.4,1.0
dense_pre,0.0,0.0,1.0,0.0,0.0,0.0,0.0,,,,,,1.0,,,,,,,,,,0.0,0.0,1.0,0.0,2.975222372126335,0.8963758294667805,16.528965601255404,100,nfcorpus,2.9939948986647944,0.0029068589210510254,0.6903976798057556,82.12261600419879,0.16958010263680806,71.3971802033484,0.14285714285714285,PLAIN-383,0.0,11,0.4,1.0
dense_e5_base_v2_post,0.0,0.0,1.0,0.0,0.0,0.0,0.0,,,1.0,,,,,,,,,,,,,0.0,1.0,0.0,0.0,2.975222372126335,0.8963758294667805,16.528965601255404,100,nfcorpus,2.9939948986647944,0.0029068589210510254,0.6903976798057556,109.40737518593669,0.21398626473452756,71.3971802033484,0.14285714285714285,PLAIN-383,0.0,11,0.2,1.0
dense_e5_base_v2_pre,0.0,0.0,1.0,0.0,0.0,0.0,0.0,,,,1.0,,,,,,,,,,,,0.0,0.0,1.0,0.0,2.975222372126335,0.8963758294667805,16.528965601255404,100,nfcorpus,2.9939948986647944,0.0029068589210510254,0.6903976798057556,109.35737518593669,0.21398626473452756,71.3971802033484,0.14285714285714285,PLAIN-383,0.0,11,0.2,1.0
rrf_dense_e5_base_v2_post,0.0,0.0,0.0,0.0,0.0,1.0,0.0,,,,,,,,1.0,,,,,,,,0.0,1.0,0.0,0.0,2.975222372126335,0.8963758294667805,16.528965601255404,100,nfcorpus,2.9939948986647944,0.0029068589210510254,0.6903976798057556,118.49040313735604,0.16958010263680806,71.3971802033484,0.14285714285714285,PLAIN-383,0.0,11,0.2,1.0
rrf_dense_e5_base_v2_pre,0.0,0.0,0.0,0.0,0.0,1.0,0.0,,,,,,,,,1.0,,,,,,,0.0,0.0,1.0,0.0,2.975222372126335,0.8963758294667805,16.528965601255404,100,nfcorpus,2.9939948986647944,0.0029068589210510254,0.6903976798057556,118.43702103942633,0.16958010263680806,71.3971802033484,0.14285714285714285,PLAIN-383,0.0,11,0.2,1.0
weighted_dense_e5_base_v2_post,0.0,0.0,0.0,0.0,0.0,0.0,1.0,,,,,,,,,,,,1.0,,,,0.0,1.0,0.0,0.0,2.975222372126335,0.8963758294667805,16.528965601255404,100,nfcorpus,2.9939948986647944,0.0029068589210510254,0.6903976798057556,118.59839511215687,0.16958010263680806,71.3971802033484,0.14285714285714285,PLAIN-383,0.0,11,0.2,1.0
weighted_dense_e5_base_v2_pre,0.0,0.0,0.0,0.0,0.0,0.0,1.0,,,,,,,,,,,,,1.0,,,0.0,0.0,1.0,0.0,2.975222372126335,0.8963758294667805,16.528965601255404,100,nfcorpus,2.9939948986647944,0.0029068589210510254,0.6903976798057556,118.54241928085685,0.16958010263680806,71.3971802033484,0.14285714285714285,PLAIN-383,0.0,11,0.2,1.0
rrf_pre,0.0,0.0,0.0,0.0,0.0,1.0,0.0,,,,,,,,,,,1.0,,,,,0.0,0.0,1.0,0.0,2.975222372126335,0.8963758294667805,16.528965601255404,100,nfcorpus,2.9939948986647944,0.0029068589210510254,0.6903976798057556,91.20565513148904,0.16958010263680806,71.3971802033484,0.14285714285714285,PLAIN-383,0.0,11,0.4,1.0
weighted_pre,0.0,0.0,0.0,0.0,0.0,0.0,1.0,,,,,,,,,,,,,,,1.0,0.0,0.0,1.0,0.0,2.975222372126335,0.8963758294667805,16.528965601255404,100,nfcorpus,2.9939948986647944,0.0029068589210510254,0.6903976798057556,91.31210995838046,0.16958010263680806,71.3971802033484,0.14285714285714285,PLAIN-383,0.0,11,0.4,1.0
rerank_depth_20,0.0,0.0,0.0,0.0,1.0,0.0,0.0,,,,,,,1.0,,,,,,,,,1.0,0.0,0.0,20.0,2.975222372126335,0.8963758294667805,16.528965601255404,35,nfcorpus,2.9939948986647944,0.0029068589210510254,0.6903976798057556,97.42126193940639,0.16958010263680806,71.3971802033484,0.14285714285714285,PLAIN-383,0.0,11,0.2,1.0
bm25_post,1.0,0.0,0.0,0.0,0.0,0.0,0.0,1.0,,,,,,,,,,,,,,,0.0,1.0,0.0,0.0,2.974726919128951,1.801129362180891,14.316205121323378,100,nfcorpus,2.995557075160381,0.01567453145980835,0.6902309060096741,6.551067895442247,0.0,59.64004574343562,0.25,PLAIN-395,0.125,8,0.0,1.0
dense_post,0.0,0.0,1.0,0.0,0.0,0.0,0.0,,,,,1.0,,,,,,,,,,,0.0,1.0,0.0,0.0,2.974726919128951,1.801129362180891,14.316205121323378,100,nfcorpus,2.995557075160381,0.01567453145980835,0.6902309060096741,79.5348701916635,0.0,59.64004574343562,0.25,PLAIN-395,0.125,8,0.3333333333333333,1.0
rrf_post,0.0,0.0,0.0,0.0,0.0,1.0,0.0,,,,,,,,,,1.0,,,,,,0.0,1.0,0.0,0.0,2.974726919128951,1.801129362180891,14.316205121323378,100,nfcorpus,2.995557075160381,0.01567453145980835,0.6902309060096741,86.13031598851084,0.0,59.64004574343562,0.25,PLAIN-395,0.125,8,0.0,1.0
weighted_post,0.0,0.0,0.0,0.0,0.0,0.0,1.0,,,,,,,,,,,,,,1.0,,0.0,1.0,0.0,0.0,2.974726919128951,1.801129362180891,14.316205121323378,100,nfcorpus,2.995557075160381,0.01567453145980835,0.6902309060096741,86.2240568652749,0.0,59.64004574343562,0.25,PLAIN-395,0.125,8,0.0,1.0
bm25_pre,1.0,0.0,0.0,0.0,0.0,0.0,0.0,,1.0,,,,,,,,,,,,,,0.0,0.0,1.0,0.0,2.974726919128951,1.801129362180891,14.316205121323378,100,nfcorpus,2.995557075160381,0.01567453145980835,0.6902309060096741,6.501067895442247,0.0,59.64004574343562,0.25,PLAIN-395,0.125,8,0.0,1.0
dense_pre,0.0,0.0,1.0,0.0,0.0,0.0,0.0,,,,,,1.0,,,,,,,,,,0.0,0.0,1.0,0.0,2.974726919128951,1.801129362180891,14.316205121323378,100,nfcorpus,2.995557075160381,0.01567453145980835,0.6902309060096741,79.4848701916635,0.0,59.64004574343562,0.25,PLAIN-395,0.125,8,0.3333333333333333,1.0
dense_e5_base_v2_post,0.0,0.0,1.0,0.0,0.0,0.0,0.0,,,1.0,,,,,,,,,,,,,0.0,1.0,0.0,0.0,2.974726919128951,1.801129362180891,14.316205121323378,100,nfcorpus,2.995557075160381,0.01567453145980835,0.6902309060096741,122.41777786165476,0.0,59.64004574343562,0.25,PLAIN-395,0.125,8,0.0,1.0
dense_e5_base_v2_pre,0.0,0.0,1.0,0.0,0.0,0.0,0.0,,,,1.0,,,,,,,,,,,,0.0,0.0,1.0,0.0,2.974726919128951,1.801129362180891,14.316205121323378,100,nfcorpus,2.995557075160381,0.01567453145980835,0.6902309060096741,122.36777786165476,0.0,59.64004574343562,0.25,PLAIN-395,0.125,8,0.0,1.0
rrf_dense_e5_base_v2_post,0.0,0.0,0.0,0.0,0.0,1.0,0.0,,,,,,,,1.0,,,,,,,,0.0,1.0,0.0,0.0,2.974726919128951,1.801129362180891,14.316205121323378,100,nfcorpus,2.995557075160381,0.01567453145980835,0.6902309060096741,129.0002368308604,0.0,59.64004574343562,0.25,PLAIN-395,0.125,8,0.0,1.0
rrf_dense_e5_base_v2_pre,0.0,0.0,0.0,0.0,0.0,1.0,0.0,,,,,,,,,1.0,,,,,,,0.0,0.0,1.0,0.0,2.974726919128951,1.801129362180891,14.316205121323378,100,nfcorpus,2.995557075160381,0.01567453145980835,0.6902309060096741,128.94574785605073,0.0,59.64004574343562,0.25,PLAIN-395,0.125,8,0.0,1.0
weighted_dense_e5_base_v2_post,0.0,0.0,0.0,0.0,0.0,0.0,1.0,,,,,,,,,,,,1.0,,,,0.0,1.0,0.0,0.0,2.974726919128951,1.801129362180891,14.316205121323378,100,nfcorpus,2.995557075160381,0.01567453145980835,0.6902309060096741,129.09210574924947,0.0,59.64004574343562,0.25,PLAIN-395,0.125,8,0.0,1.0
weighted_dense_e5_base_v2_pre,0.0,0.0,0.0,0.0,0.0,0.0,1.0,,,,,,,,,,,,,1.0,,,0.0,0.0,1.0,0.0,2.974726919128951,1.801129362180891,14.316205121323378,100,nfcorpus,2.995557075160381,0.01567453145980835,0.6902309060096741,129.03525959700346,0.0,59.64004574343562,0.25,PLAIN-395,0.125,8,0.0,1.0
rrf_pre,0.0,0.0,0.0,0.0,0.0,1.0,0.0,,,,,,,,,,,1.0,,,,,0.0,0.0,1.0,0.0,2.974726919128951,1.801129362180891,14.316205121323378,100,nfcorpus,2.995557075160381,0.01567453145980835,0.6902309060096741,86.06504974886775,0.0,59.64004574343562,0.25,PLAIN-395,0.125,8,0.0,1.0
weighted_pre,0.0,0.0,0.0,0.0,0.0,0.0,1.0,,,,,,,,,,,,,,,1.0,0.0,0.0,1.0,0.0,2.974726919128951,1.801129362180891,14.316205121323378,100,nfcorpus,2.995557075160381,0.01567453145980835,0.6902309060096741,86.15200128406286,0.0,59.64004574343562,0.25,PLAIN-395,0.125,8,0.0,1.0
rerank_depth_20,0.0,0.0,0.0,0.0,1.0,0.0,0.0,,,,,,,1.0,,,,,,,,,1.0,0.0,0.0,20.0,2.974726919128951,1.801129362180891,14.316205121323378,32,nfcorpus,2.995557075160381,0.01567453145980835,0.6902309060096741,91.74593808710576,0.0,59.64004574343562,0.25,PLAIN-395,0.125,8,0.0,1.0
bm25_post,1.0,0.0,0.0,0.0,0.0,0.0,0.0,1.0,,,,,,,,,,,,,,,0.0,1.0,0.0,0.0,2.890451573509076,12.968750232283895,23.841594172275,100,nfcorpus,2.994409057209412,0.12091785669326782,0.7829018235206604,4.723936869949102,0.7262287617954056,72.4587170407176,0.08108108108108109,PLAIN-407,0.0,5,0.6666666666666666,1.0
dense_post,0.0,0.0,1.0,0.0,0.0,0.0,0.0,,,,,1.0,,,,,,,,,,,0.0,1.0,0.0,0.0,2.890451573509076,12.968750232283895,23.841594172275,100,nfcorpus,2.994409057209412,0.12091785669326782,0.7829018235206604,91.26160302311182,0.7262287617954056,72.4587170407176,0.08108108108108109,PLAIN-407,0.0,5,0.3333333333333333,1.0
rrf_post,0.0,0.0,0.0,0.0,0.0,1.0,0.0,,,,,,,,,,1.0,,,,,,0.0,1.0,0.0,0.0,2.890451573509076,12.968750232283895,23.841594172275,100,nfcorpus,2.994409057209412,0.12091785669326782,0.7829018235206604,96.03758118227124,0.7262287617954056,72.4587170407176,0.08108108108108109,PLAIN-407,0.0,5,0.6666666666666666,1.0
weighted_post,0.0,0.0,0.0,0.0,0.0,0.0,1.0,,,,,,,,,,,,,,1.0,,0.0,1.0,0.0,0.0,2.890451573509076,12.968750232283895,23.841594172275,100,nfcorpus,2.994409057209412,0.12091785669326782,0.7829018235206604,96.14695384278893,0.7262287617954056,72.4587170407176,0.08108108108108109,PLAIN-407,0.0,5,0.6666666666666666,1.0
bm25_pre,1.0,0.0,0.0,0.0,0.0,0.0,0.0,,1.0,,,,,,,,,,,,,,0.0,0.0,1.0,0.0,2.890451573509076,12.968750232283895,23.841594172275,100,nfcorpus,2.994409057209412,0.12091785669326782,0.7829018235206604,4.673936869949102,0.7262287617954056,72.4587170407176,0.08108108108108109,PLAIN-407,0.0,5,0.6666666666666666,1.0
dense_pre,0.0,0.0,1.0,0.0,0.0,0.0,0.0,,,,,,1.0,,,,,,,,,,0.0,0.0,1.0,0.0,2.890451573509076,12.968750232283895,23.841594172275,100,nfcorpus,2.994409057209412,0.12091785669326782,0.7829018235206604,91.21160302311182,0.7262287617954056,72.4587170407176,0.08108108108108109,PLAIN-407,0.0,5,0.3333333333333333,1.0
dense_e5_base_v2_post,0.0,0.0,1.0,0.0,0.0,0.0,0.0,,,1.0,,,,,,,,,,,,,0.0,1.0,0.0,0.0,2.890451573509076,12.968750232283895,23.841594172275,100,nfcorpus,2.994409057209412,0.12091785669326782,0.7829018235206604,113.7661860242486,0.7262287617954056,72.4587170407176,0.08108108108108109,PLAIN-407,0.0,5,0.3333333333333333,1.0
dense_e5_base_v2_pre,0.0,0.0,1.0,0.0,0.0,0.0,0.0,,,,1.0,,,,,,,,,,,,0.0,0.0,1.0,0.0,2.890451573509076,12.968750232283895,23.841594172275,100,nfcorpus,2.994409057209412,0.12091785669326782,0.7829018235206604,113.7161860242486,0.7262287617954056,72.4587170407176,0.08108108108108109,PLAIN-407,0.0,5,0.3333333333333333,1.0
rrf_dense_e5_base_v2_post,0.0,0.0,0.0,0.0,0.0,1.0,0.0,,,,,,,,1.0,,,,,,,,0.0,1.0,0.0,0.0,2.890451573509076,12.968750232283895,23.841594172275,100,nfcorpus,2.994409057209412,0.12091785669326782,0.7829018235206604,118.52728257998824,0.7262287617954056,72.4587170407176,0.08108108108108109,PLAIN-407,0.0,5,0.6666666666666666,1.0
rrf_dense_e5_base_v2_pre,0.0,0.0,0.0,0.0,0.0,1.0,0.0,,,,,,,,,1.0,,,,,,,0.0,0.0,1.0,0.0,2.890451573509076,12.968750232283895,23.841594172275,100,nfcorpus,2.994409057209412,0.12091785669326782,0.7829018235206604,118.47429815679789,0.7262287617954056,72.4587170407176,0.08108108108108109,PLAIN-407,0.0,5,0.6666666666666666,1.0
weighted_dense_e5_base_v2_post,0.0,0.0,0.0,0.0,0.0,0.0,1.0,,,,,,,,,,,,1.0,,,,0.0,1.0,0.0,0.0,2.890451573509076,12.968750232283895,23.841594172275,100,nfcorpus,2.994409057209412,0.12091785669326782,0.7829018235206604,118.63822870999574,0.7262287617954056,72.4587170407176,0.08108108108108109,PLAIN-407,0.0,5,0.6666666666666666,1.0
weighted_dense_e5_base_v2_pre,0.0,0.0,0.0,0.0,0.0,0.0,1.0,,,,,,,,,,,,,1.0,,,0.0,0.0,1.0,0.0,2.890451573509076,12.968750232283895,23.841594172275,100,nfcorpus,2.994409057209412,0.12091785669326782,0.7829018235206604,118.60950477421284,0.7262287617954056,72.4587170407176,0.08108108108108109,PLAIN-407,0.0,5,0.6666666666666666,1.0
rrf_pre,0.0,0.0,0.0,0.0,0.0,1.0,0.0,,,,,,,,,,,1.0,,,,,0.0,0.0,1.0,0.0,2.890451573509076,12.968750232283895,23.841594172275,100,nfcorpus,2.994409057209412,0.12091785669326782,0.7829018235206604,95.97016172483563,0.7262287617954056,72.4587170407176,0.08108108108108109,PLAIN-407,0.0,5,0.6666666666666666,1.0
weighted_pre,0.0,0.0,0.0,0.0,0.0,0.0,1.0,,,,,,,,,,,,,,,1.0,0.0,0.0,1.0,0.0,2.890451573509076,12.968750232283895,23.841594172275,100,nfcorpus,2.994409057209412,0.12091785669326782,0.7829018235206604,96.07762796804309,0.7262287617954056,72.4587170407176,0.08108108108108109,PLAIN-407,0.0,5,0.6666666666666666,1.0
rerank_depth_20,0.0,0.0,0.0,0.0,1.0,0.0,0.0,,,,,,,1.0,,,,,,,,,1.0,0.0,0.0,20.0,2.890451573509076,12.968750232283895,23.841594172275,37,nfcorpus,2.994409057209412,0.12091785669326782,0.7829018235206604,102.54553989306092,0.7262287617954056,72.4587170407176,0.08108108108108109,PLAIN-407,0.0,5,0.6666666666666666,1.0
bm25_post,1.0,0.0,0.0,0.0,0.0,0.0,0.0,1.0,,,,,,,,,,,,,,,0.0,1.0,0.0,0.0,2.968798036752889,2.5474641141161527,18.596851268423357,100,nfcorpus,2.995391717292583,0.006157517433166504,0.6689374446868896,15.884250953048468,0.7958830702855284,74.20488353818655,0.25,PLAIN-418,0.0,7,0.6666666666666666,1.0
dense_post,0.0,0.0,1.0,0.0,0.0,0.0,0.0,,,,,1.0,,,,,,,,,,,0.0,1.0,0.0,0.0,2.968798036752889,2.5474641141161527,18.596851268423357,100,nfcorpus,2.995391717292583,0.006157517433166504,0.6689374446868896,73.76616410091519,0.7715039881147672,74.20488353818655,0.25,PLAIN-418,0.0,7,1.0,1.0
rrf_post,0.0,0.0,0.0,0.0,0.0,1.0,0.0,,,,,,,,,,1.0,,,,,,0.0,1.0,0.0,0.0,2.968798036752889,2.5474641141161527,18.596851268423357,100,nfcorpus,2.995391717292583,0.006157517433166504,0.6689374446868896,91.5550427429378,0.9072836011519267,74.20488353818655,0.25,PLAIN-418,0.0,7,1.0,1.0
weighted_post,0.0,0.0,0.0,0.0,0.0,0.0,1.0,,,,,,,,,,,,,,1.0,,0.0,1.0,0.0,0.0,2.968798036752889,2.5474641141161527,18.596851268423357,100,nfcorpus,2.995391717292583,0.006157517433166504,0.6689374446868896,89.80497307255864,0.9072836011519267,74.20488353818655,0.25,PLAIN-418,0.0,7,1.0,1.0
bm25_pre,1.0,0.0,0.0,0.0,0.0,0.0,0.0,,1.0,,,,,,,,,,,,,,0.0,0.0,1.0,0.0,2.968798036752889,2.5474641141161527,18.596851268423357,100,nfcorpus,2.995391717292583,0.006157517433166504,0.6689374446868896,15.834250953048468,0.7958830702855284,74.20488353818655,0.25,PLAIN-418,0.0,7,0.6666666666666666,1.0
dense_pre,0.0,0.0,1.0,0.0,0.0,0.0,0.0,,,,,,1.0,,,,,,,,,,0.0,0.0,1.0,0.0,2.968798036752889,2.5474641141161527,18.596851268423357,100,nfcorpus,2.995391717292583,0.006157517433166504,0.6689374446868896,73.7161641009152,0.7715039881147672,74.20488353818655,0.25,PLAIN-418,0.0,7,1.0,1.0
dense_e5_base_v2_post,0.0,0.0,1.0,0.0,0.0,0.0,0.0,,,1.0,,,,,,,,,,,,,0.0,1.0,0.0,0.0,2.968798036752889,2.5474641141161527,18.596851268423357,100,nfcorpus,2.995391717292583,0.006157517433166504,0.6689374446868896,112.88283028751611,0.8344475896326595,74.20488353818655,0.25,PLAIN-418,0.0,7,1.0,1.0
dense_e5_base_v2_pre,0.0,0.0,1.0,0.0,0.0,0.0,0.0,,,,1.0,,,,,,,,,,,,0.0,0.0,1.0,0.0,2.968798036752889,2.5474641141161527,18.596851268423357,100,nfcorpus,2.995391717292583,0.006157517433166504,0.6689374446868896,112.83283028751612,0.8344475896326595,74.20488353818655,0.25,PLAIN-418,0.0,7,1.0,1.0
rrf_dense_e5_base_v2_post,0.0,0.0,0.0,0.0,0.0,1.0,0.0,,,,,,,,1.0,,,,,,,,0.0,1.0,0.0,0.0,2.968798036752889,2.5474641141161527,18.596851268423357,100,nfcorpus,2.995391717292583,0.006157517433166504,0.6689374446868896,128.80178596004845,0.9072836011519267,74.20488353818655,0.25,PLAIN-418,0.0,7,0.6666666666666666,1.0
rrf_dense_e5_base_v2_pre,0.0,0.0,0.0,0.0,0.0,1.0,0.0,,,,,,,,,1.0,,,,,,,0.0,0.0,1.0,0.0,2.968798036752889,2.5474641141161527,18.596851268423357,100,nfcorpus,2.995391717292583,0.006157517433166504,0.6689374446868896,128.74847324565053,0.9072836011519267,74.20488353818655,0.25,PLAIN-418,0.0,7,0.6666666666666666,1.0
weighted_dense_e5_base_v2_post,0.0,0.0,0.0,0.0,0.0,0.0,1.0,,,,,,,,,,,,1.0,,,,0.0,1.0,0.0,0.0,2.968798036752889,2.5474641141161527,18.596851268423357,100,nfcorpus,2.995391717292583,0.006157517433166504,0.6689374446868896,128.9030924357474,0.9072836011519267,74.20488353818655,0.25,PLAIN-418,0.0,7,0.6666666666666666,1.0
weighted_dense_e5_base_v2_pre,0.0,0.0,0.0,0.0,0.0,0.0,1.0,,,,,,,,,,,,,1.0,,,0.0,0.0,1.0,0.0,2.968798036752889,2.5474641141161527,18.596851268423357,100,nfcorpus,2.995391717292583,0.006157517433166504,0.6689374446868896,128.8454281166196,0.9072836011519267,74.20488353818655,0.25,PLAIN-418,0.0,7,0.6666666666666666,1.0
rrf_pre,0.0,0.0,0.0,0.0,0.0,1.0,0.0,,,,,,,,,,,1.0,,,,,0.0,0.0,1.0,0.0,2.968798036752889,2.5474641141161527,18.596851268423357,100,nfcorpus,2.995391717292583,0.006157517433166504,0.6689374446868896,89.6317521110177,0.9072836011519267,74.20488353818655,0.25,PLAIN-418,0.0,7,1.0,1.0
weighted_pre,0.0,0.0,0.0,0.0,0.0,0.0,1.0,,,,,,,,,,,,,,,1.0,0.0,0.0,1.0,0.0,2.968798036752889,2.5474641141161527,18.596851268423357,100,nfcorpus,2.995391717292583,0.006157517433166504,0.6689374446868896,89.73077777773142,0.9072836011519267,74.20488353818655,0.25,PLAIN-418,0.0,7,1.0,1.0
rerank_depth_20,0.0,0.0,0.0,0.0,1.0,0.0,0.0,,,,,,,1.0,,,,,,,,,1.0,0.0,0.0,20.0,2.968798036752889,2.5474641141161527,18.596851268423357,32,nfcorpus,2.995391717292583,0.006157517433166504,0.6689374446868896,95.31041505396367,0.9072836011519267,74.20488353818655,0.25,PLAIN-418,0.0,7,0.6666666666666666,1.0
bm25_post,1.0,0.0,0.0,0.0,0.0,0.0,0.0,1.0,,,,,,,,,,,,,,,0.0,1.0,0.0,0.0,2.9499191809657477,3.2423962555033015,25.714948449540685,100,nfcorpus,2.994213452060068,0.014484405517578125,0.7562201619148254,18.28344035074115,0.5982294706672244,67.63133453205228,0.42857142857142855,PLAIN-430,0.0,9,0.625,1.0
dense_post,0.0,0.0,1.0,0.0,0.0,0.0,0.0,,,,,1.0,,,,,,,,,,,0.0,1.0,0.0,0.0,2.9499191809657477,3.2423962555033015,25.714948449540685,100,nfcorpus,2.994213452060068,0.014484405517578125,0.7562201619148254,76.12856392860412,0.6051958559375978,67.63133453205228,0.42857142857142855,PLAIN-430,0.0,9,0.5,1.0
rrf_post,0.0,0.0,0.0,0.0,0.0,1.0,0.0,,,,,,,,,,1.0,,,,,,0.0,1.0,0.0,0.0,2.9499191809657477,3.2423962555033015,25.714948449540685,100,nfcorpus,2.994213452060068,0.014484405517578125,0.7562201619148254,94.44076948910951,0.6278760013165627,67.63133453205228,0.42857142857142855,PLAIN-430,0.0,9,0.625,1.0
weighted_post,0.0,0.0,0.0,0.0,0.0,0.0,1.0,,,,,,,,,,,,,,1.0,,0.0,1.0,0.0,0.0,2.9499191809657477,3.2423962555033015,25.714948449540685,100,nfcorpus,2.994213452060068,0.014484405517578125,0.7562201619148254,94.52649121284485,0.6145291846697715,67.63133453205228,0.42857142857142855,PLAIN-430,0.0,9,0.625,1.0
bm25_pre,1.0,0.0,0.0,0.0,0.0,0.0,0.0,,1.0,,,,,,,,,,,,,,0.0,0.0,1.0,0.0,2.9499191809657477,3.2423962555033015,25.714948449540685,100,nfcorpus,2.994213452060068,0.014484405517578125,0.7562201619148254,18.233440350741148,0.5982294706672244,67.63133453205228,0.42857142857142855,PLAIN-430,0.0,9,0.625,1.0
dense_pre,0.0,0.0,1.0,0.0,0.0,0.0,0.0,,,,,,1.0,,,,,,,,,,0.0,0.0,1.0,0.0,2.9499191809657477,3.2423962555033015,25.714948449540685,100,nfcorpus,2.994213452060068,0.014484405517578125,0.7562201619148254,76.07856392860413,0.6051958559375978,67.63133453205228,0.42857142857142855,PLAIN-430,0.0,9,0.5,1.0
dense_e5_base_v2_post,0.0,0.0,1.0,0.0,0.0,0.0,0.0,,,1.0,,,,,,,,,,,,,0.0,1.0,0.0,0.0,2.9499191809657477,3.2423962555033015,25.714948449540685,100,nfcorpus,2.994213452060068,0.014484405517578125,0.7562201619148254,107.85337685719132,0.6278760013165627,67.63133453205228,0.42857142857142855,PLAIN-430,0.0,9,0.5,1.0
dense_e5_base_v2_pre,0.0,0.0,1.0,0.0,0.0,0.0,0.0,,,,1.0,,,,,,,,,,,,0.0,0.0,1.0,0.0,2.9499191809657477,3.2423962555033015,25.714948449540685,100,nfcorpus,2.994213452060068,0.014484405517578125,0.7562201619148254,107.80337685719132,0.6278760013165627,67.63133453205228,0.42857142857142855,PLAIN-430,0.0,9,0.5,1.0
rrf_dense_e5_base_v2_post,0.0,0.0,0.0,0.0,0.0,1.0,0.0,,,,,,,,1.0,,,,,,,,0.0,1.0,0.0,0.0,2.9499191809657477,3.2423962555033015,25.714948449540685,100,nfcorpus,2.994213452060068,0.014484405517578125,0.7562201619148254,126.15413040965795,0.6489889195631369,67.63133453205228,0.42857142857142855,PLAIN-430,0.0,9,0.625,1.0
rrf_dense_e5_base_v2_pre,0.0,0.0,0.0,0.0,0.0,1.0,0.0,,,,,,,,,1.0,,,,,,,0.0,0.0,1.0,0.0,2.9499191809657477,3.2423962555033015,25.714948449540685,100,nfcorpus,2.994213452060068,0.014484405517578125,0.7562201619148254,126.1000051163137,0.6489889195631369,67.63133453205228,0.42857142857142855,PLAIN-430,0.0,9,0.625,1.0
weighted_dense_e5_base_v2_post,0.0,0.0,0.0,0.0,0.0,0.0,1.0,,,,,,,,,,,,1.0,,,,0.0,1.0,0.0,0.0,2.9499191809657477,3.2423962555033015,25.714948449540685,100,nfcorpus,2.994213452060068,0.014484405517578125,0.7562201619148254,126.240978102386,0.6489889195631369,67.63133453205228,0.42857142857142855,PLAIN-430,0.0,9,0.625,1.0
weighted_dense_e5_base_v2_pre,0.0,0.0,0.0,0.0,0.0,0.0,1.0,,,,,,,,,,,,,1.0,,,0.0,0.0,1.0,0.0,2.9499191809657477,3.2423962555033015,25.714948449540685,100,nfcorpus,2.994213452060068,0.014484405517578125,0.7562201619148254,126.18475733324885,0.6489889195631369,67.63133453205228,0.42857142857142855,PLAIN-430,0.0,9,0.625,1.0
rrf_pre,0.0,0.0,0.0,0.0,0.0,1.0,0.0,,,,,,,,,,,1.0,,,,,0.0,0.0,1.0,0.0,2.9499191809657477,3.2423962555033015,25.714948449540685,100,nfcorpus,2.994213452060068,0.014484405517578125,0.7562201619148254,94.3764722906053,0.6278760013165627,67.63133453205228,0.42857142857142855,PLAIN-430,0.0,9,0.625,1.0
weighted_pre,0.0,0.0,0.0,0.0,0.0,0.0,1.0,,,,,,,,,,,,,,,1.0,0.0,0.0,1.0,0.0,2.9499191809657477,3.2423962555033015,25.714948449540685,100,nfcorpus,2.994213452060068,0.014484405517578125,0.7562201619148254,94.46330135688186,0.6145291846697715,67.63133453205228,0.42857142857142855,PLAIN-430,0.0,9,0.625,1.0
rerank_depth_20,0.0,0.0,0.0,0.0,1.0,0.0,0.0,,,,,,,1.0,,,,,,,,,1.0,0.0,0.0,20.0,2.9499191809657477,3.2423962555033015,25.714948449540685,28,nfcorpus,2.994213452060068,0.014484405517578125,0.7562201619148254,99.35200427934528,0.6145291846697715,67.63133453205228,0.42857142857142855,PLAIN-430,0.0,9,0.625,1.0
bm25_post,1.0,0.0,0.0,0.0,0.0,0.0,0.0,1.0,,,,,,,,,,,,,,,0.0,1.0,0.0,0.0,2.905382522834467,12.660559210658256,31.352616641958285,100,nfcorpus,2.9947990778572486,0.03453373908996582,0.7076228857040405,6.597725759446621,0.9682283150551385,68.97009117528796,0.14285714285714285,PLAIN-441,0.0,7,1.0,1.0
dense_post,0.0,0.0,1.0,0.0,0.0,0.0,0.0,,,,,1.0,,,,,,,,,,,0.0,1.0,0.0,0.0,2.905382522834467,12.660559210658256,31.352616641958285,100,nfcorpus,2.9947990778572486,0.03453373908996582,0.7076228857040405,91.63643893897533,0.727463892412172,68.97009117528796,0.14285714285714285,PLAIN-441,0.0,7,0.8,1.0
rrf_post,0.0,0.0,0.0,0.0,0.0,1.0,0.0,,,,,,,,,,1.0,,,,,,0.0,1.0,0.0,0.0,2.905382522834467,12.660559210658256,31.352616641958285,100,nfcorpus,2.9947990778572486,0.03453373908996582,0.7076228857040405,98.30249249115586,0.7345204950565553,68.97009117528796,0.14285714285714285,PLAIN-441,0.0,7,1.0,1.0
weighted_post,0.0,0.0,0.0,0.0,0.0,0.0,1.0,,,,,,,,,,,,,,1.0,,0.0,1.0,0.0,0.0,2.905382522834467,12.660559210658256,31.352616641958285,100,nfcorpus,2.9947990778572486,0.03453373908996582,0.7076228857040405,98.39327176213264,0.9065924330158023,68.97009117528796,0.14285714285714285,PLAIN-441,0.0,7,1.0,1.0
bm25_pre,1.0,0.0,0.0,0.0,0.0,0.0,0.0,,1.0,,,,,,,,,,,,,,0.0,0.0,1.0,0.0,2.905382522834467,12.660559210658256,31.352616641958285,100,nfcorpus,2.9947990778572486,0.03453373908996582,0.7076228857040405,6.547725759446621,0.9682283150551385,68.97009117528796,0.14285714285714285,PLAIN-441,0.0,7,1.0,1.0
dense_pre,0.0,0.0,1.0,0.0,0.0,0.0,0.0,,,,,,1.0,,,,,,,,,,0.0,0.0,1.0,0.0,2.905382522834467,12.660559210658256,31.352616641958285,100,nfcorpus,2.9947990778572486,0.03453373908996582,0.7076228857040405,91.58643893897533,0.727463892412172,68.97009117528796,0.14285714285714285,PLAIN-441,0.0,7,0.8,1.0
dense_e5_base_v2_post,0.0,0.0,1.0,0.0,0.0,0.0,0.0,,,1.0,,,,,,,,,,,,,0.0,1.0,0.0,0.0,2.905382522834467,12.660559210658256,31.352616641958285,100,nfcorpus,2.9947990778572486,0.03453373908996582,0.7076228857040405,120.9857869811356,0.727463892412172,68.97009117528796,0.14285714285714285,PLAIN-441,0.0,7,0.8,1.0
dense_e5_base_v2_pre,0.0,0.0,1.0,0.0,0.0,0.0,0.0,,,,1.0,,,,,,,,,,,,0.0,0.0,1.0,0.0,2.905382522834467,12.660559210658256,31.352616641958285,100,nfcorpus,2.9947990778572486,0.03453373908996582,0.7076228857040405,120.9357869811356,0.727463892412172,68.97009117528796,0.14285714285714285,PLAIN-441,0.0,7,0.8,1.0
rrf_dense_e5_base_v2_post,0.0,0.0,0.0,0.0,0.0,1.0,0.0,,,,,,,,1.0,,,,,,,,0.0,1.0,0.0,0.0,2.905382522834467,12.660559210658256,31.352616641958285,100,nfcorpus,2.9947990778572486,0.03453373908996582,0.7076228857040405,127.6194528594613,0.7345204950565553,68.97009117528796,0.14285714285714285,PLAIN-441,0.0,7,1.0,1.0
rrf_dense_e5_base_v2_pre,0.0,0.0,0.0,0.0,0.0,1.0,0.0,,,,,,,,,1.0,,,,,,,0.0,0.0,1.0,0.0,2.905382522834467,12.660559210658256,31.352616641958285,100,nfcorpus,2.9947990778572486,0.03453373908996582,0.7076228857040405,127.56701279431581,0.7345204950565553,68.97009117528796,0.14285714285714285,PLAIN-441,0.0,7,1.0,1.0
weighted_dense_e5_base_v2_post,0.0,0.0,0.0,0.0,0.0,0.0,1.0,,,,,,,,,,,,1.0,,,,0.0,1.0,0.0,0.0,2.905382522834467,12.660559210658256,31.352616641958285,100,nfcorpus,2.9947990778572486,0.03453373908996582,0.7076228857040405,127.73245162442326,0.9213963208540731,68.97009117528796,0.14285714285714285,PLAIN-441,0.0,7,1.0,1.0
weighted_dense_e5_base_v2_pre,0.0,0.0,0.0,0.0,0.0,0.0,1.0,,,,,,,,,,,,,1.0,,,0.0,0.0,1.0,0.0,2.905382522834467,12.660559210658256,31.352616641958285,100,nfcorpus,2.9947990778572486,0.03453373908996582,0.7076228857040405,127.69084190949798,0.9213963208540731,68.97009117528796,0.14285714285714285,PLAIN-441,0.0,7,1.0,1.0
rrf_pre,0.0,0.0,0.0,0.0,0.0,1.0,0.0,,,,,,,,,,,1.0,,,,,0.0,0.0,1.0,0.0,2.905382522834467,12.660559210658256,31.352616641958285,100,nfcorpus,2.9947990778572486,0.03453373908996582,0.7076228857040405,98.21714786812663,0.7345204950565553,68.97009117528796,0.14285714285714285,PLAIN-441,0.0,7,1.0,1.0
weighted_pre,0.0,0.0,0.0,0.0,0.0,0.0,1.0,,,,,,,,,,,,,,,1.0,0.0,0.0,1.0,0.0,2.905382522834467,12.660559210658256,31.352616641958285,100,nfcorpus,2.9947990778572486,0.03453373908996582,0.7076228857040405,98.32563297823071,0.9065924330158023,68.97009117528796,0.14285714285714285,PLAIN-441,0.0,7,1.0,1.0
rerank_depth_20,0.0,0.0,0.0,0.0,1.0,0.0,0.0,,,,,,,1.0,,,,,,,,,1.0,0.0,0.0,20.0,2.905382522834467,12.660559210658256,31.352616641958285,35,nfcorpus,2.9947990778572486,0.03453373908996582,0.7076228857040405,104.43416469842195,0.9213963208540731,68.97009117528796,0.14285714285714285,PLAIN-441,0.0,7,1.0,1.0
bm25_post,1.0,0.0,0.0,0.0,0.0,0.0,0.0,1.0,,,,,,,,,,,,,,,0.0,1.0,0.0,0.0,2.9711755952610868,5.786319764870404,16.273900512478562,100,nfcorpus,2.9956074215813353,0.0055724382400512695,0.5796521902084351,7.1761082775890825,0.0,84.06214509159327,0.1111111111111111,PLAIN-457,0.0,8,0.0,1.0
dense_post,0.0,0.0,1.0,0.0,0.0,0.0,0.0,,,,,1.0,,,,,,,,,,,0.0,1.0,0.0,0.0,2.9711755952610868,5.786319764870404,16.273900512478562,100,nfcorpus,2.9956074215813353,0.0055724382400512695,0.5796521902084351,72.65249415412545,0.0,84.06214509159327,0.1111111111111111,PLAIN-457,0.0,8,0.0,1.0
rrf_post,0.0,0.0,0.0,0.0,0.0,1.0,0.0,,,,,,,,,,1.0,,,,,,0.0,1.0,0.0,0.0,2.9711755952610868,5.786319764870404,16.273900512478562,100,nfcorpus,2.9956074215813353,0.0055724382400512695,0.5796521902084351,79.88069214969873,0.0,84.06214509159327,0.1111111111111111,PLAIN-457,0.0,8,0.0,1.0
weighted_post,0.0,0.0,0.0,0.0,0.0,0.0,1.0,,,,,,,,,,,,,,1.0,,0.0,1.0,0.0,0.0,2.9711755952610868,5.786319764870404,16.273900512478562,100,nfcorpus,2.9956074215813353,0.0055724382400512695,0.5796521902084351,79.98887644261121,0.0,84.06214509159327,0.1111111111111111,PLAIN-457,0.0,8,0.0,1.0
bm25_pre,1.0,0.0,0.0,0.0,0.0,0.0,0.0,,1.0,,,,,,,,,,,,,,0.0,0.0,1.0,0.0,2.9711755952610868,5.786319764870404,16.273900512478562,100,nfcorpus,2.9956074215813353,0.0055724382400512695,0.5796521902084351,7.126108277589083,0.0,84.06214509159327,0.1111111111111111,PLAIN-457,0.0,8,0.0,1.0
dense_pre,0.0,0.0,1.0,0.0,0.0,0.0,0.0,,,,,,1.0,,,,,,,,,,0.0,0.0,1.0,0.0,2.9711755952610868,5.786319764870404,16.273900512478562,100,nfcorpus,2.9956074215813353,0.0055724382400512695,0.5796521902084351,72.60249415412545,0.0,84.06214509159327,0.1111111111111111,PLAIN-457,0.0,8,0.0,1.0
dense_e5_base_v2_post,0.0,0.0,1.0,0.0,0.0,0.0,0.0,,,1.0,,,,,,,,,,,,,0.0,1.0,0.0,0.0,2.9711755952610868,5.786319764870404,16.273900512478562,100,nfcorpus,2.9956074215813353,0.0055724382400512695,0.5796521902084351,104.9795007251203,0.0,84.06214509159327,0.1111111111111111,PLAIN-457,0.0,8,0.0,1.0
dense_e5_base_v2_pre,0.0,0.0,1.0,0.0,0.0,0.0,0.0,,,,1.0,,,,,,,,,,,,0.0,0.0,1.0,0.0,2.9711755952610868,5.786319764870404,16.273900512478562,100,nfcorpus,2.9956074215813353,0.0055724382400512695,0.5796521902084351,104.9295007251203,0.0,84.06214509159327,0.1111111111111111,PLAIN-457,0.0,8,0.0,1.0
rrf_dense_e5_base_v2_post,0.0,0.0,0.0,0.0,0.0,1.0,0.0,,,,,,,,1.0,,,,,,,,0.0,1.0,0.0,0.0,2.9711755952610868,5.786319764870404,16.273900512478562,100,nfcorpus,2.9956074215813353,0.0055724382400512695,0.5796521902084351,112.19346392080188,0.0,84.06214509159327,0.1111111111111111,PLAIN-457,0.0,8,0.0,1.0
rrf_dense_e5_base_v2_pre,0.0,0.0,0.0,0.0,0.0,1.0,0.0,,,,,,,,,1.0,,,,,,,0.0,0.0,1.0,0.0,2.9711755952610868,5.786319764870404,16.273900512478562,100,nfcorpus,2.9956074215813353,0.0055724382400512695,0.5796521902084351,112.1415700763464,0.0,84.06214509159327,0.1111111111111111,PLAIN-457,0.0,8,0.0,1.0
weighted_dense_e5_base_v2_post,0.0,0.0,0.0,0.0,0.0,0.0,1.0,,,,,,,,,,,,1.0,,,,0.0,1.0,0.0,0.0,2.9711755952610868,5.786319764870404,16.273900512478562,100,nfcorpus,2.9956074215813353,0.0055724382400512695,0.5796521902084351,112.30205706432461,0.0,84.06214509159327,0.1111111111111111,PLAIN-457,0.0,8,0.0,1.0
weighted_dense_e5_base_v2_pre,0.0,0.0,0.0,0.0,0.0,0.0,1.0,,,,,,,,,,,,,1.0,,,0.0,0.0,1.0,0.0,2.9711755952610868,5.786319764870404,16.273900512478562,100,nfcorpus,2.9956074215813353,0.0055724382400512695,0.5796521902084351,112.24624700844288,0.0,84.06214509159327,0.1111111111111111,PLAIN-457,0.0,8,0.0,1.0
rrf_pre,0.0,0.0,0.0,0.0,0.0,1.0,0.0,,,,,,,,,,,1.0,,,,,0.0,0.0,1.0,0.0,2.9711755952610868,5.786319764870404,16.273900512478562,100,nfcorpus,2.9956074215813353,0.0055724382400512695,0.5796521902084351,79.8147963359952,0.0,84.06214509159327,0.1111111111111111,PLAIN-457,0.0,8,0.0,1.0
weighted_pre,0.0,0.0,0.0,0.0,0.0,0.0,1.0,,,,,,,,,,,,,,,1.0,0.0,0.0,1.0,0.0,2.9711755952610868,5.786319764870404,16.273900512478562,100,nfcorpus,2.9956074215813353,0.0055724382400512695,0.5796521902084351,79.9178727902472,0.0,84.06214509159327,0.1111111111111111,PLAIN-457,0.0,8,0.0,1.0
rerank_depth_20,0.0,0.0,0.0,0.0,1.0,0.0,0.0,,,,,,,1.0,,,,,,,,,1.0,0.0,0.0,20.0,2.9711755952610868,5.786319764870404,16.273900512478562,36,nfcorpus,2.9956074215813353,0.0055724382400512695,0.5796521902084351,86.20860243171454,0.0,84.06214509159327,0.1111111111111111,PLAIN-457,0.0,8,0.0,1.0
bm25_post,1.0,0.0,0.0,0.0,0.0,0.0,0.0,1.0,,,,,,,,,,,,,,,0.0,1.0,0.0,0.0,2.7880571827364093,1.2550608617214678,30.378557302825243,100,nfcorpus,2.993211611784306,0.07294964790344238,0.8182333707809448,19.164932976663113,0.7095149387817637,81.60841278731823,0.21212121212121213,PLAIN-468,0.25,8,0.7,1.0
dense_post,0.0,0.0,1.0,0.0,0.0,0.0,0.0,,,,,1.0,,,,,,,,,,,0.0,1.0,0.0,0.0,2.7880571827364093,1.2550608617214678,30.378557302825243,100,nfcorpus,2.993211611784306,0.07294964790344238,0.8182333707809448,87.3361579991877,0.5765225530144722,81.60841278731823,0.21212121212121213,PLAIN-468,0.25,8,0.3,1.0
rrf_post,0.0,0.0,0.0,0.0,0.0,1.0,0.0,,,,,,,,,,1.0,,,,,,0.0,1.0,0.0,0.0,2.7880571827364093,1.2550608617214678,30.378557302825243,100,nfcorpus,2.993211611784306,0.07294964790344238,0.8182333707809448,106.58640003874898,0.6638790550231812,81.60841278731823,0.21212121212121213,PLAIN-468,0.25,8,0.7,1.0
weighted_post,0.0,0.0,0.0,0.0,0.0,0.0,1.0,,,,,,,,,,,,,,1.0,,0.0,1.0,0.0,0.0,2.7880571827364093,1.2550608617214678,30.378557302825243,100,nfcorpus,2.993211611784306,0.07294964790344238,0.8182333707809448,106.74045895338058,0.6268451902108538,81.60841278731823,0.21212121212121213,PLAIN-468,0.25,8,0.7,1.0
bm25_pre,1.0,0.0,0.0,0.0,0.0,0.0,0.0,,1.0,,,,,,,,,,,,,,0.0,0.0,1.0,0.0,2.7880571827364093,1.2550608617214678,30.378557302825243,100,nfcorpus,2.993211611784306,0.07294964790344238,0.8182333707809448,19.114932976663113,0.7095149387817637,81.60841278731823,0.21212121212121213,PLAIN-468,0.25,8,0.7,1.0
dense_pre,0.0,0.0,1.0,0.0,0.0,0.0,0.0,,,,,,1.0,,,,,,,,,,0.0,0.0,1.0,0.0,2.7880571827364093,1.2550608617214678,30.378557302825243,100,nfcorpus,2.993211611784306,0.07294964790344238,0.8182333707809448,87.28615799918771,0.5765225530144722,81.60841278731823,0.21212121212121213,PLAIN-468,0.25,8,0.3,1.0
dense_e5_base_v2_post,0.0,0.0,1.0,0.0,0.0,0.0,0.0,,,1.0,,,,,,,,,,,,,0.0,1.0,0.0,0.0,2.7880571827364093,1.2550608617214678,30.378557302825243,100,nfcorpus,2.993211611784306,0.07294964790344238,0.8182333707809448,113.41858663707971,0.5498782011989537,81.60841278731823,0.21212121212121213,PLAIN-468,0.25,8,0.3,1.0
dense_e5_base_v2_pre,0.0,0.0,1.0,0.0,0.0,0.0,0.0,,,,1.0,,,,,,,,,,,,0.0,0.0,1.0,0.0,2.7880571827364093,1.2550608617214678,30.378557302825243,100,nfcorpus,2.993211611784306,0.07294964790344238,0.8182333707809448,113.36858663707972,0.5498782011989537,81.60841278731823,0.21212121212121213,PLAIN-468,0.25,8,0.3,1.0
rrf_dense_e5_base_v2_post,0.0,0.0,0.0,0.0,0.0,1.0,0.0,,,,,,,,1.0,,,,,,,,0.0,1.0,0.0,0.0,2.7880571827364093,1.2550608617214678,30.378557302825243,100,nfcorpus,2.993211611784306,0.07294964790344238,0.8182333707809448,132.67094743549825,0.5765225530144722,81.60841278731823,0.21212121212121213,PLAIN-468,0.25,8,0.7,1.0
rrf_dense_e5_base_v2_pre,0.0,0.0,0.0,0.0,0.0,1.0,0.0,,,,,,,,,1.0,,,,,,,0.0,0.0,1.0,0.0,2.7880571827364093,1.2550608617214678,30.378557302825243,100,nfcorpus,2.993211611784306,0.07294964790344238,0.8182333707809448,132.6139005832374,0.5765225530144722,81.60841278731823,0.21212121212121213,PLAIN-468,0.25,8,0.7,1.0
weighted_dense_e5_base_v2_post,0.0,0.0,0.0,0.0,0.0,0.0,1.0,,,,,,,,,,,,1.0,,,,0.0,1.0,0.0,0.0,2.7880571827364093,1.2550608617214678,30.378557302825243,100,nfcorpus,2.993211611784306,0.07294964790344238,0.8182333707809448,132.82228875085713,0.6268451902108538,81.60841278731823,0.21212121212121213,PLAIN-468,0.25,8,0.7,1.0
weighted_dense_e5_base_v2_pre,0.0,0.0,0.0,0.0,0.0,0.0,1.0,,,,,,,,,,,,,1.0,,,0.0,0.0,1.0,0.0,2.7880571827364093,1.2550608617214678,30.378557302825243,100,nfcorpus,2.993211611784306,0.07294964790344238,0.8182333707809448,132.75436079129577,0.6268451902108538,81.60841278731823,0.21212121212121213,PLAIN-468,0.25,8,0.7,1.0
rrf_pre,0.0,0.0,0.0,0.0,0.0,1.0,0.0,,,,,,,,,,,1.0,,,,,0.0,0.0,1.0,0.0,2.7880571827364093,1.2550608617214678,30.378557302825243,100,nfcorpus,2.993211611784306,0.07294964790344238,0.8182333707809448,106.51681665331125,0.6638790550231812,81.60841278731823,0.21212121212121213,PLAIN-468,0.25,8,0.7,1.0
weighted_pre,0.0,0.0,0.0,0.0,0.0,0.0,1.0,,,,,,,,,,,,,,,1.0,0.0,0.0,1.0,0.0,2.7880571827364093,1.2550608617214678,30.378557302825243,100,nfcorpus,2.993211611784306,0.07294964790344238,0.8182333707809448,106.68727522715926,0.6268451902108538,81.60841278731823,0.21212121212121213,PLAIN-468,0.25,8,0.7,1.0
rerank_depth_20,0.0,0.0,0.0,0.0,1.0,0.0,0.0,,,,,,,1.0,,,,,,,,,1.0,0.0,0.0,20.0,2.7880571827364093,1.2550608617214678,30.378557302825243,33,nfcorpus,2.993211611784306,0.07294964790344238,0.8182333707809448,112.34109097585082,0.6268451902108538,81.60841278731823,0.21212121212121213,PLAIN-468,0.25,8,0.7,1.0
bm25_post,1.0,0.0,0.0,0.0,0.0,0.0,0.0,1.0,,,,,,,,,,,,,,,0.0,1.0,0.0,0.0,1.3482575515492408,0.026962143940911787,5.72690149052422,4,nfcorpus,2.995412350984363,0.013788223266601562,0.6231130361557007,1.5738909982144833,0.0,88.35905371233821,0.043478260869565216,PLAIN-478,0.0,1,0.0,1.0
dense_post,0.0,0.0,1.0,0.0,0.0,0.0,0.0,,,,,1.0,,,,,,,,,,,0.0,1.0,0.0,0.0,1.3482575515492408,0.026962143940911787,5.72690149052422,100,nfcorpus,2.995412350984363,0.013788223266601562,0.6231130361557007,90.24094007089734,0.0,88.35905371233821,0.043478260869565216,PLAIN-478,0.0,1,0.0,1.0
rrf_post,0.0,0.0,0.0,0.0,0.0,1.0,0.0,,,,,,,,,,1.0,,,,,,0.0,1.0,0.0,0.0,1.3482575515492408,0.026962143940911787,5.72690149052422,100,nfcorpus,2.995412350984363,0.013788223266601562,0.6231130361557007,91.82294885739684,0.0,88.35905371233821,0.043478260869565216,PLAIN-478,0.0,1,0.0,1.0
weighted_post,0.0,0.0,0.0,0.0,0.0,0.0,1.0,,,,,,,,,,,,,,1.0,,0.0,1.0,0.0,0.0,1.3482575515492408,0.026962143940911787,5.72690149052422,100,nfcorpus,2.995412350984363,0.013788223266601562,0.6231130361557007,91.90161907225847,0.0,88.35905371233821,0.043478260869565216,PLAIN-478,0.0,1,0.0,1.0
bm25_pre,1.0,0.0,0.0,0.0,0.0,0.0,0.0,,1.0,,,,,,,,,,,,,,0.0,0.0,1.0,0.0,1.3482575515492408,0.026962143940911787,5.72690149052422,4,nfcorpus,2.995412350984363,0.013788223266601562,0.6231130361557007,1.5238909982144833,0.0,88.35905371233821,0.043478260869565216,PLAIN-478,0.0,1,0.0,1.0
dense_pre,0.0,0.0,1.0,0.0,0.0,0.0,0.0,,,,,,1.0,,,,,,,,,,0.0,0.0,1.0,0.0,1.3482575515492408,0.026962143940911787,5.72690149052422,100,nfcorpus,2.995412350984363,0.013788223266601562,0.6231130361557007,90.19094007089734,0.0,88.35905371233821,0.043478260869565216,PLAIN-478,0.0,1,0.0,1.0
dense_e5_base_v2_post,0.0,0.0,1.0,0.0,0.0,0.0,0.0,,,1.0,,,,,,,,,,,,,0.0,1.0,0.0,0.0,1.3482575515492408,0.026962143940911787,5.72690149052422,100,nfcorpus,2.995412350984363,0.013788223266601562,0.6231130361557007,86.72087787762284,0.0,88.35905371233821,0.043478260869565216,PLAIN-478,0.0,1,0.0,1.0
dense_e5_base_v2_pre,0.0,0.0,1.0,0.0,0.0,0.0,0.0,,,,1.0,,,,,,,,,,,,0.0,0.0,1.0,0.0,1.3482575515492408,0.026962143940911787,5.72690149052422,100,nfcorpus,2.995412350984363,0.013788223266601562,0.6231130361557007,86.67087787762284,0.0,88.35905371233821,0.043478260869565216,PLAIN-478,0.0,1,0.0,1.0
rrf_dense_e5_base_v2_post,0.0,0.0,0.0,0.0,0.0,1.0,0.0,,,,,,,,1.0,,,,,,,,0.0,1.0,0.0,0.0,1.3482575515492408,0.026962143940911787,5.72690149052422,100,nfcorpus,2.995412350984363,0.013788223266601562,0.6231130361557007,88.2930407218635,0.0,88.35905371233821,0.043478260869565216,PLAIN-478,0.0,1,0.0,1.0
rrf_dense_e5_base_v2_pre,0.0,0.0,0.0,0.0,0.0,1.0,0.0,,,,,,,,,1.0,,,,,,,0.0,0.0,1.0,0.0,1.3482575515492408,0.026962143940911787,5.72690149052422,100,nfcorpus,2.995412350984363,0.013788223266601562,0.6231130361557007,88.24155479669571,0.0,88.35905371233821,0.043478260869565216,PLAIN-478,0.0,1,0.0,1.0
weighted_dense_e5_base_v2_post,0.0,0.0,0.0,0.0,0.0,0.0,1.0,,,,,,,,,,,,1.0,,,,0.0,1.0,0.0,0.0,1.3482575515492408,0.026962143940911787,5.72690149052422,100,nfcorpus,2.995412350984363,0.013788223266601562,0.6231130361557007,88.37331886515021,0.0,88.35905371233821,0.043478260869565216,PLAIN-478,0.0,1,0.0,1.0
weighted_dense_e5_base_v2_pre,0.0,0.0,0.0,0.0,0.0,0.0,1.0,,,,,,,,,,,,,1.0,,,0.0,0.0,1.0,0.0,1.3482575515492408,0.026962143940911787,5.72690149052422,100,nfcorpus,2.995412350984363,0.013788223266601562,0.6231130361557007,88.31836702302098,0.0,88.35905371233821,0.043478260869565216,PLAIN-478,0.0,1,0.0,1.0
rrf_pre,0.0,0.0,0.0,0.0,0.0,1.0,0.0,,,,,,,,,,,1.0,,,,,0.0,0.0,1.0,0.0,1.3482575515492408,0.026962143940911787,5.72690149052422,100,nfcorpus,2.995412350984363,0.013788223266601562,0.6231130361557007,91.76204493269324,0.0,88.35905371233821,0.043478260869565216,PLAIN-478,0.0,1,0.0,1.0
weighted_pre,0.0,0.0,0.0,0.0,0.0,0.0,1.0,,,,,,,,,,,,,,,1.0,0.0,0.0,1.0,0.0,1.3482575515492408,0.026962143940911787,5.72690149052422,100,nfcorpus,2.995412350984363,0.013788223266601562,0.6231130361557007,91.83892607688904,0.0,88.35905371233821,0.043478260869565216,PLAIN-478,0.0,1,0.0,1.0
rerank_depth_20,0.0,0.0,0.0,0.0,1.0,0.0,0.0,,,,,,,1.0,,,,,,,,,1.0,0.0,0.0,20.0,1.3482575515492408,0.026962143940911787,5.72690149052422,23,nfcorpus,2.995412350984363,0.013788223266601562,0.6231130361557007,95.85483106911182,0.0,88.35905371233821,0.043478260869565216,PLAIN-478,0.0,1,0.0,1.0
bm25_post,1.0,0.0,0.0,0.0,0.0,0.0,0.0,1.0,,,,,,,,,,,,,,,0.0,1.0,0.0,0.0,2.873866204177077,0.3628249643159567,13.106405728179649,100,nfcorpus,2.9897007688172317,0.005421936511993408,0.8196388483047485,2.3022052749991415,1.0,81.78232936188579,0.3793103448275862,PLAIN-488,0.5,2,0.7333333333333333,1.0
dense_post,0.0,0.0,1.0,0.0,0.0,0.0,0.0,,,,,1.0,,,,,,,,,,,0.0,1.0,0.0,0.0,2.873866204177077,0.3628249643159567,13.106405728179649,100,nfcorpus,2.9897007688172317,0.005421936511993408,0.8196388483047485,89.6793381229043,1.0,81.78232936188579,0.3793103448275862,PLAIN-488,0.5,2,0.7333333333333333,1.0
rrf_post,0.0,0.0,0.0,0.0,0.0,1.0,0.0,,,,,,,,,,1.0,,,,,,0.0,1.0,0.0,0.0,2.873866204177077,0.3628249643159567,13.106405728179649,100,nfcorpus,2.9897007688172317,0.005421936511993408,0.8196388483047485,92.03203217238188,1.0,81.78232936188579,0.3793103448275862,PLAIN-488,0.5,2,0.7333333333333333,1.0
weighted_post,0.0,0.0,0.0,0.0,0.0,0.0,1.0,,,,,,,,,,,,,,1.0,,0.0,1.0,0.0,0.0,2.873866204177077,0.3628249643159567,13.106405728179649,100,nfcorpus,2.9897007688172317,0.005421936511993408,0.8196388483047485,92.13554867655039,1.0,81.78232936188579,0.3793103448275862,PLAIN-488,0.5,2,0.7333333333333333,1.0
bm25_pre,1.0,0.0,0.0,0.0,0.0,0.0,0.0,,1.0,,,,,,,,,,,,,,0.0,0.0,1.0,0.0,2.873866204177077,0.3628249643159567,13.106405728179649,100,nfcorpus,2.9897007688172317,0.005421936511993408,0.8196388483047485,2.2522052749991417,1.0,81.78232936188579,0.3793103448275862,PLAIN-488,0.5,2,0.7333333333333333,1.0
dense_pre,0.0,0.0,1.0,0.0,0.0,0.0,0.0,,,,,,1.0,,,,,,,,,,0.0,0.0,1.0,0.0,2.873866204177077,0.3628249643159567,13.106405728179649,100,nfcorpus,2.9897007688172317,0.005421936511993408,0.8196388483047485,89.6293381229043,1.0,81.78232936188579,0.3793103448275862,PLAIN-488,0.5,2,0.7333333333333333,1.0
dense_e5_base_v2_post,0.0,0.0,1.0,0.0,0.0,0.0,0.0,,,1.0,,,,,,,,,,,,,0.0,1.0,0.0,0.0,2.873866204177077,0.3628249643159567,13.106405728179649,100,nfcorpus,2.9897007688172317,0.005421936511993408,0.8196388483047485,88.92127973139286,1.0,81.78232936188579,0.3793103448275862,PLAIN-488,0.5,2,0.8,1.0
dense_e5_base_v2_pre,0.0,0.0,1.0,0.0,0.0,0.0,0.0,,,,1.0,,,,,,,,,,,,0.0,0.0,1.0,0.0,2.873866204177077,0.3628249643159567,13.106405728179649,100,nfcorpus,2.9897007688172317,0.005421936511993408,0.8196388483047485,88.87127973139286,1.0,81.78232936188579,0.3793103448275862,PLAIN-488,0.5,2,0.8,1.0
rrf_dense_e5_base_v2_post,0.0,0.0,0.0,0.0,0.0,1.0,0.0,,,,,,,,1.0,,,,,,,,0.0,1.0,0.0,0.0,2.873866204177077,0.3628249643159567,13.106405728179649,100,nfcorpus,2.9897007688172317,0.005421936511993408,0.8196388483047485,91.25678529143333,1.0,81.78232936188579,0.3793103448275862,PLAIN-488,0.5,2,0.8,1.0
rrf_dense_e5_base_v2_pre,0.0,0.0,0.0,0.0,0.0,1.0,0.0,,,,,,,,,1.0,,,,,,,0.0,0.0,1.0,0.0,2.873866204177077,0.3628249643159567,13.106405728179649,100,nfcorpus,2.9897007688172317,0.005421936511993408,0.8196388483047485,91.20345022529364,1.0,81.78232936188579,0.3793103448275862,PLAIN-488,0.5,2,0.8,1.0
weighted_dense_e5_base_v2_post,0.0,0.0,0.0,0.0,0.0,0.0,1.0,,,,,,,,,,,,1.0,,,,0.0,1.0,0.0,0.0,2.873866204177077,0.3628249643159567,13.106405728179649,100,nfcorpus,2.9897007688172317,0.005421936511993408,0.8196388483047485,91.36549531593919,1.0,81.78232936188579,0.3793103448275862,PLAIN-488,0.5,2,0.8,1.0
weighted_dense_e5_base_v2_pre,0.0,0.0,0.0,0.0,0.0,0.0,1.0,,,,,,,,,,,,,1.0,,,0.0,0.0,1.0,0.0,2.873866204177077,0.3628249643159567,13.106405728179649,100,nfcorpus,2.9897007688172317,0.005421936511993408,0.8196388483047485,91.30855090916157,1.0,81.78232936188579,0.3793103448275862,PLAIN-488,0.5,2,0.8,1.0
rrf_pre,0.0,0.0,0.0,0.0,0.0,1.0,0.0,,,,,,,,,,,1.0,,,,,0.0,0.0,1.0,0.0,2.873866204177077,0.3628249643159567,13.106405728179649,100,nfcorpus,2.9897007688172317,0.005421936511993408,0.8196388483047485,91.9647072441876,1.0,81.78232936188579,0.3793103448275862,PLAIN-488,0.5,2,0.7333333333333333,1.0
weighted_pre,0.0,0.0,0.0,0.0,0.0,0.0,1.0,,,,,,,,,,,,,,,1.0,0.0,0.0,1.0,0.0,2.873866204177077,0.3628249643159567,13.106405728179649,100,nfcorpus,2.9897007688172317,0.005421936511993408,0.8196388483047485,92.06821816042066,1.0,81.78232936188579,0.3793103448275862,PLAIN-488,0.5,2,0.7333333333333333,1.0
rerank_depth_20,0.0,0.0,0.0,0.0,1.0,0.0,0.0,,,,,,,1.0,,,,,,,,,1.0,0.0,0.0,20.0,2.873866204177077,0.3628249643159567,13.106405728179649,29,nfcorpus,2.9897007688172317,0.005421936511993408,0.8196388483047485,97.10154339790344,1.0,81.78232936188579,0.3793103448275862,PLAIN-488,0.5,2,0.7333333333333333,1.0
bm25_post,1.0,0.0,0.0,0.0,0.0,0.0,0.0,1.0,,,,,,,,,,,,,,,0.0,1.0,0.0,0.0,2.94365056354427,2.44127941268785,13.86989152321702,81,nfcorpus,2.9950072423103133,0.012225985527038574,0.6273523569107056,4.4447971425950525,0.4690000933206748,75.61110705137253,0.14285714285714285,PLAIN-499,0.0,2,0.14705882352941177,1.0
dense_post,0.0,0.0,1.0,0.0,0.0,0.0,0.0,,,,,1.0,,,,,,,,,,,0.0,1.0,0.0,0.0,2.94365056354427,2.44127941268785,13.86989152321702,100,nfcorpus,2.9950072423103133,0.012225985527038574,0.6273523569107056,88.45567618608474,0.5423640154200348,75.61110705137253,0.14285714285714285,PLAIN-499,0.0,2,0.20588235294117646,1.0
rrf_post,0.0,0.0,0.0,0.0,0.0,1.0,0.0,,,,,,,,,,1.0,,,,,,0.0,1.0,0.0,0.0,2.94365056354427,2.44127941268785,13.86989152321702,100,nfcorpus,2.9950072423103133,0.012225985527038574,0.6273523569107056,92.94120323956012,0.5541432109622958,75.61110705137253,0.14285714285714285,PLAIN-499,0.0,2,0.17647058823529413,1.0
weighted_post,0.0,0.0,0.0,0.0,0.0,0.0,1.0,,,,,,,,,,,,,,1.0,,0.0,1.0,0.0,0.0,2.94365056354427,2.44127941268785,13.86989152321702,100,nfcorpus,2.9950072423103133,0.012225985527038574,0.6273523569107056,93.03485796898603,0.5637884576902256,75.61110705137253,0.14285714285714285,PLAIN-499,0.0,2,0.17647058823529413,1.0
bm25_pre,1.0,0.0,0.0,0.0,0.0,0.0,0.0,,1.0,,,,,,,,,,,,,,0.0,0.0,1.0,0.0,2.94365056354427,2.44127941268785,13.86989152321702,81,nfcorpus,2.9950072423103133,0.012225985527038574,0.6273523569107056,4.394797142595053,0.4690000933206748,75.61110705137253,0.14285714285714285,PLAIN-499,0.0,2,0.14705882352941177,1.0
dense_pre,0.0,0.0,1.0,0.0,0.0,0.0,0.0,,,,,,1.0,,,,,,,,,,0.0,0.0,1.0,0.0,2.94365056354427,2.44127941268785,13.86989152321702,100,nfcorpus,2.9950072423103133,0.012225985527038574,0.6273523569107056,88.40567618608475,0.5423640154200348,75.61110705137253,0.14285714285714285,PLAIN-499,0.0,2,0.20588235294117646,1.0
dense_e5_base_v2_post,0.0,0.0,1.0,0.0,0.0,0.0,0.0,,,1.0,,,,,,,,,,,,,0.0,1.0,0.0,0.0,2.94365056354427,2.44127941268785,13.86989152321702,100,nfcorpus,2.9950072423103133,0.012225985527038574,0.6273523569107056,99.40484919697046,0.49828993591603105,75.61110705137253,0.14285714285714285,PLAIN-499,0.0,2,0.23529411764705882,1.0
dense_e5_base_v2_pre,0.0,0.0,1.0,0.0,0.0,0.0,0.0,,,,1.0,,,,,,,,,,,,0.0,0.0,1.0,0.0,2.94365056354427,2.44127941268785,13.86989152321702,100,nfcorpus,2.9950072423103133,0.012225985527038574,0.6273523569107056,99.35484919697046,0.49828993591603105,75.61110705137253,0.14285714285714285,PLAIN-499,0.0,2,0.23529411764705882,1.0
rrf_dense_e5_base_v2_post,0.0,0.0,0.0,0.0,0.0,1.0,0.0,,,,,,,,1.0,,,,,,,,0.0,1.0,0.0,0.0,2.94365056354427,2.44127941268785,13.86989152321702,100,nfcorpus,2.9950072423103133,0.012225985527038574,0.6273523569107056,103.87470302283764,0.5541432109622958,75.61110705137253,0.14285714285714285,PLAIN-499,0.0,2,0.17647058823529413,1.0
rrf_dense_e5_base_v2_pre,0.0,0.0,0.0,0.0,0.0,1.0,0.0,,,,,,,,,1.0,,,,,,,0.0,0.0,1.0,0.0,2.94365056354427,2.44127941268785,13.86989152321702,100,nfcorpus,2.9950072423103133,0.012225985527038574,0.6273523569107056,103.82202034816146,0.5541432109622958,75.61110705137253,0.14285714285714285,PLAIN-499,0.0,2,0.17647058823529413,1.0
weighted_dense_e5_base_v2_post,0.0,0.0,0.0,0.0,0.0,0.0,1.0,,,,,,,,,,,,1.0,,,,0.0,1.0,0.0,0.0,2.94365056354427,2.44127941268785,13.86989152321702,100,nfcorpus,2.9950072423103133,0.012225985527038574,0.6273523569107056,103.97114333808422,0.5541432109622958,75.61110705137253,0.14285714285714285,PLAIN-499,0.0,2,0.23529411764705882,1.0
weighted_dense_e5_base_v2_pre,0.0,0.0,0.0,0.0,0.0,0.0,1.0,,,,,,,,,,,,,1.0,,,0.0,0.0,1.0,0.0,2.94365056354427,2.44127941268785,13.86989152321702,100,nfcorpus,2.9950072423103133,0.012225985527038574,0.6273523569107056,103.91443641856313,0.5541432109622958,75.61110705137253,0.14285714285714285,PLAIN-499,0.0,2,0.23529411764705882,1.0
rrf_pre,0.0,0.0,0.0,0.0,0.0,1.0,0.0,,,,,,,,,,,1.0,,,,,0.0,0.0,1.0,0.0,2.94365056354427,2.44127941268785,13.86989152321702,100,nfcorpus,2.9950072423103133,0.012225985527038574,0.6273523569107056,92.87470858544111,0.5541432109622958,75.61110705137253,0.14285714285714285,PLAIN-499,0.0,2,0.17647058823529413,1.0
weighted_pre,0.0,0.0,0.0,0.0,0.0,0.0,1.0,,,,,,,,,,,,,,,1.0,0.0,0.0,1.0,0.0,2.94365056354427,2.44127941268785,13.86989152321702,100,nfcorpus,2.9950072423103133,0.012225985527038574,0.6273523569107056,92.96751441434026,0.5637884576902256,75.61110705137253,0.14285714285714285,PLAIN-499,0.0,2,0.17647058823529413,1.0
rerank_depth_20,0.0,0.0,0.0,0.0,1.0,0.0,0.0,,,,,,,1.0,,,,,,,,,1.0,0.0,0.0,20.0,2.94365056354427,2.44127941268785,13.86989152321702,35,nfcorpus,2.9950072423103133,0.012225985527038574,0.6273523569107056,99.1004733286798,0.5637884576902256,75.61110705137253,0.14285714285714285,PLAIN-499,0.0,2,0.14705882352941177,1.0
bm25_post,1.0,0.0,0.0,0.0,0.0,0.0,0.0,1.0,,,,,,,,,,,,,,,0.0,1.0,0.0,0.0,0.0,0.0,0.0,0,nfcorpus,2.994809976715441,0.01467663049697876,0.5832902193069458,0.057221009582281115,0.0,74.89739498123527,0.0,PLAIN-510,0.0,2,0.0,1.0
dense_post,0.0,0.0,1.0,0.0,0.0,0.0,0.0,,,,,1.0,,,,,,,,,,,0.0,1.0,0.0,0.0,0.0,0.0,0.0,100,nfcorpus,2.994809976715441,0.01467663049697876,0.5832902193069458,72.00018930360675,0.10778915452451095,74.89739498123527,0.0,PLAIN-510,0.0,2,0.6666666666666666,1.0
rrf_post,0.0,0.0,0.0,0.0,0.0,1.0,0.0,,,,,,,,,,1.0,,,,,,0.0,1.0,0.0,0.0,0.0,0.0,0.0,100,nfcorpus,2.994809976715441,0.01467663049697876,0.5832902193069458,72.0661972567439,0.10778915452451095,74.89739498123527,0.0,PLAIN-510,0.0,2,0.6666666666666666,1.0
weighted_post,0.0,0.0,0.0,0.0,0.0,0.0,1.0,,,,,,,,,,,,,,1.0,,0.0,1.0,0.0,0.0,0.0,0.0,0.0,100,nfcorpus,2.994809976715441,0.01467663049697876,0.5832902193069458,72.14107559174299,0.10778915452451095,74.89739498123527,0.0,PLAIN-510,0.0,2,0.6666666666666666,1.0
bm25_pre,1.0,0.0,0.0,0.0,0.0,0.0,0.0,,1.0,,,,,,,,,,,,,,0.0,0.0,1.0,0.0,0.0,0.0,0.0,0,nfcorpus,2.994809976715441,0.01467663049697876,0.5832902193069458,0.007221009582281113,0.0,74.89739498123527,0.0,PLAIN-510,0.0,2,0.0,1.0
dense_pre,0.0,0.0,1.0,0.0,0.0,0.0,0.0,,,,,,1.0,,,,,,,,,,0.0,0.0,1.0,0.0,0.0,0.0,0.0,100,nfcorpus,2.994809976715441,0.01467663049697876,0.5832902193069458,71.95018930360675,0.10778915452451095,74.89739498123527,0.0,PLAIN-510,0.0,2,0.6666666666666666,1.0
dense_e5_base_v2_post,0.0,0.0,1.0,0.0,0.0,0.0,0.0,,,1.0,,,,,,,,,,,,,0.0,1.0,0.0,0.0,0.0,0.0,0.0,100,nfcorpus,2.994809976715441,0.01467663049697876,0.5832902193069458,111.01377205103636,0.15130120674940675,74.89739498123527,0.0,PLAIN-510,0.0,2,0.6666666666666666,1.0
dense_e5_base_v2_pre,0.0,0.0,1.0,0.0,0.0,0.0,0.0,,,,1.0,,,,,,,,,,,,0.0,0.0,1.0,0.0,0.0,0.0,0.0,100,nfcorpus,2.994809976715441,0.01467663049697876,0.5832902193069458,110.96377205103636,0.15130120674940675,74.89739498123527,0.0,PLAIN-510,0.0,2,0.6666666666666666,1.0
rrf_dense_e5_base_v2_post,0.0,0.0,0.0,0.0,0.0,1.0,0.0,,,,,,,,1.0,,,,,,,,0.0,1.0,0.0,0.0,0.0,0.0,0.0,100,nfcorpus,2.994809976715441,0.01467663049697876,0.5832902193069458,111.0663233242929,0.15130120674940675,74.89739498123527,0.0,PLAIN-510,0.0,2,0.6666666666666666,1.0
rrf_dense_e5_base_v2_pre,0.0,0.0,0.0,0.0,0.0,1.0,0.0,,,,,,,,,1.0,,,,,,,0.0,0.0,1.0,0.0,0.0,0.0,0.0,100,nfcorpus,2.994809976715441,0.01467663049697876,0.5832902193069458,111.01420084014535,0.15130120674940675,74.89739498123527,0.0,PLAIN-510,0.0,2,0.6666666666666666,1.0
weighted_dense_e5_base_v2_post,0.0,0.0,0.0,0.0,0.0,0.0,1.0,,,,,,,,,,,,1.0,,,,0.0,1.0,0.0,0.0,0.0,0.0,0.0,100,nfcorpus,2.994809976715441,0.01467663049697876,0.5832902193069458,111.12618734240532,0.15130120674940675,74.89739498123527,0.0,PLAIN-510,0.0,2,0.6666666666666666,1.0
weighted_dense_e5_base_v2_pre,0.0,0.0,0.0,0.0,0.0,0.0,1.0,,,,,,,,,,,,,1.0,,,0.0,0.0,1.0,0.0,0.0,0.0,0.0,100,nfcorpus,2.994809976715441,0.01467663049697876,0.5832902193069458,111.06941802427173,0.15130120674940675,74.89739498123527,0.0,PLAIN-510,0.0,2,0.6666666666666666,1.0
rrf_pre,0.0,0.0,0.0,0.0,0.0,1.0,0.0,,,,,,,,,,,1.0,,,,,0.0,0.0,1.0,0.0,0.0,0.0,0.0,100,nfcorpus,2.994809976715441,0.01467663049697876,0.5832902193069458,72.00060738250613,0.10778915452451095,74.89739498123527,0.0,PLAIN-510,0.0,2,0.6666666666666666,1.0
weighted_pre,0.0,0.0,0.0,0.0,0.0,0.0,1.0,,,,,,,,,,,,,,,1.0,0.0,0.0,1.0,0.0,0.0,0.0,0.0,100,nfcorpus,2.994809976715441,0.01467663049697876,0.5832902193069458,72.05606298521161,0.10778915452451095,74.89739498123527,0.0,PLAIN-510,0.0,2,0.6666666666666666,1.0
rerank_depth_20,0.0,0.0,0.0,0.0,1.0,0.0,0.0,,,,,,,1.0,,,,,,,,,1.0,0.0,0.0,20.0,0.0,0.0,0.0,20,nfcorpus,2.994809976715441,0.01467663049697876,0.5832902193069458,75.55741031318902,0.10778915452451095,74.89739498123527,0.0,PLAIN-510,0.0,2,0.16666666666666666,1.0
bm25_post,1.0,0.0,0.0,0.0,0.0,0.0,0.0,1.0,,,,,,,,,,,,,,,0.0,1.0,0.0,0.0,0.0,0.0,0.0,0,nfcorpus,2.99539923842242,0.009732663631439209,0.57451993227005,0.05634090974926949,0.0,102.77621587738395,0.0,PLAIN-520,0.0,1,0.0,1.0
dense_post,0.0,0.0,1.0,0.0,0.0,0.0,0.0,,,,,1.0,,,,,,,,,,,0.0,1.0,0.0,0.0,0.0,0.0,0.0,100,nfcorpus,2.99539923842242,0.009732663631439209,0.57451993227005,100.48659480288624,0.0,102.77621587738395,0.0,PLAIN-520,0.0,1,0.0,1.0
rrf_post,0.0,0.0,0.0,0.0,0.0,1.0,0.0,,,,,,,,,,1.0,,,,,,0.0,1.0,0.0,0.0,0.0,0.0,0.0,100,nfcorpus,2.99539923842242,0.009732663631439209,0.57451993227005,100.54680061638355,0.0,102.77621587738395,0.0,PLAIN-520,0.0,1,0.0,1.0
weighted_post,0.0,0.0,0.0,0.0,0.0,0.0,1.0,,,,,,,,,,,,,,1.0,,0.0,1.0,0.0,0.0,0.0,0.0,0.0,100,nfcorpus,2.99539923842242,0.009732663631439209,0.57451993227005,100.60947257205844,0.0,102.77621587738395,0.0,PLAIN-520,0.0,1,0.0,1.0
bm25_pre,1.0,0.0,0.0,0.0,0.0,0.0,0.0,,1.0,,,,,,,,,,,,,,0.0,0.0,1.0,0.0,0.0,0.0,0.0,0,nfcorpus,2.99539923842242,0.009732663631439209,0.57451993227005,0.0063409097492694855,0.0,102.77621587738395,0.0,PLAIN-520,0.0,1,0.0,1.0
dense_pre,0.0,0.0,1.0,0.0,0.0,0.0,0.0,,,,,,1.0,,,,,,,,,,0.0,0.0,1.0,0.0,0.0,0.0,0.0,100,nfcorpus,2.99539923842242,0.009732663631439209,0.57451993227005,100.43659480288625,0.0,102.77621587738395,0.0,PLAIN-520,0.0,1,0.0,1.0
dense_e5_base_v2_post,0.0,0.0,1.0,0.0,0.0,0.0,0.0,,,1.0,,,,,,,,,,,,,0.0,1.0,0.0,0.0,0.0,0.0,0.0,100,nfcorpus,2.99539923842242,0.009732663631439209,0.57451993227005,100.04816585332155,0.0,102.77621587738395,0.0,PLAIN-520,0.0,1,0.0,1.0
dense_e5_base_v2_pre,0.0,0.0,1.0,0.0,0.0,0.0,0.0,,,,1.0,,,,,,,,,,,,0.0,0.0,1.0,0.0,0.0,0.0,0.0,100,nfcorpus,2.99539923842242,0.009732663631439209,0.57451993227005,99.99816585332155,0.0,102.77621587738395,0.0,PLAIN-520,0.0,1,0.0,1.0
rrf_dense_e5_base_v2_post,0.0,0.0,0.0,0.0,0.0,1.0,0.0,,,,,,,,1.0,,,,,,,,0.0,1.0,0.0,0.0,0.0,0.0,0.0,100,nfcorpus,2.99539923842242,0.009732663631439209,0.57451993227005,100.09831058904528,0.0,102.77621587738395,0.0,PLAIN-520,0.0,1,0.0,1.0
rrf_dense_e5_base_v2_pre,0.0,0.0,0.0,0.0,0.0,1.0,0.0,,,,,,,,,1.0,,,,,,,0.0,0.0,1.0,0.0,0.0,0.0,0.0,100,nfcorpus,2.99539923842242,0.009732663631439209,0.57451993227005,100.04744539037347,0.0,102.77621587738395,0.0,PLAIN-520,0.0,1,0.0,1.0
weighted_dense_e5_base_v2_post,0.0,0.0,0.0,0.0,0.0,0.0,1.0,,,,,,,,,,,,1.0,,,,0.0,1.0,0.0,0.0,0.0,0.0,0.0,100,nfcorpus,2.99539923842242,0.009732663631439209,0.57451993227005,100.15704677551985,0.0,102.77621587738395,0.0,PLAIN-520,0.0,1,0.0,1.0
weighted_dense_e5_base_v2_pre,0.0,0.0,0.0,0.0,0.0,0.0,1.0,,,,,,,,,,,,,1.0,,,0.0,0.0,1.0,0.0,0.0,0.0,0.0,100,nfcorpus,2.99539923842242,0.009732663631439209,0.57451993227005,100.10045813396573,0.0,102.77621587738395,0.0,PLAIN-520,0.0,1,0.0,1.0
rrf_pre,0.0,0.0,0.0,0.0,0.0,1.0,0.0,,,,,,,,,,,1.0,,,,,0.0,0.0,1.0,0.0,0.0,0.0,0.0,100,nfcorpus,2.99539923842242,0.009732663631439209,0.57451993227005,100.48540169373155,0.0,102.77621587738395,0.0,PLAIN-520,0.0,1,0.0,1.0
weighted_pre,0.0,0.0,0.0,0.0,0.0,0.0,1.0,,,,,,,,,,,,,,,1.0,0.0,0.0,1.0,0.0,0.0,0.0,0.0,100,nfcorpus,2.99539923842242,0.009732663631439209,0.57451993227005,100.54260538890958,0.0,102.77621587738395,0.0,PLAIN-520,0.0,1,0.0,1.0
rerank_depth_20,0.0,0.0,0.0,0.0,1.0,0.0,0.0,,,,,,,1.0,,,,,,,,,1.0,0.0,0.0,20.0,0.0,0.0,0.0,20,nfcorpus,2.99539923842242,0.009732663631439209,0.57451993227005,104.04293571263551,0.0,102.77621587738395,0.0,PLAIN-520,0.0,1,0.0,1.0
bm25_post,1.0,0.0,0.0,0.0,0.0,0.0,0.0,1.0,,,,,,,,,,,,,,,0.0,1.0,0.0,0.0,2.979884778687765,0.9013422425121469,9.111598485689111,100,nfcorpus,2.9955102911832228,0.016829371452331543,0.7368346452713013,2.1467950113117693,0.3594085870969891,90.9556238912046,0.14285714285714285,PLAIN-531,0.0,2,0.11038961038961038,1.0
dense_post,0.0,0.0,1.0,0.0,0.0,0.0,0.0,,,,,1.0,,,,,,,,,,,0.0,1.0,0.0,0.0,2.979884778687765,0.9013422425121469,9.111598485689111,100,nfcorpus,2.9955102911832228,0.016829371452331543,0.7368346452713013,102.66348821222782,0.7034066032439746,90.9556238912046,0.14285714285714285,PLAIN-531,0.0,2,0.12337662337662338,1.0
rrf_post,0.0,0.0,0.0,0.0,0.0,1.0,0.0,,,,,,,,,,1.0,,,,,,0.0,1.0,0.0,0.0,2.979884778687765,0.9013422425121469,9.111598485689111,100,nfcorpus,2.9955102911832228,0.016829371452331543,0.7368346452713013,104.85955708771944,0.4330549290057019,90.9556238912046,0.14285714285714285,PLAIN-531,0.0,2,0.11363636363636363,1.0
weighted_post,0.0,0.0,0.0,0.0,0.0,0.0,1.0,,,,,,,,,,,,,,1.0,,0.0,1.0,0.0,0.0,2.979884778687765,0.9013422425121469,9.111598485689111,100,nfcorpus,2.9955102911832228,0.016829371452331543,0.7368346452713013,104.961167640239,0.43808927588501717,90.9556238912046,0.14285714285714285,PLAIN-531,0.0,2,0.12337662337662338,1.0
bm25_pre,1.0,0.0,0.0,0.0,0.0,0.0,0.0,,1.0,,,,,,,,,,,,,,0.0,0.0,1.0,0.0,2.979884778687765,0.9013422425121469,9.111598485689111,100,nfcorpus,2.9955102911832228,0.016829371452331543,0.7368346452713013,2.0967950113117695,0.3594085870969891,90.9556238912046,0.14285714285714285,PLAIN-531,0.0,2,0.11038961038961038,1.0
dense_pre,0.0,0.0,1.0,0.0,0.0,0.0,0.0,,,,,,1.0,,,,,,,,,,0.0,0.0,1.0,0.0,2.979884778687765,0.9013422425121469,9.111598485689111,100,nfcorpus,2.9955102911832228,0.016829371452331543,0.7368346452713013,102.61348821222782,0.7034066032439746,90.9556238912046,0.14285714285714285,PLAIN-531,0.0,2,0.12337662337662338,1.0
dense_e5_base_v2_post,0.0,0.0,1.0,0.0,0.0,0.0,0.0,,,1.0,,,,,,,,,,,,,0.0,1.0,0.0,0.0,2.979884778687765,0.9013422425121469,9.111598485689111,100,nfcorpus,2.9955102911832228,0.016829371452331543,0.7368346452713013,78.3103514380753,0.7630946912803436,90.9556238912046,0.14285714285714285,PLAIN-531,0.0,2,0.1590909090909091,1.0
dense_e5_base_v2_pre,0.0,0.0,1.0,0.0,0.0,0.0,0.0,,,,1.0,,,,,,,,,,,,0.0,0.0,1.0,0.0,2.979884778687765,0.9013422425121469,9.111598485689111,100,nfcorpus,2.9955102911832228,0.016829371452331543,0.7368346452713013,78.2603514380753,0.7630946912803436,90.9556238912046,0.14285714285714285,PLAIN-531,0.0,2,0.1590909090909091,1.0
rrf_dense_e5_base_v2_post,0.0,0.0,0.0,0.0,0.0,1.0,0.0,,,,,,,,1.0,,,,,,,,0.0,1.0,0.0,0.0,2.979884778687765,0.9013422425121469,9.111598485689111,100,nfcorpus,2.9955102911832228,0.016829371452331543,0.7368346452713013,80.49280530884862,0.42836504693009625,90.9556238912046,0.14285714285714285,PLAIN-531,0.0,2,0.14285714285714285,1.0
rrf_dense_e5_base_v2_pre,0.0,0.0,0.0,0.0,0.0,1.0,0.0,,,,,,,,,1.0,,,,,,,0.0,0.0,1.0,0.0,2.979884778687765,0.9013422425121469,9.111598485689111,100,nfcorpus,2.9955102911832228,0.016829371452331543,0.7368346452713013,80.43736079707742,0.42836504693009625,90.9556238912046,0.14285714285714285,PLAIN-531,0.0,2,0.14285714285714285,1.0
weighted_dense_e5_base_v2_post,0.0,0.0,0.0,0.0,0.0,0.0,1.0,,,,,,,,,,,,1.0,,,,0.0,1.0,0.0,0.0,2.979884778687765,0.9013422425121469,9.111598485689111,100,nfcorpus,2.9955102911832228,0.016829371452331543,0.7368346452713013,80.59711669683456,0.39215784798408637,90.9556238912046,0.14285714285714285,PLAIN-531,0.0,2,0.1396103896103896,1.0
weighted_dense_e5_base_v2_pre,0.0,0.0,0.0,0.0,0.0,0.0,1.0,,,,,,,,,,,,,1.0,,,0.0,0.0,1.0,0.0,2.979884778687765,0.9013422425121469,9.111598485689111,100,nfcorpus,2.9955102911832228,0.016829371452331543,0.7368346452713013,80.53812338039279,0.39215784798408637,90.9556238912046,0.14285714285714285,PLAIN-531,0.0,2,0.1396103896103896,1.0
rrf_pre,0.0,0.0,0.0,0.0,0.0,1.0,0.0,,,,,,,,,,,1.0,,,,,0.0,0.0,1.0,0.0,2.979884778687765,0.9013422425121469,9.111598485689111,100,nfcorpus,2.9955102911832228,0.016829371452331543,0.7368346452713013,104.79288920760155,0.4330549290057019,90.9556238912046,0.14285714285714285,PLAIN-531,0.0,2,0.11363636363636363,1.0
weighted_pre,0.0,0.0,0.0,0.0,0.0,0.0,1.0,,,,,,,,,,,,,,,1.0,0.0,0.0,1.0,0.0,2.979884778687765,0.9013422425121469,9.111598485689111,100,nfcorpus,2.9955102911832228,0.016829371452331543,0.7368346452713013,104.89204619079828,0.43808927588501717,90.9556238912046,0.14285714285714285,PLAIN-531,0.0,2,0.12337662337662338,1.0
rerank_depth_20,0.0,0.0,0.0,0.0,1.0,0.0,0.0,,,,,,,1.0,,,,,,,,,1.0,0.0,0.0,20.0,2.979884778687765,0.9013422425121469,9.111598485689111,35,nfcorpus,2.9955102911832228,0.016829371452331543,0.7368346452713013,111.01028322353959,0.4236766450873189,90.9556238912046,0.14285714285714285,PLAIN-531,0.0,2,0.05519480519480519,1.0
bm25_post,1.0,0.0,0.0,0.0,0.0,0.0,0.0,1.0,,,,,,,,,,,,,,,0.0,1.0,0.0,0.0,2.9844474365565286,1.2946053009983363,11.223786585081385,100,nfcorpus,2.9954945178127113,0.004056870937347412,0.6729170083999634,2.8488338842988012,0.4088509304831694,94.03742710128427,0.2903225806451613,PLAIN-541,0.0,3,0.5,1.0
dense_post,0.0,0.0,1.0,0.0,0.0,0.0,0.0,,,,,1.0,,,,,,,,,,,0.0,1.0,0.0,0.0,2.9844474365565286,1.2946053009983363,11.223786585081385,100,nfcorpus,2.9954945178127113,0.004056870937347412,0.6729170083999634,75.16045131832361,0.15130120674940675,94.03742710128427,0.2903225806451613,PLAIN-541,0.0,3,0.5,1.0
rrf_post,0.0,0.0,0.0,0.0,0.0,1.0,0.0,,,,,,,,,,1.0,,,,,,0.0,1.0,0.0,0.0,2.9844474365565286,1.2946053009983363,11.223786585081385,100,nfcorpus,2.9954945178127113,0.004056870937347412,0.6729170083999634,78.05668524578213,0.28162497265977743,94.03742710128427,0.2903225806451613,PLAIN-541,0.0,3,0.5,1.0
weighted_post,0.0,0.0,0.0,0.0,0.0,0.0,1.0,,,,,,,,,,,,,,1.0,,0.0,1.0,0.0,0.0,2.9844474365565286,1.2946053009983363,11.223786585081385,100,nfcorpus,2.9954945178127113,0.004056870937347412,0.6729170083999634,78.15589903965592,0.32124463208930537,94.03742710128427,0.2903225806451613,PLAIN-541,0.0,3,0.5,1.0
bm25_pre,1.0,0.0,0.0,0.0,0.0,0.0,0.0,,1.0,,,,,,,,,,,,,,0.0,0.0,1.0,0.0,2.9844474365565286,1.2946053009983363,11.223786585081385,100,nfcorpus,2.9954945178127113,0.004056870937347412,0.6729170083999634,2.7988338842988014,0.4088509304831694,94.03742710128427,0.2903225806451613,PLAIN-541,0.0,3,0.5,1.0
dense_pre,0.0,0.0,1.0,0.0,0.0,0.0,0.0,,,,,,1.0,,,,,,,,,,0.0,0.0,1.0,0.0,2.9844474365565286,1.2946053009983363,11.223786585081385,100,nfcorpus,2.9954945178127113,0.004056870937347412,0.6729170083999634,75.11045131832361,0.15130120674940675,94.03742710128427,0.2903225806451613,PLAIN-541,0.0,3,0.5,1.0
dense_e5_base_v2_post,0.0,0.0,1.0,0.0,0.0,0.0,0.0,,,1.0,,,,,,,,,,,,,0.0,1.0,0.0,0.0,2.9844474365565286,1.2946053009983363,11.223786585081385,100,nfcorpus,2.9954945178127113,0.004056870937347412,0.6729170083999634,110.03443467542529,0.5240185826326421,94.03742710128427,0.2903225806451613,PLAIN-541,0.0,3,0.5,1.0
dense_e5_base_v2_pre,0.0,0.0,1.0,0.0,0.0,0.0,0.0,,,,1.0,,,,,,,,,,,,0.0,0.0,1.0,0.0,2.9844474365565286,1.2946053009983363,11.223786585081385,100,nfcorpus,2.9954945178127113,0.004056870937347412,0.6729170083999634,109.98443467542529,0.5240185826326421,94.03742710128427,0.2903225806451613,PLAIN-541,0.0,3,0.5,1.0
rrf_dense_e5_base_v2_post,0.0,0.0,0.0,0.0,0.0,1.0,0.0,,,,,,,,1.0,,,,,,,,0.0,1.0,0.0,0.0,2.9844474365565286,1.2946053009983363,11.223786585081385,100,nfcorpus,2.9954945178127113,0.004056870937347412,0.6729170083999634,112.91869551986456,0.45928466606630497,94.03742710128427,0.2903225806451613,PLAIN-541,0.0,3,0.5,1.0
rrf_dense_e5_base_v2_pre,0.0,0.0,0.0,0.0,0.0,1.0,0.0,,,,,,,,,1.0,,,,,,,0.0,0.0,1.0,0.0,2.9844474365565286,1.2946053009983363,11.223786585081385,100,nfcorpus,2.9954945178127113,0.004056870937347412,0.6729170083999634,112.86439653486013,0.45928466606630497,94.03742710128427,0.2903225806451613,PLAIN-541,0.0,3,0.5,1.0
weighted_dense_e5_base_v2_post,0.0,0.0,0.0,0.0,0.0,0.0,1.0,,,,,,,,,,,,1.0,,,,0.0,1.0,0.0,0.0,2.9844474365565286,1.2946053009983363,11.223786585081385,100,nfcorpus,2.9954945178127113,0.004056870937347412,0.6729170083999634,113.02111166641116,0.45928466606630497,94.03742710128427,0.2903225806451613,PLAIN-541,0.0,3,0.5,1.0
weighted_dense_e5_base_v2_pre,0.0,0.0,0.0,0.0,0.0,0.0,1.0,,,,,,,,,,,,,1.0,,,0.0,0.0,1.0,0.0,2.9844474365565286,1.2946053009983363,11.223786585081385,100,nfcorpus,2.9954945178127113,0.004056870937347412,0.6729170083999634,112.96308785676956,0.45928466606630497,94.03742710128427,0.2903225806451613,PLAIN-541,0.0,3,0.5,1.0
rrf_pre,0.0,0.0,0.0,0.0,0.0,1.0,0.0,,,,,,,,,,,1.0,,,,,0.0,0.0,1.0,0.0,2.9844474365565286,1.2946053009983363,11.223786585081385,100,nfcorpus,2.9954945178127113,0.004056870937347412,0.6729170083999634,77.99077033996582,0.28162497265977743,94.03742710128427,0.2903225806451613,PLAIN-541,0.0,3,0.5,1.0
weighted_pre,0.0,0.0,0.0,0.0,0.0,0.0,1.0,,,,,,,,,,,,,,,1.0,0.0,0.0,1.0,0.0,2.9844474365565286,1.2946053009983363,11.223786585081385,100,nfcorpus,2.9954945178127113,0.004056870937347412,0.6729170083999634,78.08628724887967,0.32124463208930537,94.03742710128427,0.2903225806451613,PLAIN-541,0.0,3,0.5,1.0
rerank_depth_20,0.0,0.0,0.0,0.0,1.0,0.0,0.0,,,,,,,1.0,,,,,,,,,1.0,0.0,0.0,20.0,2.9844474365565286,1.2946053009983363,11.223786585081385,31,nfcorpus,2.9954945178127113,0.004056870937347412,0.6729170083999634,83.48928520262241,0.32124463208930537,94.03742710128427,0.2903225806451613,PLAIN-541,0.0,3,0.5,1.0
bm25_post,1.0,0.0,0.0,0.0,0.0,0.0,0.0,1.0,,,,,,,,,,,,,,,0.0,1.0,0.0,0.0,0.0,0.0,0.0,0,nfcorpus,2.9954205496879,0.007720232009887695,0.6234634518623352,0.05456115230917931,0.0,78.7077690474689,0.0,PLAIN-551,0.0,1,0.0,1.0
dense_post,0.0,0.0,1.0,0.0,0.0,0.0,0.0,,,,,1.0,,,,,,,,,,,0.0,1.0,0.0,0.0,0.0,0.0,0.0,100,nfcorpus,2.9954205496879,0.007720232009887695,0.6234634518623352,104.26043122187257,0.0,78.7077690474689,0.0,PLAIN-551,0.0,1,0.5,1.0
rrf_post,0.0,0.0,0.0,0.0,0.0,1.0,0.0,,,,,,,,,,1.0,,,,,,0.0,1.0,0.0,0.0,0.0,0.0,0.0,100,nfcorpus,2.9954205496879,0.007720232009887695,0.6234634518623352,104.31772106438875,0.0,78.7077690474689,0.0,PLAIN-551,0.0,1,0.5,1.0
weighted_post,0.0,0.0,0.0,0.0,0.0,0.0,1.0,,,,,,,,,,,,,,1.0,,0.0,1.0,0.0,0.0,0.0,0.0,0.0,100,nfcorpus,2.9954205496879,0.007720232009887695,0.6234634518623352,104.37954039424658,0.0,78.7077690474689,0.0,PLAIN-551,0.0,1,0.5,1.0
bm25_pre,1.0,0.0,0.0,0.0,0.0,0.0,0.0,,1.0,,,,,,,,,,,,,,0.0,0.0,1.0,0.0,0.0,0.0,0.0,0,nfcorpus,2.9954205496879,0.007720232009887695,0.6234634518623352,0.004561152309179306,0.0,78.7077690474689,0.0,PLAIN-551,0.0,1,0.0,1.0
dense_pre,0.0,0.0,1.0,0.0,0.0,0.0,0.0,,,,,,1.0,,,,,,,,,,0.0,0.0,1.0,0.0,0.0,0.0,0.0,100,nfcorpus,2.9954205496879,0.007720232009887695,0.6234634518623352,104.21043122187257,0.0,78.7077690474689,0.0,PLAIN-551,0.0,1,0.5,1.0
dense_e5_base_v2_post,0.0,0.0,1.0,0.0,0.0,0.0,0.0,,,1.0,,,,,,,,,,,,,0.0,1.0,0.0,0.0,0.0,0.0,0.0,100,nfcorpus,2.9954205496879,0.007720232009887695,0.6234634518623352,110.13850578218698,0.23719771276929622,78.7077690474689,0.0,PLAIN-551,0.0,1,1.0,1.0
dense_e5_base_v2_pre,0.0,0.0,1.0,0.0,0.0,0.0,0.0,,,,1.0,,,,,,,,,,,,0.0,0.0,1.0,0.0,0.0,0.0,0.0,100,nfcorpus,2.9954205496879,0.007720232009887695,0.6234634518623352,110.08850578218699,0.23719771276929622,78.7077690474689,0.0,PLAIN-551,0.0,1,1.0,1.0
rrf_dense_e5_base_v2_post,0.0,0.0,0.0,0.0,0.0,1.0,0.0,,,,,,,,1.0,,,,,,,,0.0,1.0,0.0,0.0,0.0,0.0,0.0,100,nfcorpus,2.9954205496879,0.007720232009887695,0.6234634518623352,110.18648798689246,0.23719771276929622,78.7077690474689,0.0,PLAIN-551,0.0,1,1.0,1.0
rrf_dense_e5_base_v2_pre,0.0,0.0,0.0,0.0,0.0,1.0,0.0,,,,,,,,,1.0,,,,,,,0.0,0.0,1.0,0.0,0.0,0.0,0.0,100,nfcorpus,2.9954205496879,0.007720232009887695,0.6234634518623352,110.13556784018874,0.23719771276929622,78.7077690474689,0.0,PLAIN-551,0.0,1,1.0,1.0
weighted_dense_e5_base_v2_post,0.0,0.0,0.0,0.0,0.0,0.0,1.0,,,,,,,,,,,,1.0,,,,0.0,1.0,0.0,0.0,0.0,0.0,0.0,100,nfcorpus,2.9954205496879,0.007720232009887695,0.6234634518623352,110.24657459110021,0.23719771276929622,78.7077690474689,0.0,PLAIN-551,0.0,1,1.0,1.0
weighted_dense_e5_base_v2_pre,0.0,0.0,0.0,0.0,0.0,0.0,1.0,,,,,,,,,,,,,1.0,,,0.0,0.0,1.0,0.0,0.0,0.0,0.0,100,nfcorpus,2.9954205496879,0.007720232009887695,0.6234634518623352,110.18754076212645,0.23719771276929622,78.7077690474689,0.0,PLAIN-551,0.0,1,1.0,1.0
rrf_pre,0.0,0.0,0.0,0.0,0.0,1.0,0.0,,,,,,,,,,,1.0,,,,,0.0,0.0,1.0,0.0,0.0,0.0,0.0,100,nfcorpus,2.9954205496879,0.007720232009887695,0.6234634518623352,104.25711050629616,0.0,78.7077690474689,0.0,PLAIN-551,0.0,1,0.5,1.0
weighted_pre,0.0,0.0,0.0,0.0,0.0,0.0,1.0,,,,,,,,,,,,,,,1.0,0.0,0.0,1.0,0.0,0.0,0.0,0.0,100,nfcorpus,2.9954205496879,0.007720232009887695,0.6234634518623352,104.31206552311778,0.0,78.7077690474689,0.0,PLAIN-551,0.0,1,0.5,1.0
rerank_depth_20,0.0,0.0,0.0,0.0,1.0,0.0,0.0,,,,,,,1.0,,,,,,,,,1.0,0.0,0.0,20.0,0.0,0.0,0.0,20,nfcorpus,2.9954205496879,0.007720232009887695,0.6234634518623352,107.81499237418174,0.0,78.7077690474689,0.0,PLAIN-551,0.0,1,0.0,1.0
bm25_post,1.0,0.0,0.0,0.0,0.0,0.0,0.0,1.0,,,,,,,,,,,,,,,0.0,1.0,0.0,0.0,0.6773005999711881,3.7705561572616304,12.503337504040728,2,nfcorpus,2.9940899651839974,0.004334926605224609,0.7390958070755005,1.0908968664705754,0.3589542101716347,78.95409874618053,0.1,PLAIN-561,0.0,1,0.08,1.0
dense_post,0.0,0.0,1.0,0.0,0.0,0.0,0.0,,,,,1.0,,,,,,,,,,,0.0,1.0,0.0,0.0,0.6773005999711881,3.7705561572616304,12.503337504040728,100,nfcorpus,2.9940899651839974,0.004334926605224609,0.7390958070755005,113.42050190195441,0.3589542101716347,78.95409874618053,0.1,PLAIN-561,0.0,1,0.16,1.0
rrf_post,0.0,0.0,0.0,0.0,0.0,1.0,0.0,,,,,,,,,,1.0,,,,,,0.0,1.0,0.0,0.0,0.6773005999711881,3.7705561572616304,12.503337504040728,100,nfcorpus,2.9940899651839974,0.004334926605224609,0.7390958070755005,114.5162769511342,0.3589542101716347,78.95409874618053,0.1,PLAIN-561,0.0,1,0.16,1.0
weighted_post,0.0,0.0,0.0,0.0,0.0,0.0,1.0,,,,,,,,,,,,,,1.0,,0.0,1.0,0.0,0.0,0.6773005999711881,3.7705561572616304,12.503337504040728,100,nfcorpus,2.9940899651839974,0.004334926605224609,0.7390958070755005,114.58866679221391,0.3589542101716347,78.95409874618053,0.1,PLAIN-561,0.0,1,0.16,1.0
bm25_pre,1.0,0.0,0.0,0.0,0.0,0.0,0.0,,1.0,,,,,,,,,,,,,,0.0,0.0,1.0,0.0,0.6773005999711881,3.7705561572616304,12.503337504040728,2,nfcorpus,2.9940899651839974,0.004334926605224609,0.7390958070755005,1.0408968664705753,0.3589542101716347,78.95409874618053,0.1,PLAIN-561,0.0,1,0.08,1.0
dense_pre,0.0,0.0,1.0,0.0,0.0,0.0,0.0,,,,,,1.0,,,,,,,,,,0.0,0.0,1.0,0.0,0.6773005999711881,3.7705561572616304,12.503337504040728,100,nfcorpus,2.9940899651839974,0.004334926605224609,0.7390958070755005,113.37050190195441,0.3589542101716347,78.95409874618053,0.1,PLAIN-561,0.0,1,0.16,1.0
dense_e5_base_v2_post,0.0,0.0,1.0,0.0,0.0,0.0,0.0,,,1.0,,,,,,,,,,,,,0.0,1.0,0.0,0.0,0.6773005999711881,3.7705561572616304,12.503337504040728,100,nfcorpus,2.9940899651839974,0.004334926605224609,0.7390958070755005,84.16057991907,0.3589542101716347,78.95409874618053,0.1,PLAIN-561,0.0,1,0.2,1.0
dense_e5_base_v2_pre,0.0,0.0,1.0,0.0,0.0,0.0,0.0,,,,1.0,,,,,,,,,,,,0.0,0.0,1.0,0.0,0.6773005999711881,3.7705561572616304,12.503337504040728,100,nfcorpus,2.9940899651839974,0.004334926605224609,0.7390958070755005,84.11057991907,0.3589542101716347,78.95409874618053,0.1,PLAIN-561,0.0,1,0.2,1.0
rrf_dense_e5_base_v2_post,0.0,0.0,0.0,0.0,0.0,1.0,0.0,,,,,,,,1.0,,,,,,,,0.0,1.0,0.0,0.0,0.6773005999711881,3.7705561572616304,12.503337504040728,100,nfcorpus,2.9940899651839974,0.004334926605224609,0.7390958070755005,85.24665291532874,0.3589542101716347,78.95409874618053,0.1,PLAIN-561,0.0,1,0.2,1.0
rrf_dense_e5_base_v2_pre,0.0,0.0,0.0,0.0,0.0,1.0,0.0,,,,,,,,,1.0,,,,,,,0.0,0.0,1.0,0.0,0.6773005999711881,3.7705561572616304,12.503337504040728,100,nfcorpus,2.9940899651839974,0.004334926605224609,0.7390958070755005,85.19502775743604,0.3589542101716347,78.95409874618053,0.1,PLAIN-561,0.0,1,0.2,1.0
weighted_dense_e5_base_v2_post,0.0,0.0,0.0,0.0,0.0,0.0,1.0,,,,,,,,,,,,1.0,,,,0.0,1.0,0.0,0.0,0.6773005999711881,3.7705561572616304,12.503337504040728,100,nfcorpus,2.9940899651839974,0.004334926605224609,0.7390958070755005,85.3152327157557,0.3589542101716347,78.95409874618053,0.1,PLAIN-561,0.0,1,0.2,1.0
weighted_dense_e5_base_v2_pre,0.0,0.0,0.0,0.0,0.0,0.0,1.0,,,,,,,,,,,,,1.0,,,0.0,0.0,1.0,0.0,0.6773005999711881,3.7705561572616304,12.503337504040728,100,nfcorpus,2.9940899651839974,0.004334926605224609,0.7390958070755005,85.25965875014663,0.3589542101716347,78.95409874618053,0.1,PLAIN-561,0.0,1,0.2,1.0
rrf_pre,0.0,0.0,0.0,0.0,0.0,1.0,0.0,,,,,,,,,,,1.0,,,,,0.0,0.0,1.0,0.0,0.6773005999711881,3.7705561572616304,12.503337504040728,100,nfcorpus,2.9940899651839974,0.004334926605224609,0.7390958070755005,114.454903639853,0.3589542101716347,78.95409874618053,0.1,PLAIN-561,0.0,1,0.16,1.0
weighted_pre,0.0,0.0,0.0,0.0,0.0,0.0,1.0,,,,,,,,,,,,,,,1.0,0.0,0.0,1.0,0.0,0.6773005999711881,3.7705561572616304,12.503337504040728,100,nfcorpus,2.9940899651839974,0.004334926605224609,0.7390958070755005,114.51980890706182,0.3589542101716347,78.95409874618053,0.1,PLAIN-561,0.0,1,0.16,1.0
rerank_depth_20,0.0,0.0,0.0,0.0,1.0,0.0,0.0,,,,,,,1.0,,,,,,,,,1.0,0.0,0.0,20.0,0.6773005999711881,3.7705561572616304,12.503337504040728,20,nfcorpus,2.9940899651839974,0.004334926605224609,0.7390958070755005,118.01139876842498,0.3589542101716347,78.95409874618053,0.1,PLAIN-561,0.0,1,0.08,1.0
bm25_post,1.0,0.0,0.0,0.0,0.0,0.0,0.0,1.0,,,,,,,,,,,,,,,0.0,1.0,0.0,0.0,0.6926404506252526,0.5767775418063614,9.348045711802792,2,nfcorpus,2.9941363964903736,0.03507578372955322,0.7452964782714844,1.3194066390395165,0.44830398990253034,67.76540214195848,0.1,PLAIN-571,0.0,1,0.2857142857142857,1.0
dense_post,0.0,0.0,1.0,0.0,0.0,0.0,0.0,,,,,1.0,,,,,,,,,,,0.0,1.0,0.0,0.0,0.6926404506252526,0.5767775418063614,9.348045711802792,100,nfcorpus,2.9941363964903736,0.03507578372955322,0.7452964782714844,126.79430711194873,0.44830398990253034,67.76540214195848,0.1,PLAIN-571,0.0,1,0.5714285714285714,1.0
rrf_post,0.0,0.0,0.0,0.0,0.0,1.0,0.0,,,,,,,,,,1.0,,,,,,0.0,1.0,0.0,0.0,0.6926404506252526,0.5767775418063614,9.348045711802792,100,nfcorpus,2.9941363964903736,0.03507578372955322,0.7452964782714844,128.1162096105516,0.44830398990253034,67.76540214195848,0.1,PLAIN-571,0.0,1,0.5714285714285714,1.0
weighted_post,0.0,0.0,0.0,0.0,0.0,0.0,1.0,,,,,,,,,,,,,,1.0,,0.0,1.0,0.0,0.0,0.6926404506252526,0.5767775418063614,9.348045711802792,100,nfcorpus,2.9941363964903736,0.03507578372955322,0.7452964782714844,128.18354376703502,0.44830398990253034,67.76540214195848,0.1,PLAIN-571,0.0,1,0.5714285714285714,1.0
bm25_pre,1.0,0.0,0.0,0.0,0.0,0.0,0.0,,1.0,,,,,,,,,,,,,,0.0,0.0,1.0,0.0,0.6926404506252526,0.5767775418063614,9.348045711802792,2,nfcorpus,2.9941363964903736,0.03507578372955322,0.7452964782714844,1.2694066390395164,0.44830398990253034,67.76540214195848,0.1,PLAIN-571,0.0,1,0.2857142857142857,1.0
dense_pre,0.0,0.0,1.0,0.0,0.0,0.0,0.0,,,,,,1.0,,,,,,,,,,0.0,0.0,1.0,0.0,0.6926404506252526,0.5767775418063614,9.348045711802792,100,nfcorpus,2.9941363964903736,0.03507578372955322,0.7452964782714844,126.74430711194873,0.44830398990253034,67.76540214195848,0.1,PLAIN-571,0.0,1,0.5714285714285714,1.0
dense_e5_base_v2_post,0.0,0.0,1.0,0.0,0.0,0.0,0.0,,,1.0,,,,,,,,,,,,,0.0,1.0,0.0,0.0,0.6926404506252526,0.5767775418063614,9.348045711802792,100,nfcorpus,2.9941363964903736,0.03507578372955322,0.7452964782714844,72.01837197989225,0.44830398990253034,67.76540214195848,0.1,PLAIN-571,0.0,1,0.2857142857142857,1.0
dense_e5_base_v2_pre,0.0,0.0,1.0,0.0,0.0,0.0,0.0,,,,1.0,,,,,,,,,,,,0.0,0.0,1.0,0.0,0.6926404506252526,0.5767775418063614,9.348045711802792,100,nfcorpus,2.9941363964903736,0.03507578372955322,0.7452964782714844,71.96837197989225,0.44830398990253034,67.76540214195848,0.1,PLAIN-571,0.0,1,0.2857142857142857,1.0
rrf_dense_e5_base_v2_post,0.0,0.0,0.0,0.0,0.0,1.0,0.0,,,,,,,,1.0,,,,,,,,0.0,1.0,0.0,0.0,0.6926404506252526,0.5767775418063614,9.348045711802792,100,nfcorpus,2.9941363964903736,0.03507578372955322,0.7452964782714844,73.33180782496929,0.44830398990253034,67.76540214195848,0.1,PLAIN-571,0.0,1,0.2857142857142857,1.0
rrf_dense_e5_base_v2_pre,0.0,0.0,0.0,0.0,0.0,1.0,0.0,,,,,,,,,1.0,,,,,,,0.0,0.0,1.0,0.0,0.6926404506252526,0.5767775418063614,9.348045711802792,100,nfcorpus,2.9941363964903736,0.03507578372955322,0.7452964782714844,73.28046346083283,0.44830398990253034,67.76540214195848,0.1,PLAIN-571,0.0,1,0.2857142857142857,1.0
weighted_dense_e5_base_v2_post,0.0,0.0,0.0,0.0,0.0,0.0,1.0,,,,,,,,,,,,1.0,,,,0.0,1.0,0.0,0.0,0.6926404506252526,0.5767775418063614,9.348045711802792,100,nfcorpus,2.9941363964903736,0.03507578372955322,0.7452964782714844,73.39620086476206,0.44830398990253034,67.76540214195848,0.1,PLAIN-571,0.0,1,0.2857142857142857,1.0
weighted_dense_e5_base_v2_pre,0.0,0.0,0.0,0.0,0.0,0.0,1.0,,,,,,,,,,,,,1.0,,,0.0,0.0,1.0,0.0,0.6926404506252526,0.5767775418063614,9.348045711802792,100,nfcorpus,2.9941363964903736,0.03507578372955322,0.7452964782714844,73.34038848057389,0.44830398990253034,67.76540214195848,0.1,PLAIN-571,0.0,1,0.2857142857142857,1.0
rrf_pre,0.0,0.0,0.0,0.0,0.0,1.0,0.0,,,,,,,,,,,1.0,,,,,0.0,0.0,1.0,0.0,0.6926404506252526,0.5767775418063614,9.348045711802792,100,nfcorpus,2.9941363964903736,0.03507578372955322,0.7452964782714844,128.05637391284108,0.44830398990253034,67.76540214195848,0.1,PLAIN-571,0.0,1,0.5714285714285714,1.0
weighted_pre,0.0,0.0,0.0,0.0,0.0,0.0,1.0,,,,,,,,,,,,,,,1.0,0.0,0.0,1.0,0.0,0.6926404506252526,0.5767775418063614,9.348045711802792,100,nfcorpus,2.9941363964903736,0.03507578372955322,0.7452964782714844,128.1185857951641,0.44830398990253034,67.76540214195848,0.1,PLAIN-571,0.0,1,0.5714285714285714,1.0
rerank_depth_20,0.0,0.0,0.0,0.0,1.0,0.0,0.0,,,,,,,1.0,,,,,,,,,1.0,0.0,0.0,20.0,0.6926404506252526,0.5767775418063614,9.348045711802792,20,nfcorpus,2.9941363964903736,0.03507578372955322,0.7452964782714844,131.61371375098824,0.44830398990253034,67.76540214195848,0.1,PLAIN-571,0.0,1,0.42857142857142855,1.0
bm25_post,1.0,0.0,0.0,0.0,0.0,0.0,0.0,1.0,,,,,,,,,,,,,,,0.0,1.0,0.0,0.0,0.0,0.0,0.0,0,nfcorpus,2.9956883896810513,0.0010208487510681152,0.7450338006019592,0.05565731897950173,0.0,95.75038589537144,0.0,PLAIN-583,0.0,1,0.0,1.0
dense_post,0.0,0.0,1.0,0.0,0.0,0.0,0.0,,,,,1.0,,,,,,,,,,,0.0,1.0,0.0,0.0,0.0,0.0,0.0,100,nfcorpus,2.9956883896810513,0.0010208487510681152,0.7450338006019592,100.46815787553787,0.06362078819895171,95.75038589537144,0.0,PLAIN-583,0.0,1,0.06818181818181818,1.0
rrf_post,0.0,0.0,0.0,0.0,0.0,1.0,0.0,,,,,,,,,,1.0,,,,,,0.0,1.0,0.0,0.0,0.0,0.0,0.0,100,nfcorpus,2.9956883896810513,0.0010208487510681152,0.7450338006019592,100.52869151458144,0.06362078819895171,95.75038589537144,0.0,PLAIN-583,0.0,1,0.06818181818181818,1.0
weighted_post,0.0,0.0,0.0,0.0,0.0,0.0,1.0,,,,,,,,,,,,,,1.0,,0.0,1.0,0.0,0.0,0.0,0.0,0.0,100,nfcorpus,2.9956883896810513,0.0010208487510681152,0.7450338006019592,100.58888009861111,0.06362078819895171,95.75038589537144,0.0,PLAIN-583,0.0,1,0.06818181818181818,1.0
bm25_pre,1.0,0.0,0.0,0.0,0.0,0.0,0.0,,1.0,,,,,,,,,,,,,,0.0,0.0,1.0,0.0,0.0,0.0,0.0,0,nfcorpus,2.9956883896810513,0.0010208487510681152,0.7450338006019592,0.005657318979501724,0.0,95.75038589537144,0.0,PLAIN-583,0.0,1,0.0,1.0
dense_pre,0.0,0.0,1.0,0.0,0.0,0.0,0.0,,,,,,1.0,,,,,,,,,,0.0,0.0,1.0,0.0,0.0,0.0,0.0,100,nfcorpus,2.9956883896810513,0.0010208487510681152,0.7450338006019592,100.41815787553787,0.06362078819895171,95.75038589537144,0.0,PLAIN-583,0.0,1,0.06818181818181818,1.0
dense_e5_base_v2_post,0.0,0.0,1.0,0.0,0.0,0.0,0.0,,,1.0,,,,,,,,,,,,,0.0,1.0,0.0,0.0,0.0,0.0,0.0,100,nfcorpus,2.9956883896810513,0.0010208487510681152,0.7450338006019592,90.78456330224871,0.13886244387355454,95.75038589537144,0.0,PLAIN-583,0.0,1,0.11363636363636363,1.0
dense_e5_base_v2_pre,0.0,0.0,1.0,0.0,0.0,0.0,0.0,,,,1.0,,,,,,,,,,,,0.0,0.0,1.0,0.0,0.0,0.0,0.0,100,nfcorpus,2.9956883896810513,0.0010208487510681152,0.7450338006019592,90.73456330224872,0.13886244387355454,95.75038589537144,0.0,PLAIN-583,0.0,1,0.11363636363636363,1.0
rrf_dense_e5_base_v2_post,0.0,0.0,0.0,0.0,0.0,1.0,0.0,,,,,,,,1.0,,,,,,,,0.0,1.0,0.0,0.0,0.0,0.0,0.0,100,nfcorpus,2.9956883896810513,0.0010208487510681152,0.7450338006019592,90.83445378690958,0.13886244387355454,95.75038589537144,0.0,PLAIN-583,0.0,1,0.11363636363636363,1.0
rrf_dense_e5_base_v2_pre,0.0,0.0,0.0,0.0,0.0,1.0,0.0,,,,,,,,,1.0,,,,,,,0.0,0.0,1.0,0.0,0.0,0.0,0.0,100,nfcorpus,2.9956883896810513,0.0010208487510681152,0.7450338006019592,90.7826665788889,0.13886244387355454,95.75038589537144,0.0,PLAIN-583,0.0,1,0.11363636363636363,1.0
weighted_dense_e5_base_v2_post,0.0,0.0,0.0,0.0,0.0,0.0,1.0,,,,,,,,,,,,1.0,,,,0.0,1.0,0.0,0.0,0.0,0.0,0.0,100,nfcorpus,2.9956883896810513,0.0010208487510681152,0.7450338006019592,90.89308054298162,0.13886244387355454,95.75038589537144,0.0,PLAIN-583,0.0,1,0.11363636363636363,1.0
weighted_dense_e5_base_v2_pre,0.0,0.0,0.0,0.0,0.0,0.0,1.0,,,,,,,,,,,,,1.0,,,0.0,0.0,1.0,0.0,0.0,0.0,0.0,100,nfcorpus,2.9956883896810513,0.0010208487510681152,0.7450338006019592,90.83446534350514,0.13886244387355454,95.75038589537144,0.0,PLAIN-583,0.0,1,0.11363636363636363,1.0
rrf_pre,0.0,0.0,0.0,0.0,0.0,1.0,0.0,,,,,,,,,,,1.0,,,,,0.0,0.0,1.0,0.0,0.0,0.0,0.0,100,nfcorpus,2.9956883896810513,0.0010208487510681152,0.7450338006019592,100.46634636819363,0.06362078819895171,95.75038589537144,0.0,PLAIN-583,0.0,1,0.06818181818181818,1.0
weighted_pre,0.0,0.0,0.0,0.0,0.0,0.0,1.0,,,,,,,,,,,,,,,1.0,0.0,0.0,1.0,0.0,0.0,0.0,0.0,100,nfcorpus,2.9956883896810513,0.0010208487510681152,0.7450338006019592,100.52180103957653,0.06362078819895171,95.75038589537144,0.0,PLAIN-583,0.0,1,0.06818181818181818,1.0
rerank_depth_20,0.0,0.0,0.0,0.0,1.0,0.0,0.0,,,,,,,1.0,,,,,,,,,1.0,0.0,0.0,20.0,0.0,0.0,0.0,20,nfcorpus,2.9956883896810513,0.0010208487510681152,0.7450338006019592,104.02381519451737,0.06362078819895171,95.75038589537144,0.0,PLAIN-583,0.0,1,0.045454545454545456,1.0
bm25_post,1.0,0.0,0.0,0.0,0.0,0.0,0.0,1.0,,,,,,,,,,,,,,,0.0,1.0,0.0,0.0,-1.000088900581841e-12,12.237631438384177,12.237631438384177,1,nfcorpus,2.995359755792657,0.026215553283691406,0.7113009691238403,1.3495298020541668,0.46927872602275644,85.69104271009564,0.05,PLAIN-593,0.0,1,0.3333333333333333,1.0
dense_post,0.0,0.0,1.0,0.0,0.0,0.0,0.0,,,,,1.0,,,,,,,,,,,0.0,1.0,0.0,0.0,-1.000088900581841e-12,12.237631438384177,12.237631438384177,100,nfcorpus,2.995359755792657,0.026215553283691406,0.7113009691238403,89.2201253131032,0.46927872602275644,85.69104271009564,0.05,PLAIN-593,0.0,1,0.3333333333333333,1.0
rrf_post,0.0,0.0,0.0,0.0,0.0,1.0,0.0,,,,,,,,,,1.0,,,,,,0.0,1.0,0.0,0.0,-1.000088900581841e-12,12.237631438384177,12.237631438384177,100,nfcorpus,2.995359755792657,0.026215553283691406,0.7113009691238403,90.57385110408067,0.46927872602275644,85.69104271009564,0.05,PLAIN-593,0.0,1,0.3333333333333333,1.0
weighted_post,0.0,0.0,0.0,0.0,0.0,0.0,1.0,,,,,,,,,,,,,,1.0,,0.0,1.0,0.0,0.0,-1.000088900581841e-12,12.237631438384177,12.237631438384177,100,nfcorpus,2.995359755792657,0.026215553283691406,0.7113009691238403,90.64655107557773,0.46927872602275644,85.69104271009564,0.05,PLAIN-593,0.0,1,0.3333333333333333,1.0
bm25_pre,1.0,0.0,0.0,0.0,0.0,0.0,0.0,,1.0,,,,,,,,,,,,,,0.0,0.0,1.0,0.0,-1.000088900581841e-12,12.237631438384177,12.237631438384177,1,nfcorpus,2.995359755792657,0.026215553283691406,0.7113009691238403,1.2995298020541668,0.46927872602275644,85.69104271009564,0.05,PLAIN-593,0.0,1,0.3333333333333333,1.0
dense_pre,0.0,0.0,1.0,0.0,0.0,0.0,0.0,,,,,,1.0,,,,,,,,,,0.0,0.0,1.0,0.0,-1.000088900581841e-12,12.237631438384177,12.237631438384177,100,nfcorpus,2.995359755792657,0.026215553283691406,0.7113009691238403,89.1701253131032,0.46927872602275644,85.69104271009564,0.05,PLAIN-593,0.0,1,0.3333333333333333,1.0
dense_e5_base_v2_post,0.0,0.0,1.0,0.0,0.0,0.0,0.0,,,1.0,,,,,,,,,,,,,0.0,1.0,0.0,0.0,-1.000088900581841e-12,12.237631438384177,12.237631438384177,100,nfcorpus,2.995359755792657,0.026215553283691406,0.7113009691238403,106.40447781533003,0.46927872602275644,85.69104271009564,0.05,PLAIN-593,0.0,1,0.3333333333333333,1.0
dense_e5_base_v2_pre,0.0,0.0,1.0,0.0,0.0,0.0,0.0,,,,1.0,,,,,,,,,,,,0.0,0.0,1.0,0.0,-1.000088900581841e-12,12.237631438384177,12.237631438384177,100,nfcorpus,2.995359755792657,0.026215553283691406,0.7113009691238403,106.35447781533003,0.46927872602275644,85.69104271009564,0.05,PLAIN-593,0.0,1,0.3333333333333333,1.0
rrf_dense_e5_base_v2_post,0.0,0.0,0.0,0.0,0.0,1.0,0.0,,,,,,,,1.0,,,,,,,,0.0,1.0,0.0,0.0,-1.000088900581841e-12,12.237631438384177,12.237631438384177,100,nfcorpus,2.995359755792657,0.026215553283691406,0.7113009691238403,107.74998049363494,0.46927872602275644,85.69104271009564,0.05,PLAIN-593,0.0,1,0.3333333333333333,1.0
rrf_dense_e5_base_v2_pre,0.0,0.0,0.0,0.0,0.0,1.0,0.0,,,,,,,,,1.0,,,,,,,0.0,0.0,1.0,0.0,-1.000088900581841e-12,12.237631438384177,12.237631438384177,100,nfcorpus,2.995359755792657,0.026215553283691406,0.7113009691238403,107.69820073619485,0.46927872602275644,85.69104271009564,0.05,PLAIN-593,0.0,1,0.3333333333333333,1.0
weighted_dense_e5_base_v2_post,0.0,0.0,0.0,0.0,0.0,0.0,1.0,,,,,,,,,,,,1.0,,,,0.0,1.0,0.0,0.0,-1.000088900581841e-12,12.237631438384177,12.237631438384177,100,nfcorpus,2.995359755792657,0.026215553283691406,0.7113009691238403,107.82735756710171,0.46927872602275644,85.69104271009564,0.05,PLAIN-593,0.0,1,0.3333333333333333,1.0
weighted_dense_e5_base_v2_pre,0.0,0.0,0.0,0.0,0.0,0.0,1.0,,,,,,,,,,,,,1.0,,,0.0,0.0,1.0,0.0,-1.000088900581841e-12,12.237631438384177,12.237631438384177,100,nfcorpus,2.995359755792657,0.026215553283691406,0.7113009691238403,107.75996325537562,0.46927872602275644,85.69104271009564,0.05,PLAIN-593,0.0,1,0.3333333333333333,1.0
rrf_pre,0.0,0.0,0.0,0.0,0.0,1.0,0.0,,,,,,,,,,,1.0,,,,,0.0,0.0,1.0,0.0,-1.000088900581841e-12,12.237631438384177,12.237631438384177,100,nfcorpus,2.995359755792657,0.026215553283691406,0.7113009691238403,90.51270922645926,0.46927872602275644,85.69104271009564,0.05,PLAIN-593,0.0,1,0.3333333333333333,1.0
weighted_pre,0.0,0.0,0.0,0.0,0.0,0.0,1.0,,,,,,,,,,,,,,,1.0,0.0,0.0,1.0,0.0,-1.000088900581841e-12,12.237631438384177,12.237631438384177,100,nfcorpus,2.995359755792657,0.026215553283691406,0.7113009691238403,90.57628037407994,0.46927872602275644,85.69104271009564,0.05,PLAIN-593,0.0,1,0.3333333333333333,1.0
rerank_depth_20,0.0,0.0,0.0,0.0,1.0,0.0,0.0,,,,,,,1.0,,,,,,,,,1.0,0.0,0.0,20.0,-1.000088900581841e-12,12.237631438384177,12.237631438384177,20,nfcorpus,2.995359755792657,0.026215553283691406,0.7113009691238403,94.06965511515736,0.46927872602275644,85.69104271009564,0.05,PLAIN-593,0.0,1,0.3333333333333333,1.0
bm25_post,1.0,0.0,0.0,0.0,0.0,0.0,0.0,1.0,,,,,,,,,,,,,,,0.0,1.0,0.0,0.0,-1.000088900581841e-12,7.841606064236195,7.841606064236195,1,nfcorpus,2.9955456705514454,0.006815493106842041,0.5923019647598267,1.2980462901294232,0.0,75.63471421599388,0.05,PLAIN-603,0.0,1,0.0,1.0
dense_post,0.0,0.0,1.0,0.0,0.0,0.0,0.0,,,,,1.0,,,,,,,,,,,0.0,1.0,0.0,0.0,-1.000088900581841e-12,7.841606064236195,7.841606064236195,100,nfcorpus,2.9955456705514454,0.006815493106842041,0.5923019647598267,94.7412388317287,0.0,75.63471421599388,0.05,PLAIN-603,0.0,1,0.0,1.0
rrf_post,0.0,0.0,0.0,0.0,0.0,1.0,0.0,,,,,,,,,,1.0,,,,,,0.0,1.0,0.0,0.0,-1.000088900581841e-12,7.841606064236195,7.841606064236195,100,nfcorpus,2.9955456705514454,0.006815493106842041,0.5923019647598267,96.04684085696935,0.0,75.63471421599388,0.05,PLAIN-603,0.0,1,0.0,1.0
weighted_post,0.0,0.0,0.0,0.0,0.0,0.0,1.0,,,,,,,,,,,,,,1.0,,0.0,1.0,0.0,0.0,-1.000088900581841e-12,7.841606064236195,7.841606064236195,100,nfcorpus,2.9955456705514454,0.006815493106842041,0.5923019647598267,96.1262039758265,0.0,75.63471421599388,0.05,PLAIN-603,0.0,1,0.0,1.0
bm25_pre,1.0,0.0,0.0,0.0,0.0,0.0,0.0,,1.0,,,,,,,,,,,,,,0.0,0.0,1.0,0.0,-1.000088900581841e-12,7.841606064236195,7.841606064236195,1,nfcorpus,2.9955456705514454,0.006815493106842041,0.5923019647598267,1.2480462901294231,0.0,75.63471421599388,0.05,PLAIN-603,0.0,1,0.0,1.0
dense_pre,0.0,0.0,1.0,0.0,0.0,0.0,0.0,,,,,,1.0,,,,,,,,,,0.0,0.0,1.0,0.0,-1.000088900581841e-12,7.841606064236195,7.841606064236195,100,nfcorpus,2.9955456705514454,0.006815493106842041,0.5923019647598267,94.6912388317287,0.0,75.63471421599388,0.05,PLAIN-603,0.0,1,0.0,1.0
dense_e5_base_v2_post,0.0,0.0,1.0,0.0,0.0,0.0,0.0,,,1.0,,,,,,,,,,,,,0.0,1.0,0.0,0.0,-1.000088900581841e-12,7.841606064236195,7.841606064236195,100,nfcorpus,2.9955456705514454,0.006815493106842041,0.5923019647598267,110.85913012847304,0.0,75.63471421599388,0.05,PLAIN-603,0.0,1,0.0,1.0
dense_e5_base_v2_pre,0.0,0.0,1.0,0.0,0.0,0.0,0.0,,,,1.0,,,,,,,,,,,,0.0,0.0,1.0,0.0,-1.000088900581841e-12,7.841606064236195,7.841606064236195,100,nfcorpus,2.9955456705514454,0.006815493106842041,0.5923019647598267,110.80913012847304,0.0,75.63471421599388,0.05,PLAIN-603,0.0,1,0.0,1.0
rrf_dense_e5_base_v2_post,0.0,0.0,0.0,0.0,0.0,1.0,0.0,,,,,,,,1.0,,,,,,,,0.0,1.0,0.0,0.0,-1.000088900581841e-12,7.841606064236195,7.841606064236195,100,nfcorpus,2.9955456705514454,0.006815493106842041,0.5923019647598267,112.1535092510283,0.0,75.63471421599388,0.05,PLAIN-603,0.0,1,0.0,1.0
rrf_dense_e5_base_v2_pre,0.0,0.0,0.0,0.0,0.0,1.0,0.0,,,,,,,,,1.0,,,,,,,0.0,0.0,1.0,0.0,-1.000088900581841e-12,7.841606064236195,7.841606064236195,100,nfcorpus,2.9955456705514454,0.006815493106842041,0.5923019647598267,112.10302216932178,0.0,75.63471421599388,0.05,PLAIN-603,0.0,1,0.0,1.0
weighted_dense_e5_base_v2_post,0.0,0.0,0.0,0.0,0.0,0.0,1.0,,,,,,,,,,,,1.0,,,,0.0,1.0,0.0,0.0,-1.000088900581841e-12,7.841606064236195,7.841606064236195,100,nfcorpus,2.9955456705514454,0.006815493106842041,0.5923019647598267,112.23263953924179,0.0,75.63471421599388,0.05,PLAIN-603,0.0,1,0.0,1.0
weighted_dense_e5_base_v2_pre,0.0,0.0,0.0,0.0,0.0,0.0,1.0,,,,,,,,,,,,,1.0,,,0.0,0.0,1.0,0.0,-1.000088900581841e-12,7.841606064236195,7.841606064236195,100,nfcorpus,2.9955456705514454,0.006815493106842041,0.5923019647598267,112.19535674899817,0.0,75.63471421599388,0.05,PLAIN-603,0.0,1,0.0,1.0
rrf_pre,0.0,0.0,0.0,0.0,0.0,1.0,0.0,,,,,,,,,,,1.0,,,,,0.0,0.0,1.0,0.0,-1.000088900581841e-12,7.841606064236195,7.841606064236195,100,nfcorpus,2.9955456705514454,0.006815493106842041,0.5923019647598267,95.98497208207846,0.0,75.63471421599388,0.05,PLAIN-603,0.0,1,0.0,1.0
weighted_pre,0.0,0.0,0.0,0.0,0.0,0.0,1.0,,,,,,,,,,,,,,,1.0,0.0,0.0,1.0,0.0,-1.000088900581841e-12,7.841606064236195,7.841606064236195,100,nfcorpus,2.9955456705514454,0.006815493106842041,0.5923019647598267,96.06278920546174,0.0,75.63471421599388,0.05,PLAIN-603,0.0,1,0.0,1.0
rerank_depth_20,0.0,0.0,0.0,0.0,1.0,0.0,0.0,,,,,,,1.0,,,,,,,,,1.0,0.0,0.0,20.0,-1.000088900581841e-12,7.841606064236195,7.841606064236195,20,nfcorpus,2.9955456705514454,0.006815493106842041,0.5923019647598267,99.53928512185811,0.0,75.63471421599388,0.05,PLAIN-603,0.0,1,0.0,1.0
bm25_post,1.0,0.0,0.0,0.0,0.0,0.0,0.0,1.0,,,,,,,,,,,,,,,0.0,1.0,0.0,0.0,2.9368228544017674,0.2692674757785447,12.396394750749074,100,nfcorpus,2.9950147207415045,0.012535691261291504,0.7356188297271729,5.473749797046184,0.08514311764162098,80.26170684024692,0.17647058823529413,PLAIN-613,0.0,2,0.2,1.0
dense_post,0.0,0.0,1.0,0.0,0.0,0.0,0.0,,,,,1.0,,,,,,,,,,,0.0,1.0,0.0,0.0,2.9368228544017674,0.2692674757785447,12.396394750749074,100,nfcorpus,2.9950147207415045,0.012535691261291504,0.7356188297271729,85.63219717815518,0.11004588314904008,80.26170684024692,0.17647058823529413,PLAIN-613,0.0,2,0.1,1.0
rrf_post,0.0,0.0,0.0,0.0,0.0,1.0,0.0,,,,,,,,,,1.0,,,,,,0.0,1.0,0.0,0.0,2.9368228544017674,0.2692674757785447,12.396394750749074,100,nfcorpus,2.9950147207415045,0.012535691261291504,0.7356188297271729,91.15058192163706,0.11004588314904008,80.26170684024692,0.17647058823529413,PLAIN-613,0.0,2,0.2,1.0
weighted_post,0.0,0.0,0.0,0.0,0.0,0.0,1.0,,,,,,,,,,,,,,1.0,,0.0,1.0,0.0,0.0,2.9368228544017674,0.2692674757785447,12.396394750749074,100,nfcorpus,2.9950147207415045,0.012535691261291504,0.7356188297271729,91.24307389482856,0.11004588314904008,80.26170684024692,0.17647058823529413,PLAIN-613,0.0,2,0.2,1.0
bm25_pre,1.0,0.0,0.0,0.0,0.0,0.0,0.0,,1.0,,,,,,,,,,,,,,0.0,0.0,1.0,0.0,2.9368228544017674,0.2692674757785447,12.396394750749074,100,nfcorpus,2.9950147207415045,0.012535691261291504,0.7356188297271729,5.4237497970461845,0.08514311764162098,80.26170684024692,0.17647058823529413,PLAIN-613,0.0,2,0.2,1.0
dense_pre,0.0,0.0,1.0,0.0,0.0,0.0,0.0,,,,,,1.0,,,,,,,,,,0.0,0.0,1.0,0.0,2.9368228544017674,0.2692674757785447,12.396394750749074,100,nfcorpus,2.9950147207415045,0.012535691261291504,0.7356188297271729,85.58219717815518,0.11004588314904008,80.26170684024692,0.17647058823529413,PLAIN-613,0.0,2,0.1,1.0
dense_e5_base_v2_post,0.0,0.0,1.0,0.0,0.0,0.0,0.0,,,1.0,,,,,,,,,,,,,0.0,1.0,0.0,0.0,2.9368228544017674,0.2692674757785447,12.396394750749074,100,nfcorpus,2.9950147207415045,0.012535691261291504,0.7356188297271729,92.13825323730707,0.22009176629808017,80.26170684024692,0.17647058823529413,PLAIN-613,0.0,2,0.4,1.0
dense_e5_base_v2_pre,0.0,0.0,1.0,0.0,0.0,0.0,0.0,,,,1.0,,,,,,,,,,,,0.0,0.0,1.0,0.0,2.9368228544017674,0.2692674757785447,12.396394750749074,100,nfcorpus,2.9950147207415045,0.012535691261291504,0.7356188297271729,92.08825323730707,0.22009176629808017,80.26170684024692,0.17647058823529413,PLAIN-613,0.0,2,0.4,1.0
rrf_dense_e5_base_v2_post,0.0,0.0,0.0,0.0,0.0,1.0,0.0,,,,,,,,1.0,,,,,,,,0.0,1.0,0.0,0.0,2.9368228544017674,0.2692674757785447,12.396394750749074,100,nfcorpus,2.9950147207415045,0.012535691261291504,0.7356188297271729,97.64618900716304,0.11004588314904008,80.26170684024692,0.17647058823529413,PLAIN-613,0.0,2,0.4,1.0
rrf_dense_e5_base_v2_pre,0.0,0.0,0.0,0.0,0.0,1.0,0.0,,,,,,,,,1.0,,,,,,,0.0,0.0,1.0,0.0,2.9368228544017674,0.2692674757785447,12.396394750749074,100,nfcorpus,2.9950147207415045,0.012535691261291504,0.7356188297271729,97.59223088622093,0.11004588314904008,80.26170684024692,0.17647058823529413,PLAIN-613,0.0,2,0.4,1.0
weighted_dense_e5_base_v2_post,0.0,0.0,0.0,0.0,0.0,0.0,1.0,,,,,,,,,,,,1.0,,,,0.0,1.0,0.0,0.0,2.9368228544017674,0.2692674757785447,12.396394750749074,100,nfcorpus,2.9950147207415045,0.012535691261291504,0.7356188297271729,97.74746800884604,0.22009176629808017,80.26170684024692,0.17647058823529413,PLAIN-613,0.0,2,0.4,1.0
weighted_dense_e5_base_v2_pre,0.0,0.0,0.0,0.0,0.0,0.0,1.0,,,,,,,,,,,,,1.0,,,0.0,0.0,1.0,0.0,2.9368228544017674,0.2692674757785447,12.396394750749074,100,nfcorpus,2.9950147207415045,0.012535691261291504,0.7356188297271729,97.69199695438147,0.22009176629808017,80.26170684024692,0.17647058823529413,PLAIN-613,0.0,2,0.4,1.0
rrf_pre,0.0,0.0,0.0,0.0,0.0,1.0,0.0,,,,,,,,,,,1.0,,,,,0.0,0.0,1.0,0.0,2.9368228544017674,0.2692674757785447,12.396394750749074,100,nfcorpus,2.9950147207415045,0.012535691261291504,0.7356188297271729,91.09149081632495,0.11004588314904008,80.26170684024692,0.17647058823529413,PLAIN-613,0.0,2,0.2,1.0
weighted_pre,0.0,0.0,0.0,0.0,0.0,0.0,1.0,,,,,,,,,,,,,,,1.0,0.0,0.0,1.0,0.0,2.9368228544017674,0.2692674757785447,12.396394750749074,100,nfcorpus,2.9950147207415045,0.012535691261291504,0.7356188297271729,91.19321964681149,0.11004588314904008,80.26170684024692,0.17647058823529413,PLAIN-613,0.0,2,0.2,1.0
rerank_depth_20,0.0,0.0,0.0,0.0,1.0,0.0,0.0,,,,,,,1.0,,,,,,,,,1.0,0.0,0.0,20.0,2.9368228544017674,0.2692674757785447,12.396394750749074,34,nfcorpus,2.9950147207415045,0.012535691261291504,0.7356188297271729,97.12594697520137,0.11004588314904008,80.26170684024692,0.17647058823529413,PLAIN-613,0.0,2,0.1,1.0
bm25_post,1.0,0.0,0.0,0.0,0.0,0.0,0.0,1.0,,,,,,,,,,,,,,,0.0,1.0,0.0,0.0,2.8660761890184285,0.7195594110363999,9.035135504699458,100,nfcorpus,2.995242180117597,0.001455068588256836,0.7765130400657654,2.3705578327178953,0.3589542101716347,84.48259299620986,0.05263157894736842,PLAIN-623,0.0,2,0.14634146341463414,1.0
dense_post,0.0,0.0,1.0,0.0,0.0,0.0,0.0,,,,,1.0,,,,,,,,,,,0.0,1.0,0.0,0.0,2.8660761890184285,0.7195594110363999,9.035135504699458,100,nfcorpus,2.995242180117597,0.001455068588256836,0.7765130400657654,83.24179993122816,0.933745776545611,84.48259299620986,0.05263157894736842,PLAIN-623,0.0,2,0.36585365853658536,1.0
rrf_post,0.0,0.0,0.0,0.0,0.0,1.0,0.0,,,,,,,,,,1.0,,,,,,0.0,1.0,0.0,0.0,2.8660761890184285,0.7195594110363999,9.035135504699458,100,nfcorpus,2.995242180117597,0.001455068588256836,0.7765130400657654,85.65910960659384,0.586892471849393,84.48259299620986,0.05263157894736842,PLAIN-623,0.0,2,0.2682926829268293,1.0
weighted_post,0.0,0.0,0.0,0.0,0.0,0.0,1.0,,,,,,,,,,,,,,1.0,,0.0,1.0,0.0,0.0,2.8660761890184285,0.7195594110363999,9.035135504699458,100,nfcorpus,2.995242180117597,0.001455068588256836,0.7765130400657654,85.75288494229316,0.9363792118010481,84.48259299620986,0.05263157894736842,PLAIN-623,0.0,2,0.34146341463414637,1.0
bm25_pre,1.0,0.0,0.0,0.0,0.0,0.0,0.0,,1.0,,,,,,,,,,,,,,0.0,0.0,1.0,0.0,2.8660761890184285,0.7195594110363999,9.035135504699458,100,nfcorpus,2.995242180117597,0.001455068588256836,0.7765130400657654,2.3205578327178955,0.3589542101716347,84.48259299620986,0.05263157894736842,PLAIN-623,0.0,2,0.14634146341463414,1.0
dense_pre,0.0,0.0,1.0,0.0,0.0,0.0,0.0,,,,,,1.0,,,,,,,,,,0.0,0.0,1.0,0.0,2.8660761890184285,0.7195594110363999,9.035135504699458,100,nfcorpus,2.995242180117597,0.001455068588256836,0.7765130400657654,83.19179993122816,0.933745776545611,84.48259299620986,0.05263157894736842,PLAIN-623,0.0,2,0.36585365853658536,1.0
dense_e5_base_v2_post,0.0,0.0,1.0,0.0,0.0,0.0,0.0,,,1.0,,,,,,,,,,,,,0.0,1.0,0.0,0.0,2.8660761890184285,0.7195594110363999,9.035135504699458,100,nfcorpus,2.995242180117597,0.001455068588256836,0.7765130400657654,111.59405958950519,0.5199967979955745,84.48259299620986,0.05263157894736842,PLAIN-623,0.0,2,0.2926829268292683,1.0
dense_e5_base_v2_pre,0.0,0.0,1.0,0.0,0.0,0.0,0.0,,,,1.0,,,,,,,,,,,,0.0,0.0,1.0,0.0,2.8660761890184285,0.7195594110363999,9.035135504699458,100,nfcorpus,2.995242180117597,0.001455068588256836,0.7765130400657654,111.5440595895052,0.5199967979955745,84.48259299620986,0.05263157894736842,PLAIN-623,0.0,2,0.2926829268292683,1.0
rrf_dense_e5_base_v2_post,0.0,0.0,0.0,0.0,0.0,1.0,0.0,,,,,,,,1.0,,,,,,,,0.0,1.0,0.0,0.0,2.8660761890184285,0.7195594110363999,9.035135504699458,100,nfcorpus,2.995242180117597,0.001455068588256836,0.7765130400657654,113.99544877111911,0.3589542101716347,84.48259299620986,0.05263157894736842,PLAIN-623,0.0,2,0.24390243902439024,1.0
rrf_dense_e5_base_v2_pre,0.0,0.0,0.0,0.0,0.0,1.0,0.0,,,,,,,,,1.0,,,,,,,0.0,0.0,1.0,0.0,2.8660761890184285,0.7195594110363999,9.035135504699458,100,nfcorpus,2.995242180117597,0.001455068588256836,0.7765130400657654,113.9422464184463,0.3589542101716347,84.48259299620986,0.05263157894736842,PLAIN-623,0.0,2,0.24390243902439024,1.0
weighted_dense_e5_base_v2_post,0.0,0.0,0.0,0.0,0.0,0.0,1.0,,,,,,,,,,,,1.0,,,,0.0,1.0,0.0,0.0,2.8660761890184285,0.7195594110363999,9.035135504699458,100,nfcorpus,2.995242180117597,0.001455068588256836,0.7765130400657654,114.09159478843212,0.5009732673492617,84.48259299620986,0.05263157894736842,PLAIN-623,0.0,2,0.2926829268292683,1.0
weighted_dense_e5_base_v2_pre,0.0,0.0,0.0,0.0,0.0,0.0,1.0,,,,,,,,,,,,,1.0,,,0.0,0.0,1.0,0.0,2.8660761890184285,0.7195594110363999,9.035135504699458,100,nfcorpus,2.995242180117597,0.001455068588256836,0.7765130400657654,114.03477378189564,0.5009732673492617,84.48259299620986,0.05263157894736842,PLAIN-623,0.0,2,0.2926829268292683,1.0
rrf_pre,0.0,0.0,0.0,0.0,0.0,1.0,0.0,,,,,,,,,,,1.0,,,,,0.0,0.0,1.0,0.0,2.8660761890184285,0.7195594110363999,9.035135504699458,100,nfcorpus,2.995242180117597,0.001455068588256836,0.7765130400657654,85.59327386319637,0.586892471849393,84.48259299620986,0.05263157894736842,PLAIN-623,0.0,2,0.2682926829268293,1.0
weighted_pre,0.0,0.0,0.0,0.0,0.0,0.0,1.0,,,,,,,,,,,,,,,1.0,0.0,0.0,1.0,0.0,2.8660761890184285,0.7195594110363999,9.035135504699458,100,nfcorpus,2.995242180117597,0.001455068588256836,0.7765130400657654,85.68872278556228,0.9363792118010481,84.48259299620986,0.05263157894736842,PLAIN-623,0.0,2,0.34146341463414637,1.0
rerank_depth_20,0.0,0.0,0.0,0.0,1.0,0.0,0.0,,,,,,,1.0,,,,,,,,,1.0,0.0,0.0,20.0,2.8660761890184285,0.7195594110363999,9.035135504699458,38,nfcorpus,2.995242180117597,0.001455068588256836,0.7765130400657654,92.35235776394606,0.8701249883466592,84.48259299620986,0.05263157894736842,PLAIN-623,0.0,2,0.21951219512195122,1.0
bm25_post,1.0,0.0,0.0,0.0,0.0,0.0,0.0,1.0,,,,,,,,,,,,,,,0.0,1.0,0.0,0.0,0.6931410078322746,0.04914104031640498,7.017534824019452,2,nfcorpus,2.9943755143670865,0.02408522367477417,0.7567653656005859,1.4000722125172615,0.13886244387355454,65.06844097748399,0.047619047619047616,PLAIN-634,0.0,1,0.047619047619047616,1.0
dense_post,0.0,0.0,1.0,0.0,0.0,0.0,0.0,,,,,1.0,,,,,,,,,,,0.0,1.0,0.0,0.0,0.6931410078322746,0.04914104031640498,7.017534824019452,100,nfcorpus,2.9943755143670865,0.02408522367477417,0.7567653656005859,90.95587310492992,0.4690000933206748,65.06844097748399,0.047619047619047616,PLAIN-634,0.0,1,0.19047619047619047,1.0
rrf_post,0.0,0.0,0.0,0.0,0.0,1.0,0.0,,,,,,,,,,1.0,,,,,,0.0,1.0,0.0,0.0,0.6931410078322746,0.04914104031640498,7.017534824019452,100,nfcorpus,2.9943755143670865,0.02408522367477417,0.7567653656005859,92.3594442114234,0.424926013816671,65.06844097748399,0.047619047619047616,PLAIN-634,0.0,1,0.19047619047619047,1.0
weighted_post,0.0,0.0,0.0,0.0,0.0,0.0,1.0,,,,,,,,,,,,,,1.0,,0.0,1.0,0.0,0.0,0.6931410078322746,0.04914104031640498,7.017534824019452,100,nfcorpus,2.9943755143670865,0.02408522367477417,0.7567653656005859,92.42805800512433,0.3436966913921454,65.06844097748399,0.047619047619047616,PLAIN-634,0.0,1,0.19047619047619047,1.0
bm25_pre,1.0,0.0,0.0,0.0,0.0,0.0,0.0,,1.0,,,,,,,,,,,,,,0.0,0.0,1.0,0.0,0.6931410078322746,0.04914104031640498,7.017534824019452,2,nfcorpus,2.9943755143670865,0.02408522367477417,0.7567653656005859,1.3500722125172615,0.13886244387355454,65.06844097748399,0.047619047619047616,PLAIN-634,0.0,1,0.047619047619047616,1.0
dense_pre,0.0,0.0,1.0,0.0,0.0,0.0,0.0,,,,,,1.0,,,,,,,,,,0.0,0.0,1.0,0.0,0.6931410078322746,0.04914104031640498,7.017534824019452,100,nfcorpus,2.9943755143670865,0.02408522367477417,0.7567653656005859,90.90587310492992,0.4690000933206748,65.06844097748399,0.047619047619047616,PLAIN-634,0.0,1,0.19047619047619047,1.0
dense_e5_base_v2_post,0.0,0.0,1.0,0.0,0.0,0.0,0.0,,,1.0,,,,,,,,,,,,,0.0,1.0,0.0,0.0,0.6931410078322746,0.04914104031640498,7.017534824019452,100,nfcorpus,2.9943755143670865,0.02408522367477417,0.7567653656005859,101.5732945792377,0.4690000933206748,65.06844097748399,0.047619047619047616,PLAIN-634,0.0,1,0.23809523809523808,1.0
dense_e5_base_v2_pre,0.0,0.0,1.0,0.0,0.0,0.0,0.0,,,,1.0,,,,,,,,,,,,0.0,0.0,1.0,0.0,0.6931410078322746,0.04914104031640498,7.017534824019452,100,nfcorpus,2.9943755143670865,0.02408522367477417,0.7567653656005859,101.5232945792377,0.4690000933206748,65.06844097748399,0.047619047619047616,PLAIN-634,0.0,1,0.23809523809523808,1.0
rrf_dense_e5_base_v2_post,0.0,0.0,0.0,0.0,0.0,1.0,0.0,,,,,,,,1.0,,,,,,,,0.0,1.0,0.0,0.0,0.6931410078322746,0.04914104031640498,7.017534824019452,100,nfcorpus,2.9943755143670865,0.02408522367477417,0.7567653656005859,102.96698575019836,0.3436966913921454,65.06844097748399,0.047619047619047616,PLAIN-634,0.0,1,0.23809523809523808,1.0
rrf_dense_e5_base_v2_pre,0.0,0.0,0.0,0.0,0.0,1.0,0.0,,,,,,,,,1.0,,,,,,,0.0,0.0,1.0,0.0,0.6931410078322746,0.04914104031640498,7.017534824019452,100,nfcorpus,2.9943755143670865,0.02408522367477417,0.7567653656005859,102.91630309075117,0.3436966913921454,65.06844097748399,0.047619047619047616,PLAIN-634,0.0,1,0.23809523809523808,1.0
weighted_dense_e5_base_v2_post,0.0,0.0,0.0,0.0,0.0,0.0,1.0,,,,,,,,,,,,1.0,,,,0.0,1.0,0.0,0.0,0.6931410078322746,0.04914104031640498,7.017534824019452,100,nfcorpus,2.9943755143670865,0.02408522367477417,0.7567653656005859,103.03407264053821,0.3436966913921454,65.06844097748399,0.047619047619047616,PLAIN-634,0.0,1,0.23809523809523808,1.0
weighted_dense_e5_base_v2_pre,0.0,0.0,0.0,0.0,0.0,0.0,1.0,,,,,,,,,,,,,1.0,,,0.0,0.0,1.0,0.0,0.6931410078322746,0.04914104031640498,7.017534824019452,100,nfcorpus,2.9943755143670865,0.02408522367477417,0.7567653656005859,102.97596594318748,0.3436966913921454,65.06844097748399,0.047619047619047616,PLAIN-634,0.0,1,0.23809523809523808,1.0
rrf_pre,0.0,0.0,0.0,0.0,0.0,1.0,0.0,,,,,,,,,,,1.0,,,,,0.0,0.0,1.0,0.0,0.6931410078322746,0.04914104031640498,7.017534824019452,100,nfcorpus,2.9943755143670865,0.02408522367477417,0.7567653656005859,92.29870326817036,0.424926013816671,65.06844097748399,0.047619047619047616,PLAIN-634,0.0,1,0.19047619047619047,1.0
weighted_pre,0.0,0.0,0.0,0.0,0.0,0.0,1.0,,,,,,,,,,,,,,,1.0,0.0,0.0,1.0,0.0,0.6931410078322746,0.04914104031640498,7.017534824019452,100,nfcorpus,2.9943755143670865,0.02408522367477417,0.7567653656005859,92.36025298014283,0.3436966913921454,65.06844097748399,0.047619047619047616,PLAIN-634,0.0,1,0.19047619047619047,1.0
rerank_depth_20,0.0,0.0,0.0,0.0,1.0,0.0,0.0,,,,,,,1.0,,,,,,,,,1.0,0.0,0.0,20.0,0.6931410078322746,0.04914104031640498,7.017534824019452,21,nfcorpus,2.9943755143670865,0.02408522367477417,0.7567653656005859,96.03594531744719,0.3436966913921454,65.06844097748399,0.047619047619047616,PLAIN-634,0.0,1,0.14285714285714285,1.0
bm25_post,1.0,0.0,0.0,0.0,0.0,0.0,0.0,1.0,,,,,,,,,,,,,,,0.0,1.0,0.0,0.0,0.0,0.0,0.0,0,nfcorpus,2.9956575996800585,0.006875574588775635,0.6210910081863403,0.05510271638631821,0.0,91.58393880352378,0.0,PLAIN-645,0.0,1,0.0,1.0
dense_post,0.0,0.0,1.0,0.0,0.0,0.0,0.0,,,,,1.0,,,,,,,,,,,0.0,1.0,0.0,0.0,0.0,0.0,0.0,100,nfcorpus,2.9956575996800585,0.006875574588775635,0.6210910081863403,76.89496697038412,0.0,91.58393880352378,0.0,PLAIN-645,0.0,1,0.034482758620689655,1.0
rrf_post,0.0,0.0,0.0,0.0,0.0,1.0,0.0,,,,,,,,,,1.0,,,,,,0.0,1.0,0.0,0.0,0.0,0.0,0.0,100,nfcorpus,2.9956575996800585,0.006875574588775635,0.6210910081863403,76.95237974748015,0.0,91.58393880352378,0.0,PLAIN-645,0.0,1,0.034482758620689655,1.0
weighted_post,0.0,0.0,0.0,0.0,0.0,0.0,1.0,,,,,,,,,,,,,,1.0,,0.0,1.0,0.0,0.0,0.0,0.0,0.0,100,nfcorpus,2.9956575996800585,0.006875574588775635,0.6210910081863403,77.01298556402325,0.0,91.58393880352378,0.0,PLAIN-645,0.0,1,0.034482758620689655,1.0
bm25_pre,1.0,0.0,0.0,0.0,0.0,0.0,0.0,,1.0,,,,,,,,,,,,,,0.0,0.0,1.0,0.0,0.0,0.0,0.0,0,nfcorpus,2.9956575996800585,0.006875574588775635,0.6210910081863403,0.005102716386318207,0.0,91.58393880352378,0.0,PLAIN-645,0.0,1,0.0,1.0
dense_pre,0.0,0.0,1.0,0.0,0.0,0.0,0.0,,,,,,1.0,,,,,,,,,,0.0,0.0,1.0,0.0,0.0,0.0,0.0,100,nfcorpus,2.9956575996800585,0.006875574588775635,0.6210910081863403,76.84496697038412,0.0,91.58393880352378,0.0,PLAIN-645,0.0,1,0.034482758620689655,1.0
dense_e5_base_v2_post,0.0,0.0,1.0,0.0,0.0,0.0,0.0,,,1.0,,,,,,,,,,,,,0.0,1.0,0.0,0.0,0.0,0.0,0.0,100,nfcorpus,2.9956575996800585,0.006875574588775635,0.6210910081863403,96.03809015005827,0.09478836436955078,91.58393880352378,0.0,PLAIN-645,0.0,1,0.10344827586206896,1.0
dense_e5_base_v2_pre,0.0,0.0,1.0,0.0,0.0,0.0,0.0,,,,1.0,,,,,,,,,,,,0.0,0.0,1.0,0.0,0.0,0.0,0.0,100,nfcorpus,2.9956575996800585,0.006875574588775635,0.6210910081863403,95.98809015005827,0.09478836436955078,91.58393880352378,0.0,PLAIN-645,0.0,1,0.10344827586206896,1.0
rrf_dense_e5_base_v2_post,0.0,0.0,0.0,0.0,0.0,1.0,0.0,,,,,,,,1.0,,,,,,,,0.0,1.0,0.0,0.0,0.0,0.0,0.0,100,nfcorpus,2.9956575996800585,0.006875574588775635,0.6210910081863403,96.08612590581178,0.09478836436955078,91.58393880352378,0.0,PLAIN-645,0.0,1,0.10344827586206896,1.0
rrf_dense_e5_base_v2_pre,0.0,0.0,0.0,0.0,0.0,1.0,0.0,,,,,,,,,1.0,,,,,,,0.0,0.0,1.0,0.0,0.0,0.0,0.0,100,nfcorpus,2.9956575996800585,0.006875574588775635,0.6210910081863403,96.03493381291628,0.09478836436955078,91.58393880352378,0.0,PLAIN-645,0.0,1,0.10344827586206896,1.0
weighted_dense_e5_base_v2_post,0.0,0.0,0.0,0.0,0.0,0.0,1.0,,,,,,,,,,,,1.0,,,,0.0,1.0,0.0,0.0,0.0,0.0,0.0,100,nfcorpus,2.9956575996800585,0.006875574588775635,0.6210910081863403,96.1424532264471,0.09478836436955078,91.58393880352378,0.0,PLAIN-645,0.0,1,0.10344827586206896,1.0
weighted_dense_e5_base_v2_pre,0.0,0.0,0.0,0.0,0.0,0.0,1.0,,,,,,,,,,,,,1.0,,,0.0,0.0,1.0,0.0,0.0,0.0,0.0,100,nfcorpus,2.9956575996800585,0.006875574588775635,0.6210910081863403,96.08617564663291,0.09478836436955078,91.58393880352378,0.0,PLAIN-645,0.0,1,0.10344827586206896,1.0
rrf_pre,0.0,0.0,0.0,0.0,0.0,1.0,0.0,,,,,,,,,,,1.0,,,,,0.0,0.0,1.0,0.0,0.0,0.0,0.0,100,nfcorpus,2.9956575996800585,0.006875574588775635,0.6210910081863403,76.89174264669418,0.0,91.58393880352378,0.0,PLAIN-645,0.0,1,0.034482758620689655,1.0
weighted_pre,0.0,0.0,0.0,0.0,0.0,0.0,1.0,,,,,,,,,,,,,,,1.0,0.0,0.0,1.0,0.0,0.0,0.0,0.0,100,nfcorpus,2.9956575996800585,0.006875574588775635,0.6210910081863403,76.9443167373538,0.0,91.58393880352378,0.0,PLAIN-645,0.0,1,0.034482758620689655,1.0
rerank_depth_20,0.0,0.0,0.0,0.0,1.0,0.0,0.0,,,,,,,1.0,,,,,,,,,1.0,0.0,0.0,20.0,0.0,0.0,0.0,20,nfcorpus,2.9956575996800585,0.006875574588775635,0.6210910081863403,80.45006968677043,0.0,91.58393880352378,0.0,PLAIN-645,0.0,1,0.034482758620689655,1.0
bm25_post,1.0,0.0,0.0,0.0,0.0,0.0,0.0,1.0,,,,,,,,,,,,,,,0.0,1.0,0.0,0.0,2.978125395965867,0.36885510247422193,7.877211207314711,37,nfcorpus,2.9953204454663256,0.022555112838745117,0.7582083940505981,1.329090065509081,1.0,90.32695647329092,0.6,PLAIN-660,0.0,1,0.06315789473684211,1.0
dense_post,0.0,0.0,1.0,0.0,0.0,0.0,0.0,,,,,1.0,,,,,,,,,,,0.0,1.0,0.0,0.0,2.978125395965867,0.36885510247422193,7.877211207314711,100,nfcorpus,2.9953204454663256,0.022555112838745117,0.7582083940505981,93.45398712083697,1.0,90.32695647329092,0.6,PLAIN-660,0.0,1,0.12210526315789473,1.0
rrf_post,0.0,0.0,0.0,0.0,0.0,1.0,0.0,,,,,,,,,,1.0,,,,,,0.0,1.0,0.0,0.0,2.978125395965867,0.36885510247422193,7.877211207314711,100,nfcorpus,2.9953204454663256,0.022555112838745117,0.7582083940505981,94.80162718445062,1.0,90.32695647329092,0.6,PLAIN-660,0.0,1,0.12421052631578948,1.0
weighted_post,0.0,0.0,0.0,0.0,0.0,0.0,1.0,,,,,,,,,,,,,,1.0,,0.0,1.0,0.0,0.0,2.978125395965867,0.36885510247422193,7.877211207314711,100,nfcorpus,2.9953204454663256,0.022555112838745117,0.7582083940505981,94.87707316055894,1.0,90.32695647329092,0.6,PLAIN-660,0.0,1,0.12421052631578948,1.0
bm25_pre,1.0,0.0,0.0,0.0,0.0,0.0,0.0,,1.0,,,,,,,,,,,,,,0.0,0.0,1.0,0.0,2.978125395965867,0.36885510247422193,7.877211207314711,37,nfcorpus,2.9953204454663256,0.022555112838745117,0.7582083940505981,1.2790900655090809,1.0,90.32695647329092,0.6,PLAIN-660,0.0,1,0.06315789473684211,1.0
dense_pre,0.0,0.0,1.0,0.0,0.0,0.0,0.0,,,,,,1.0,,,,,,,,,,0.0,0.0,1.0,0.0,2.978125395965867,0.36885510247422193,7.877211207314711,100,nfcorpus,2.9953204454663256,0.022555112838745117,0.7582083940505981,93.40398712083697,1.0,90.32695647329092,0.6,PLAIN-660,0.0,1,0.12210526315789473,1.0
dense_e5_base_v2_post,0.0,0.0,1.0,0.0,0.0,0.0,0.0,,,1.0,,,,,,,,,,,,,0.0,1.0,0.0,0.0,2.978125395965867,0.36885510247422193,7.877211207314711,100,nfcorpus,2.9953204454663256,0.022555112838745117,0.7582083940505981,95.04679366126656,1.0,90.32695647329092,0.6,PLAIN-660,0.0,1,0.10105263157894737,1.0
dense_e5_base_v2_pre,0.0,0.0,1.0,0.0,0.0,0.0,0.0,,,,1.0,,,,,,,,,,,,0.0,0.0,1.0,0.0,2.978125395965867,0.36885510247422193,7.877211207314711,100,nfcorpus,2.9953204454663256,0.022555112838745117,0.7582083940505981,94.99679366126657,1.0,90.32695647329092,0.6,PLAIN-660,0.0,1,0.10105263157894737,1.0
rrf_dense_e5_base_v2_post,0.0,0.0,0.0,0.0,0.0,1.0,0.0,,,,,,,,1.0,,,,,,,,0.0,1.0,0.0,0.0,2.978125395965867,0.36885510247422193,7.877211207314711,100,nfcorpus,2.9953204454663256,0.022555112838745117,0.7582083940505981,96.38190557360649,1.0,90.32695647329092,0.6,PLAIN-660,0.0,1,0.10526315789473684,1.0
rrf_dense_e5_base_v2_pre,0.0,0.0,0.0,0.0,0.0,1.0,0.0,,,,,,,,,1.0,,,,,,,0.0,0.0,1.0,0.0,2.978125395965867,0.36885510247422193,7.877211207314711,100,nfcorpus,2.9953204454663256,0.022555112838745117,0.7582083940505981,96.32984967902303,1.0,90.32695647329092,0.6,PLAIN-660,0.0,1,0.10526315789473684,1.0
weighted_dense_e5_base_v2_post,0.0,0.0,0.0,0.0,0.0,0.0,1.0,,,,,,,,,,,,1.0,,,,0.0,1.0,0.0,0.0,2.978125395965867,0.36885510247422193,7.877211207314711,100,nfcorpus,2.9953204454663256,0.022555112838745117,0.7582083940505981,96.45700044110417,1.0,90.32695647329092,0.6,PLAIN-660,0.0,1,0.10526315789473684,1.0
weighted_dense_e5_base_v2_pre,0.0,0.0,0.0,0.0,0.0,0.0,1.0,,,,,,,,,,,,,1.0,,,0.0,0.0,1.0,0.0,2.978125395965867,0.36885510247422193,7.877211207314711,100,nfcorpus,2.9953204454663256,0.022555112838745117,0.7582083940505981,96.40001179650426,1.0,90.32695647329092,0.6,PLAIN-660,0.0,1,0.10526315789473684,1.0
rrf_pre,0.0,0.0,0.0,0.0,0.0,1.0,0.0,,,,,,,,,,,1.0,,,,,0.0,0.0,1.0,0.0,2.978125395965867,0.36885510247422193,7.877211207314711,100,nfcorpus,2.9953204454663256,0.022555112838745117,0.7582083940505981,94.73660308867693,1.0,90.32695647329092,0.6,PLAIN-660,0.0,1,0.12421052631578948,1.0
weighted_pre,0.0,0.0,0.0,0.0,0.0,0.0,1.0,,,,,,,,,,,,,,,1.0,0.0,0.0,1.0,0.0,2.978125395965867,0.36885510247422193,7.877211207314711,100,nfcorpus,2.9953204454663256,0.022555112838745117,0.7582083940505981,94.8059600777924,1.0,90.32695647329092,0.6,PLAIN-660,0.0,1,0.12421052631578948,1.0
rerank_depth_20,0.0,0.0,0.0,0.0,1.0,0.0,0.0,,,,,,,1.0,,,,,,,,,1.0,0.0,0.0,20.0,2.978125395965867,0.36885510247422193,7.877211207314711,25,nfcorpus,2.9953204454663256,0.022555112838745117,0.7582083940505981,99.18307718634605,1.0,90.32695647329092,0.6,PLAIN-660,0.0,1,0.04842105263157895,1.0
bm25_post,1.0,0.0,0.0,0.0,0.0,0.0,0.0,1.0,,,,,,,,,,,,,,,0.0,1.0,0.0,0.0,1.053541373987835,5.0939632901454335,11.73650317228989,3,nfcorpus,2.995257825656147,0.05487024784088135,0.72300124168396,1.5902687713503838,1.0,97.07610681653023,0.09523809523809523,PLAIN-671,0.0,1,1.0,1.0
dense_post,0.0,0.0,1.0,0.0,0.0,0.0,0.0,,,,,1.0,,,,,,,,,,,0.0,1.0,0.0,0.0,1.053541373987835,5.0939632901454335,11.73650317228989,100,nfcorpus,2.995257825656147,0.05487024784088135,0.72300124168396,91.67842482328415,1.0,97.07610681653023,0.09523809523809523,PLAIN-671,0.0,1,1.0,1.0
rrf_post,0.0,0.0,0.0,0.0,0.0,1.0,0.0,,,,,,,,,,1.0,,,,,,0.0,1.0,0.0,0.0,1.053541373987835,5.0939632901454335,11.73650317228989,100,nfcorpus,2.995257825656147,0.05487024784088135,0.72300124168396,93.27477225214243,1.0,97.07610681653023,0.09523809523809523,PLAIN-671,0.0,1,1.0,1.0
weighted_post,0.0,0.0,0.0,0.0,0.0,0.0,1.0,,,,,,,,,,,,,,1.0,,0.0,1.0,0.0,0.0,1.053541373987835,5.0939632901454335,11.73650317228989,100,nfcorpus,2.995257825656147,0.05487024784088135,0.72300124168396,93.35587182193994,1.0,97.07610681653023,0.09523809523809523,PLAIN-671,0.0,1,1.0,1.0
bm25_pre,1.0,0.0,0.0,0.0,0.0,0.0,0.0,,1.0,,,,,,,,,,,,,,0.0,0.0,1.0,0.0,1.053541373987835,5.0939632901454335,11.73650317228989,3,nfcorpus,2.995257825656147,0.05487024784088135,0.72300124168396,1.5402687713503838,1.0,97.07610681653023,0.09523809523809523,PLAIN-671,0.0,1,1.0,1.0
dense_pre,0.0,0.0,1.0,0.0,0.0,0.0,0.0,,,,,,1.0,,,,,,,,,,0.0,0.0,1.0,0.0,1.053541373987835,5.0939632901454335,11.73650317228989,100,nfcorpus,2.995257825656147,0.05487024784088135,0.72300124168396,91.62842482328415,1.0,97.07610681653023,0.09523809523809523,PLAIN-671,0.0,1,1.0,1.0
dense_e5_base_v2_post,0.0,0.0,1.0,0.0,0.0,0.0,0.0,,,1.0,,,,,,,,,,,,,0.0,1.0,0.0,0.0,1.053541373987835,5.0939632901454335,11.73650317228989,100,nfcorpus,2.995257825656147,0.05487024784088135,0.72300124168396,98.26400605142116,1.0,97.07610681653023,0.09523809523809523,PLAIN-671,0.0,1,1.0,1.0
dense_e5_base_v2_pre,0.0,0.0,1.0,0.0,0.0,0.0,0.0,,,,1.0,,,,,,,,,,,,0.0,0.0,1.0,0.0,1.053541373987835,5.0939632901454335,11.73650317228989,100,nfcorpus,2.995257825656147,0.05487024784088135,0.72300124168396,98.21400605142117,1.0,97.07610681653023,0.09523809523809523,PLAIN-671,0.0,1,1.0,1.0
rrf_dense_e5_base_v2_post,0.0,0.0,0.0,0.0,0.0,1.0,0.0,,,,,,,,1.0,,,,,,,,0.0,1.0,0.0,0.0,1.053541373987835,5.0939632901454335,11.73650317228989,100,nfcorpus,2.995257825656147,0.05487024784088135,0.72300124168396,99.85068076401949,1.0,97.07610681653023,0.09523809523809523,PLAIN-671,0.0,1,1.0,1.0
rrf_dense_e5_base_v2_pre,0.0,0.0,0.0,0.0,0.0,1.0,0.0,,,,,,,,,1.0,,,,,,,0.0,0.0,1.0,0.0,1.053541373987835,5.0939632901454335,11.73650317228989,100,nfcorpus,2.995257825656147,0.05487024784088135,0.72300124168396,99.79985561221838,1.0,97.07610681653023,0.09523809523809523,PLAIN-671,0.0,1,1.0,1.0
weighted_dense_e5_base_v2_post,0.0,0.0,0.0,0.0,0.0,0.0,1.0,,,,,,,,,,,,1.0,,,,0.0,1.0,0.0,0.0,1.053541373987835,5.0939632901454335,11.73650317228989,100,nfcorpus,2.995257825656147,0.05487024784088135,0.72300124168396,99.92877681851387,1.0,97.07610681653023,0.09523809523809523,PLAIN-671,0.0,1,1.0,1.0
weighted_dense_e5_base_v2_pre,0.0,0.0,0.0,0.0,0.0,0.0,1.0,,,,,,,,,,,,,1.0,,,0.0,0.0,1.0,0.0,1.053541373987835,5.0939632901454335,11.73650317228989,100,nfcorpus,2.995257825656147,0.05487024784088135,0.72300124168396,99.87802989780903,1.0,97.07610681653023,0.09523809523809523,PLAIN-671,0.0,1,1.0,1.0
rrf_pre,0.0,0.0,0.0,0.0,0.0,1.0,0.0,,,,,,,,,,,1.0,,,,,0.0,0.0,1.0,0.0,1.053541373987835,5.0939632901454335,11.73650317228989,100,nfcorpus,2.995257825656147,0.05487024784088135,0.72300124168396,93.2142436504364,1.0,97.07610681653023,0.09523809523809523,PLAIN-671,0.0,1,1.0,1.0
weighted_pre,0.0,0.0,0.0,0.0,0.0,0.0,1.0,,,,,,,,,,,,,,,1.0,0.0,0.0,1.0,0.0,1.053541373987835,5.0939632901454335,11.73650317228989,100,nfcorpus,2.995257825656147,0.05487024784088135,0.72300124168396,93.29060465097427,1.0,97.07610681653023,0.09523809523809523,PLAIN-671,0.0,1,1.0,1.0
rerank_depth_20,0.0,0.0,0.0,0.0,1.0,0.0,0.0,,,,,,,1.0,,,,,,,,,1.0,0.0,0.0,20.0,1.053541373987835,5.0939632901454335,11.73650317228989,21,nfcorpus,2.995257825656147,0.05487024784088135,0.72300124168396,96.94869359463453,1.0,97.07610681653023,0.09523809523809523,PLAIN-671,0.0,1,1.0,1.0
bm25_post,1.0,0.0,0.0,0.0,0.0,0.0,0.0,1.0,,,,,,,,,,,,,,,0.0,1.0,0.0,0.0,2.9497720792278193,5.17496147910558,13.328029475820042,41,nfcorpus,2.994764314708513,0.04845672845840454,0.7366682291030884,2.0969320006668566,1.0,83.74177198857069,0.25,PLAIN-681,0.0,2,1.0,1.0
dense_post,0.0,0.0,1.0,0.0,0.0,0.0,0.0,,,,,1.0,,,,,,,,,,,0.0,1.0,0.0,0.0,2.9497720792278193,5.17496147910558,13.328029475820042,100,nfcorpus,2.994764314708513,0.04845672845840454,0.7366682291030884,108.92115122750401,1.0,83.74177198857069,0.25,PLAIN-681,0.0,2,1.0,1.0
rrf_post,0.0,0.0,0.0,0.0,0.0,1.0,0.0,,,,,,,,,,1.0,,,,,,0.0,1.0,0.0,0.0,2.9497720792278193,5.17496147910558,13.328029475820042,100,nfcorpus,2.994764314708513,0.04845672845840454,0.7366682291030884,111.04146911874413,1.0,83.74177198857069,0.25,PLAIN-681,0.0,2,1.0,1.0
weighted_post,0.0,0.0,0.0,0.0,0.0,0.0,1.0,,,,,,,,,,,,,,1.0,,0.0,1.0,0.0,0.0,2.9497720792278193,5.17496147910558,13.328029475820042,100,nfcorpus,2.994764314708513,0.04845672845840454,0.7366682291030884,111.1367322422564,1.0,83.74177198857069,0.25,PLAIN-681,0.0,2,1.0,1.0
bm25_pre,1.0,0.0,0.0,0.0,0.0,0.0,0.0,,1.0,,,,,,,,,,,,,,0.0,0.0,1.0,0.0,2.9497720792278193,5.17496147910558,13.328029475820042,41,nfcorpus,2.994764314708513,0.04845672845840454,0.7366682291030884,2.0469320006668568,1.0,83.74177198857069,0.25,PLAIN-681,0.0,2,1.0,1.0
dense_pre,0.0,0.0,1.0,0.0,0.0,0.0,0.0,,,,,,1.0,,,,,,,,,,0.0,0.0,1.0,0.0,2.9497720792278193,5.17496147910558,13.328029475820042,100,nfcorpus,2.994764314708513,0.04845672845840454,0.7366682291030884,108.87115122750401,1.0,83.74177198857069,0.25,PLAIN-681,0.0,2,1.0,1.0
dense_e5_base_v2_post,0.0,0.0,1.0,0.0,0.0,0.0,0.0,,,1.0,,,,,,,,,,,,,0.0,1.0,0.0,0.0,2.9497720792278193,5.17496147910558,13.328029475820042,100,nfcorpus,2.994764314708513,0.04845672845840454,0.7366682291030884,85.17127213180065,1.0,83.74177198857069,0.25,PLAIN-681,0.0,2,1.0,1.0
dense_e5_base_v2_pre,0.0,0.0,1.0,0.0,0.0,0.0,0.0,,,,1.0,,,,,,,,,,,,0.0,0.0,1.0,0.0,2.9497720792278193,5.17496147910558,13.328029475820042,100,nfcorpus,2.994764314708513,0.04845672845840454,0.7366682291030884,85.12127213180065,1.0,83.74177198857069,0.25,PLAIN-681,0.0,2,1.0,1.0
rrf_dense_e5_base_v2_post,0.0,0.0,0.0,0.0,0.0,1.0,0.0,,,,,,,,1.0,,,,,,,,0.0,1.0,0.0,0.0,2.9497720792278193,5.17496147910558,13.328029475820042,100,nfcorpus,2.994764314708513,0.04845672845840454,0.7366682291030884,87.28117178305983,1.0,83.74177198857069,0.25,PLAIN-681,0.0,2,1.0,1.0
rrf_dense_e5_base_v2_pre,0.0,0.0,0.0,0.0,0.0,1.0,0.0,,,,,,,,,1.0,,,,,,,0.0,0.0,1.0,0.0,2.9497720792278193,5.17496147910558,13.328029475820042,100,nfcorpus,2.994764314708513,0.04845672845840454,0.7366682291030884,87.22734870389104,1.0,83.74177198857069,0.25,PLAIN-681,0.0,2,1.0,1.0
weighted_dense_e5_base_v2_post,0.0,0.0,0.0,0.0,0.0,0.0,1.0,,,,,,,,,,,,1.0,,,,0.0,1.0,0.0,0.0,2.9497720792278193,5.17496147910558,13.328029475820042,100,nfcorpus,2.994764314708513,0.04845672845840454,0.7366682291030884,87.37482325285673,1.0,83.74177198857069,0.25,PLAIN-681,0.0,2,1.0,1.0
weighted_dense_e5_base_v2_pre,0.0,0.0,0.0,0.0,0.0,0.0,1.0,,,,,,,,,,,,,1.0,,,0.0,0.0,1.0,0.0,2.9497720792278193,5.17496147910558,13.328029475820042,100,nfcorpus,2.994764314708513,0.04845672845840454,0.7366682291030884,87.30689203366637,1.0,83.74177198857069,0.25,PLAIN-681,0.0,2,1.0,1.0
rrf_pre,0.0,0.0,0.0,0.0,0.0,1.0,0.0,,,,,,,,,,,1.0,,,,,0.0,0.0,1.0,0.0,2.9497720792278193,5.17496147910558,13.328029475820042,100,nfcorpus,2.994764314708513,0.04845672845840454,0.7366682291030884,111.00333509966731,1.0,83.74177198857069,0.25,PLAIN-681,0.0,2,1.0,1.0
weighted_pre,0.0,0.0,0.0,0.0,0.0,0.0,1.0,,,,,,,,,,,,,,,1.0,0.0,0.0,1.0,0.0,2.9497720792278193,5.17496147910558,13.328029475820042,100,nfcorpus,2.994764314708513,0.04845672845840454,0.7366682291030884,111.07325833290815,1.0,83.74177198857069,0.25,PLAIN-681,0.0,2,1.0,1.0
rerank_depth_20,0.0,0.0,0.0,0.0,1.0,0.0,0.0,,,,,,,1.0,,,,,,,,,1.0,0.0,0.0,20.0,2.9497720792278193,5.17496147910558,13.328029475820042,32,nfcorpus,2.994764314708513,0.04845672845840454,0.7366682291030884,116.67808322817088,1.0,83.74177198857069,0.25,PLAIN-681,0.0,2,1.0,1.0
bm25_post,1.0,0.0,0.0,0.0,0.0,0.0,0.0,1.0,,,,,,,,,,,,,,,0.0,1.0,0.0,0.0,2.9905433154333485,0.3913423956385911,7.207595666769603,49,nfcorpus,2.995097541435832,0.01290440559387207,0.8001891374588013,1.4311318203806878,0.0,78.27465515583754,0.48148148148148145,PLAIN-691,0.0,1,0.047619047619047616,1.0
dense_post,0.0,0.0,1.0,0.0,0.0,0.0,0.0,,,,,1.0,,,,,,,,,,,0.0,1.0,0.0,0.0,2.9905433154333485,0.3913423956385911,7.207595666769603,100,nfcorpus,2.995097541435832,0.01290440559387207,0.8001891374588013,118.75118789374828,0.0,78.27465515583754,0.48148148148148145,PLAIN-691,0.0,1,0.14285714285714285,1.0
rrf_post,0.0,0.0,0.0,0.0,0.0,1.0,0.0,,,,,,,,,,1.0,,,,,,0.0,1.0,0.0,0.0,2.9905433154333485,0.3913423956385911,7.207595666769603,100,nfcorpus,2.995097541435832,0.01290440559387207,0.8001891374588013,120.20454843640327,0.0,78.27465515583754,0.48148148148148145,PLAIN-691,0.0,1,0.09523809523809523,1.0
weighted_post,0.0,0.0,0.0,0.0,0.0,0.0,1.0,,,,,,,,,,,,,,1.0,,0.0,1.0,0.0,0.0,2.9905433154333485,0.3913423956385911,7.207595666769603,100,nfcorpus,2.995097541435832,0.01290440559387207,0.8001891374588013,120.30181530043482,0.0,78.27465515583754,0.48148148148148145,PLAIN-691,0.0,1,0.09523809523809523,1.0
bm25_pre,1.0,0.0,0.0,0.0,0.0,0.0,0.0,,1.0,,,,,,,,,,,,,,0.0,0.0,1.0,0.0,2.9905433154333485,0.3913423956385911,7.207595666769603,49,nfcorpus,2.995097541435832,0.01290440559387207,0.8001891374588013,1.3811318203806877,0.0,78.27465515583754,0.48148148148148145,PLAIN-691,0.0,1,0.047619047619047616,1.0
dense_pre,0.0,0.0,1.0,0.0,0.0,0.0,0.0,,,,,,1.0,,,,,,,,,,0.0,0.0,1.0,0.0,2.9905433154333485,0.3913423956385911,7.207595666769603,100,nfcorpus,2.995097541435832,0.01290440559387207,0.8001891374588013,118.70118789374828,0.0,78.27465515583754,0.48148148148148145,PLAIN-691,0.0,1,0.14285714285714285,1.0
dense_e5_base_v2_post,0.0,0.0,1.0,0.0,0.0,0.0,0.0,,,1.0,,,,,,,,,,,,,0.0,1.0,0.0,0.0,2.9905433154333485,0.3913423956385911,7.207595666769603,100,nfcorpus,2.995097541435832,0.01290440559387207,0.8001891374588013,68.49532582908869,0.0,78.27465515583754,0.48148148148148145,PLAIN-691,0.0,1,0.047619047619047616,1.0
dense_e5_base_v2_pre,0.0,0.0,1.0,0.0,0.0,0.0,0.0,,,,1.0,,,,,,,,,,,,0.0,0.0,1.0,0.0,2.9905433154333485,0.3913423956385911,7.207595666769603,100,nfcorpus,2.995097541435832,0.01290440559387207,0.8001891374588013,68.44532582908869,0.0,78.27465515583754,0.48148148148148145,PLAIN-691,0.0,1,0.047619047619047616,1.0
rrf_dense_e5_base_v2_post,0.0,0.0,0.0,0.0,0.0,1.0,0.0,,,,,,,,1.0,,,,,,,,0.0,1.0,0.0,0.0,2.9905433154333485,0.3913423956385911,7.207595666769603,100,nfcorpus,2.995097541435832,0.01290440559387207,0.8001891374588013,86.44471651986241,0.0,78.27465515583754,0.48148148148148145,PLAIN-691,0.0,1,0.09523809523809523,1.0
rrf_dense_e5_base_v2_pre,0.0,0.0,0.0,0.0,0.0,1.0,0.0,,,,,,,,,1.0,,,,,,,0.0,0.0,1.0,0.0,2.9905433154333485,0.3913423956385911,7.207595666769603,100,nfcorpus,2.995097541435832,0.01290440559387207,0.8001891374588013,69.88961435854435,0.0,78.27465515583754,0.48148148148148145,PLAIN-691,0.0,1,0.09523809523809523,1.0
weighted_dense_e5_base_v2_post,0.0,0.0,0.0,0.0,0.0,0.0,1.0,,,,,,,,,,,,1.0,,,,0.0,1.0,0.0,0.0,2.9905433154333485,0.3913423956385911,7.207595666769603,100,nfcorpus,2.995097541435832,0.01290440559387207,0.8001891374588013,70.03051842674613,0.0,78.27465515583754,0.48148148148148145,PLAIN-691,0.0,1,0.09523809523809523,1.0
weighted_dense_e5_base_v2_pre,0.0,0.0,0.0,0.0,0.0,0.0,1.0,,,,,,,,,,,,,1.0,,,0.0,0.0,1.0,0.0,2.9905433154333485,0.3913423956385911,7.207595666769603,100,nfcorpus,2.995097541435832,0.01290440559387207,0.8001891374588013,69.96664870530367,0.0,78.27465515583754,0.48148148148148145,PLAIN-691,0.0,1,0.09523809523809523,1.0
rrf_pre,0.0,0.0,0.0,0.0,0.0,1.0,0.0,,,,,,,,,,,1.0,,,,,0.0,0.0,1.0,0.0,2.9905433154333485,0.3913423956385911,7.207595666769603,100,nfcorpus,2.995097541435832,0.01290440559387207,0.8001891374588013,120.14248967170715,0.0,78.27465515583754,0.48148148148148145,PLAIN-691,0.0,1,0.09523809523809523,1.0
weighted_pre,0.0,0.0,0.0,0.0,0.0,0.0,1.0,,,,,,,,,,,,,,,1.0,0.0,0.0,1.0,0.0,2.9905433154333485,0.3913423956385911,7.207595666769603,100,nfcorpus,2.995097541435832,0.01290440559387207,0.8001891374588013,120.22254476323724,0.0,78.27465515583754,0.48148148148148145,PLAIN-691,0.0,1,0.09523809523809523,1.0
rerank_depth_20,0.0,0.0,0.0,0.0,1.0,0.0,0.0,,,,,,,1.0,,,,,,,,,1.0,0.0,0.0,20.0,2.9905433154333485,0.3913423956385911,7.207595666769603,27,nfcorpus,2.995097541435832,0.01290440559387207,0.8001891374588013,124.94231971412897,0.0,78.27465515583754,0.48148148148148145,PLAIN-691,0.0,1,0.047619047619047616,1.0
bm25_post,1.0,0.0,0.0,0.0,0.0,0.0,0.0,1.0,,,,,,,,,,,,,,,0.0,1.0,0.0,0.0,2.9189061362197246,4.371125329966313,17.256982910591745,50,nfcorpus,2.9937153282783453,0.03186464309692383,0.7397875785827637,2.1634843118488787,0.3794140541514857,66.43146835267544,0.25,PLAIN-701,0.0,2,0.5,1.0
dense_post,0.0,0.0,1.0,0.0,0.0,0.0,0.0,,,,,1.0,,,,,,,,,,,0.0,1.0,0.0,0.0,2.9189061362197246,4.371125329966313,17.256982910591745,100,nfcorpus,2.9937153282783453,0.03186464309692383,0.7397875785827637,94.70200686827302,0.6193198671454698,66.43146835267544,0.25,PLAIN-701,0.0,2,0.625,1.0
rrf_post,0.0,0.0,0.0,0.0,0.0,1.0,0.0,,,,,,,,,,1.0,,,,,,0.0,1.0,0.0,0.0,2.9189061362197246,4.371125329966313,17.256982910591745,100,nfcorpus,2.9937153282783453,0.03186464309692383,0.7397875785827637,96.89098279103636,0.5699628525923492,66.43146835267544,0.25,PLAIN-701,0.0,2,0.625,1.0
weighted_post,0.0,0.0,0.0,0.0,0.0,0.0,1.0,,,,,,,,,,,,,,1.0,,0.0,1.0,0.0,0.0,2.9189061362197246,4.371125329966313,17.256982910591745,100,nfcorpus,2.9937153282783453,0.03186464309692383,0.7397875785827637,96.97357201129198,0.586946022800807,66.43146835267544,0.25,PLAIN-701,0.0,2,0.625,1.0
bm25_pre,1.0,0.0,0.0,0.0,0.0,0.0,0.0,,1.0,,,,,,,,,,,,,,0.0,0.0,1.0,0.0,2.9189061362197246,4.371125329966313,17.256982910591745,50,nfcorpus,2.9937153282783453,0.03186464309692383,0.7397875785827637,2.113484311848879,0.3794140541514857,66.43146835267544,0.25,PLAIN-701,0.0,2,0.5,1.0
dense_pre,0.0,0.0,1.0,0.0,0.0,0.0,0.0,,,,,,1.0,,,,,,,,,,0.0,0.0,1.0,0.0,2.9189061362197246,4.371125329966313,17.256982910591745,100,nfcorpus,2.9937153282783453,0.03186464309692383,0.7397875785827637,94.65200686827302,0.6193198671454698,66.43146835267544,0.25,PLAIN-701,0.0,2,0.625,1.0
dense_e5_base_v2_post,0.0,0.0,1.0,0.0,0.0,0.0,0.0,,,1.0,,,,,,,,,,,,,0.0,1.0,0.0,0.0,2.9189061362197246,4.371125329966313,17.256982910591745,100,nfcorpus,2.9937153282783453,0.03186464309692383,0.7397875785827637,96.50318007096648,0.5390031312763821,66.43146835267544,0.25,PLAIN-701,0.0,2,0.625,1.0
dense_e5_base_v2_pre,0.0,0.0,1.0,0.0,0.0,0.0,0.0,,,,1.0,,,,,,,,,,,,0.0,0.0,1.0,0.0,2.9189061362197246,4.371125329966313,17.256982910591745,100,nfcorpus,2.9937153282783453,0.03186464309692383,0.7397875785827637,96.45318007096648,0.5390031312763821,66.43146835267544,0.25,PLAIN-701,0.0,2,0.625,1.0
rrf_dense_e5_base_v2_post,0.0,0.0,0.0,0.0,0.0,1.0,0.0,,,,,,,,1.0,,,,,,,,0.0,1.0,0.0,0.0,2.9189061362197246,4.371125329966313,17.256982910591745,100,nfcorpus,2.9937153282783453,0.03186464309692383,0.7397875785827637,98.68038221374154,0.5026317885449212,66.43146835267544,0.25,PLAIN-701,0.0,2,0.5,1.0
rrf_dense_e5_base_v2_pre,0.0,0.0,0.0,0.0,0.0,1.0,0.0,,,,,,,,,1.0,,,,,,,0.0,0.0,1.0,0.0,2.9189061362197246,4.371125329966313,17.256982910591745,100,nfcorpus,2.9937153282783453,0.03186464309692383,0.7397875785827637,98.62779313698411,0.5026317885449212,66.43146835267544,0.25,PLAIN-701,0.0,2,0.5,1.0
weighted_dense_e5_base_v2_post,0.0,0.0,0.0,0.0,0.0,0.0,1.0,,,,,,,,,,,,1.0,,,,0.0,1.0,0.0,0.0,2.9189061362197246,4.371125329966313,17.256982910591745,100,nfcorpus,2.9937153282783453,0.03186464309692383,0.7397875785827637,98.77435126453638,0.510383374527714,66.43146835267544,0.25,PLAIN-701,0.0,2,0.5,1.0
weighted_dense_e5_base_v2_pre,0.0,0.0,0.0,0.0,0.0,0.0,1.0,,,,,,,,,,,,,1.0,,,0.0,0.0,1.0,0.0,2.9189061362197246,4.371125329966313,17.256982910591745,100,nfcorpus,2.9937153282783453,0.03186464309692383,0.7397875785827637,98.71326200664043,0.510383374527714,66.43146835267544,0.25,PLAIN-701,0.0,2,0.5,1.0
rrf_pre,0.0,0.0,0.0,0.0,0.0,1.0,0.0,,,,,,,,,,,1.0,,,,,0.0,0.0,1.0,0.0,2.9189061362197246,4.371125329966313,17.256982910591745,100,nfcorpus,2.9937153282783453,0.03186464309692383,0.7397875785827637,96.8285221606493,0.5699628525923492,66.43146835267544,0.25,PLAIN-701,0.0,2,0.625,1.0
weighted_pre,0.0,0.0,0.0,0.0,0.0,0.0,1.0,,,,,,,,,,,,,,,1.0,0.0,0.0,1.0,0.0,2.9189061362197246,4.371125329966313,17.256982910591745,100,nfcorpus,2.9937153282783453,0.03186464309692383,0.7397875785827637,96.92321717739105,0.586946022800807,66.43146835267544,0.25,PLAIN-701,0.0,2,0.625,1.0
rerank_depth_20,0.0,0.0,0.0,0.0,1.0,0.0,0.0,,,,,,,1.0,,,,,,,,,1.0,0.0,0.0,20.0,2.9189061362197246,4.371125329966313,17.256982910591745,32,nfcorpus,2.9937153282783453,0.03186464309692383,0.7397875785827637,102.5254911801219,0.586946022800807,66.43146835267544,0.25,PLAIN-701,0.0,2,0.5,1.0
bm25_post,1.0,0.0,0.0,0.0,0.0,0.0,0.0,1.0,,,,,,,,,,,,,,,0.0,1.0,0.0,0.0,2.9596895041302935,5.571947429373584,9.55142886558084,100,nfcorpus,2.9954643525923323,0.009993016719818115,0.7009514570236206,1.8747580155730248,0.22009176629808017,84.95658077299595,0.1111111111111111,PLAIN-711,0.0,2,0.12280701754385964,1.0
dense_post,0.0,0.0,1.0,0.0,0.0,0.0,0.0,,,,,1.0,,,,,,,,,,,0.0,1.0,0.0,0.0,2.9596895041302935,5.571947429373584,9.55142886558084,100,nfcorpus,2.9954643525923323,0.009993016719818115,0.7009514570236206,90.65420794412493,0.5957616317188125,84.95658077299595,0.1111111111111111,PLAIN-711,0.0,2,0.22807017543859648,1.0
rrf_post,0.0,0.0,0.0,0.0,0.0,1.0,0.0,,,,,,,,,,1.0,,,,,,0.0,1.0,0.0,0.0,2.9596895041302935,5.571947429373584,9.55142886558084,100,nfcorpus,2.9954643525923323,0.009993016719818115,0.7009514570236206,92.57850292250514,0.22009176629808017,84.95658077299595,0.1111111111111111,PLAIN-711,0.0,2,0.19298245614035087,1.0
weighted_post,0.0,0.0,0.0,0.0,0.0,0.0,1.0,,,,,,,,,,,,,,1.0,,0.0,1.0,0.0,0.0,2.9596895041302935,5.571947429373584,9.55142886558084,100,nfcorpus,2.9954643525923323,0.009993016719818115,0.7009514570236206,92.6806378096342,0.5103515512676446,84.95658077299595,0.1111111111111111,PLAIN-711,0.0,2,0.21052631578947367,1.0
bm25_pre,1.0,0.0,0.0,0.0,0.0,0.0,0.0,,1.0,,,,,,,,,,,,,,0.0,0.0,1.0,0.0,2.9596895041302935,5.571947429373584,9.55142886558084,100,nfcorpus,2.9954643525923323,0.009993016719818115,0.7009514570236206,1.8247580155730247,0.22009176629808017,84.95658077299595,0.1111111111111111,PLAIN-711,0.0,2,0.12280701754385964,1.0
dense_pre,0.0,0.0,1.0,0.0,0.0,0.0,0.0,,,,,,1.0,,,,,,,,,,0.0,0.0,1.0,0.0,2.9596895041302935,5.571947429373584,9.55142886558084,100,nfcorpus,2.9954643525923323,0.009993016719818115,0.7009514570236206,90.60420794412494,0.5957616317188125,84.95658077299595,0.1111111111111111,PLAIN-711,0.0,2,0.22807017543859648,1.0
dense_e5_base_v2_post,0.0,0.0,1.0,0.0,0.0,0.0,0.0,,,1.0,,,,,,,,,,,,,0.0,1.0,0.0,0.0,2.9596895041302935,5.571947429373584,9.55142886558084,100,nfcorpus,2.9954643525923323,0.009993016719818115,0.7009514570236206,104.37593803852796,0.49435723575344825,84.95658077299595,0.1111111111111111,PLAIN-711,0.0,2,0.19298245614035087,1.0
dense_e5_base_v2_pre,0.0,0.0,1.0,0.0,0.0,0.0,0.0,,,,1.0,,,,,,,,,,,,0.0,0.0,1.0,0.0,2.9596895041302935,5.571947429373584,9.55142886558084,100,nfcorpus,2.9954643525923323,0.009993016719818115,0.7009514570236206,104.32593803852797,0.49435723575344825,84.95658077299595,0.1111111111111111,PLAIN-711,0.0,2,0.19298245614035087,1.0
rrf_dense_e5_base_v2_post,0.0,0.0,0.0,0.0,0.0,1.0,0.0,,,,,,,,1.0,,,,,,,,0.0,1.0,0.0,0.0,2.9596895041302935,5.571947429373584,9.55142886558084,100,nfcorpus,2.9954643525923323,0.009993016719818115,0.7009514570236206,106.28743617907166,0.40002324830925196,84.95658077299595,0.1111111111111111,PLAIN-711,0.0,2,0.15789473684210525,1.0
rrf_dense_e5_base_v2_pre,0.0,0.0,0.0,0.0,0.0,1.0,0.0,,,,,,,,,1.0,,,,,,,0.0,0.0,1.0,0.0,2.9596895041302935,5.571947429373584,9.55142886558084,100,nfcorpus,2.9954643525923323,0.009993016719818115,0.7009514570236206,106.23303800821304,0.40002324830925196,84.95658077299595,0.1111111111111111,PLAIN-711,0.0,2,0.15789473684210525,1.0
weighted_dense_e5_base_v2_post,0.0,0.0,0.0,0.0,0.0,0.0,1.0,,,,,,,,,,,,1.0,,,,0.0,1.0,0.0,0.0,2.9596895041302935,5.571947429373584,9.55142886558084,100,nfcorpus,2.9954643525923323,0.009993016719818115,0.7009514570236206,106.39176107123494,0.5388856921828065,84.95658077299595,0.1111111111111111,PLAIN-711,0.0,2,0.17543859649122806,1.0
weighted_dense_e5_base_v2_pre,0.0,0.0,0.0,0.0,0.0,0.0,1.0,,,,,,,,,,,,,1.0,,,0.0,0.0,1.0,0.0,2.9596895041302935,5.571947429373584,9.55142886558084,100,nfcorpus,2.9954643525923323,0.009993016719818115,0.7009514570236206,106.34129401296377,0.5388856921828065,84.95658077299595,0.1111111111111111,PLAIN-711,0.0,2,0.17543859649122806,1.0
rrf_pre,0.0,0.0,0.0,0.0,0.0,1.0,0.0,,,,,,,,,,,1.0,,,,,0.0,0.0,1.0,0.0,2.9596895041302935,5.571947429373584,9.55142886558084,100,nfcorpus,2.9954643525923323,0.009993016719818115,0.7009514570236206,92.51358127221465,0.22009176629808017,84.95658077299595,0.1111111111111111,PLAIN-711,0.0,2,0.19298245614035087,1.0
weighted_pre,0.0,0.0,0.0,0.0,0.0,0.0,1.0,,,,,,,,,,,,,,,1.0,0.0,0.0,1.0,0.0,2.9596895041302935,5.571947429373584,9.55142886558084,100,nfcorpus,2.9954643525923323,0.009993016719818115,0.7009514570236206,92.62333577498794,0.5103515512676446,84.95658077299595,0.1111111111111111,PLAIN-711,0.0,2,0.21052631578947367,1.0
rerank_depth_20,0.0,0.0,0.0,0.0,1.0,0.0,0.0,,,,,,,1.0,,,,,,,,,1.0,0.0,0.0,20.0,2.9596895041302935,5.571947429373584,9.55142886558084,36,nfcorpus,2.9954643525923323,0.009993016719818115,0.7009514570236206,98.90896595969797,0.43231813227099475,84.95658077299595,0.1111111111111111,PLAIN-711,0.0,2,0.12280701754385964,1.0
bm25_post,1.0,0.0,0.0,0.0,0.0,0.0,0.0,1.0,,,,,,,,,,,,,,,0.0,1.0,0.0,0.0,2.881190424312778,0.23102881523027818,9.393794322193207,18,nfcorpus,2.9942107724844265,0.00045228004455566406,0.7064571380615234,1.403174913674593,1.0,84.07729398459196,0.6521739130434783,PLAIN-721,0.0,1,0.72,1.0
dense_post,0.0,0.0,1.0,0.0,0.0,0.0,0.0,,,,,1.0,,,,,,,,,,,0.0,1.0,0.0,0.0,2.881190424312778,0.23102881523027818,9.393794322193207,100,nfcorpus,2.9942107724844265,0.00045228004455566406,0.7064571380615234,86.14307883307337,1.0,84.07729398459196,0.6521739130434783,PLAIN-721,0.0,1,0.72,1.0
rrf_post,0.0,0.0,0.0,0.0,0.0,1.0,0.0,,,,,,,,,,1.0,,,,,,0.0,1.0,0.0,0.0,2.881190424312778,0.23102881523027818,9.393794322193207,100,nfcorpus,2.9942107724844265,0.00045228004455566406,0.7064571380615234,87.55655082985758,1.0,84.07729398459196,0.6521739130434783,PLAIN-721,0.0,1,0.76,1.0
weighted_post,0.0,0.0,0.0,0.0,0.0,0.0,1.0,,,,,,,,,,,,,,1.0,,0.0,1.0,0.0,0.0,2.881190424312778,0.23102881523027818,9.393794322193207,100,nfcorpus,2.9942107724844265,0.00045228004455566406,0.7064571380615234,87.63153254166245,1.0,84.07729398459196,0.6521739130434783,PLAIN-721,0.0,1,0.76,1.0
bm25_pre,1.0,0.0,0.0,0.0,0.0,0.0,0.0,,1.0,,,,,,,,,,,,,,0.0,0.0,1.0,0.0,2.881190424312778,0.23102881523027818,9.393794322193207,18,nfcorpus,2.9942107724844265,0.00045228004455566406,0.7064571380615234,1.353174913674593,1.0,84.07729398459196,0.6521739130434783,PLAIN-721,0.0,1,0.72,1.0
dense_pre,0.0,0.0,1.0,0.0,0.0,0.0,0.0,,,,,,1.0,,,,,,,,,,0.0,0.0,1.0,0.0,2.881190424312778,0.23102881523027818,9.393794322193207,100,nfcorpus,2.9942107724844265,0.00045228004455566406,0.7064571380615234,86.09307883307338,1.0,84.07729398459196,0.6521739130434783,PLAIN-721,0.0,1,0.72,1.0
dense_e5_base_v2_post,0.0,0.0,1.0,0.0,0.0,0.0,0.0,,,1.0,,,,,,,,,,,,,0.0,1.0,0.0,0.0,2.881190424312778,0.23102881523027818,9.393794322193207,100,nfcorpus,2.9942107724844265,0.00045228004455566406,0.7064571380615234,104.98305278941989,1.0,84.07729398459196,0.6521739130434783,PLAIN-721,0.0,1,0.72,1.0
dense_e5_base_v2_pre,0.0,0.0,1.0,0.0,0.0,0.0,0.0,,,,1.0,,,,,,,,,,,,0.0,0.0,1.0,0.0,2.881190424312778,0.23102881523027818,9.393794322193207,100,nfcorpus,2.9942107724844265,0.00045228004455566406,0.7064571380615234,104.93305278941989,1.0,84.07729398459196,0.6521739130434783,PLAIN-721,0.0,1,0.72,1.0
rrf_dense_e5_base_v2_post,0.0,0.0,0.0,0.0,0.0,1.0,0.0,,,,,,,,1.0,,,,,,,,0.0,1.0,0.0,0.0,2.881190424312778,0.23102881523027818,9.393794322193207,100,nfcorpus,2.9942107724844265,0.00045228004455566406,0.7064571380615234,106.38584903553128,1.0,84.07729398459196,0.6521739130434783,PLAIN-721,0.0,1,0.72,1.0
rrf_dense_e5_base_v2_pre,0.0,0.0,0.0,0.0,0.0,1.0,0.0,,,,,,,,,1.0,,,,,,,0.0,0.0,1.0,0.0,2.881190424312778,0.23102881523027818,9.393794322193207,100,nfcorpus,2.9942107724844265,0.00045228004455566406,0.7064571380615234,106.33380757644773,1.0,84.07729398459196,0.6521739130434783,PLAIN-721,0.0,1,0.72,1.0
weighted_dense_e5_base_v2_post,0.0,0.0,0.0,0.0,0.0,0.0,1.0,,,,,,,,,,,,1.0,,,,0.0,1.0,0.0,0.0,2.881190424312778,0.23102881523027818,9.393794322193207,100,nfcorpus,2.9942107724844265,0.00045228004455566406,0.7064571380615234,106.45467377379536,1.0,84.07729398459196,0.6521739130434783,PLAIN-721,0.0,1,0.72,1.0
weighted_dense_e5_base_v2_pre,0.0,0.0,0.0,0.0,0.0,0.0,1.0,,,,,,,,,,,,,1.0,,,0.0,0.0,1.0,0.0,2.881190424312778,0.23102881523027818,9.393794322193207,100,nfcorpus,2.9942107724844265,0.00045228004455566406,0.7064571380615234,106.39694146811962,1.0,84.07729398459196,0.6521739130434783,PLAIN-721,0.0,1,0.72,1.0
rrf_pre,0.0,0.0,0.0,0.0,0.0,1.0,0.0,,,,,,,,,,,1.0,,,,,0.0,0.0,1.0,0.0,2.881190424312778,0.23102881523027818,9.393794322193207,100,nfcorpus,2.9942107724844265,0.00045228004455566406,0.7064571380615234,87.49416191130877,1.0,84.07729398459196,0.6521739130434783,PLAIN-721,0.0,1,0.76,1.0
weighted_pre,0.0,0.0,0.0,0.0,0.0,0.0,1.0,,,,,,,,,,,,,,,1.0,0.0,0.0,1.0,0.0,2.881190424312778,0.23102881523027818,9.393794322193207,100,nfcorpus,2.9942107724844265,0.00045228004455566406,0.7064571380615234,87.56061270833015,1.0,84.07729398459196,0.6521739130434783,PLAIN-721,0.0,1,0.76,1.0
rerank_depth_20,0.0,0.0,0.0,0.0,1.0,0.0,0.0,,,,,,,1.0,,,,,,,,,1.0,0.0,0.0,20.0,2.881190424312778,0.23102881523027818,9.393794322193207,23,nfcorpus,2.9942107724844265,0.00045228004455566406,0.7064571380615234,91.58625374674797,1.0,84.07729398459196,0.6521739130434783,PLAIN-721,0.0,1,0.72,1.0
bm25_post,1.0,0.0,0.0,0.0,0.0,0.0,0.0,1.0,,,,,,,,,,,,,,,0.0,1.0,0.0,0.0,2.964059105180207,0.8249784731487786,12.501113541467227,55,nfcorpus,2.994939768230425,0.005218863487243652,0.7200088500976562,2.089412036538124,0.9305687780632227,83.24665436521173,0.42857142857142855,PLAIN-731,0.0,2,0.4444444444444444,1.0
dense_post,0.0,0.0,1.0,0.0,0.0,0.0,0.0,,,,,1.0,,,,,,,,,,,0.0,1.0,0.0,0.0,2.964059105180207,0.8249784731487786,12.501113541467227,100,nfcorpus,2.994939768230425,0.005218863487243652,0.7200088500976562,89.13777916803956,0.8553475075669356,83.24665436521173,0.42857142857142855,PLAIN-731,0.0,2,0.42592592592592593,1.0
rrf_post,0.0,0.0,0.0,0.0,0.0,1.0,0.0,,,,,,,,,,1.0,,,,,,0.0,1.0,0.0,0.0,2.964059105180207,0.8249784731487786,12.501113541467227,100,nfcorpus,2.994939768230425,0.005218863487243652,0.7200088500976562,91.25053146034479,0.933745776545611,83.24665436521173,0.42857142857142855,PLAIN-731,0.0,2,0.46296296296296297,1.0
weighted_post,0.0,0.0,0.0,0.0,0.0,0.0,1.0,,,,,,,,,,,,,,1.0,,0.0,1.0,0.0,0.0,2.964059105180207,0.8249784731487786,12.501113541467227,100,nfcorpus,2.994939768230425,0.005218863487243652,0.7200088500976562,91.33456749022007,0.9305687780632227,83.24665436521173,0.42857142857142855,PLAIN-731,0.0,2,0.46296296296296297,1.0
bm25_pre,1.0,0.0,0.0,0.0,0.0,0.0,0.0,,1.0,,,,,,,,,,,,,,0.0,0.0,1.0,0.0,2.964059105180207,0.8249784731487786,12.501113541467227,55,nfcorpus,2.994939768230425,0.005218863487243652,0.7200088500976562,2.039412036538124,0.9305687780632227,83.24665436521173,0.42857142857142855,PLAIN-731,0.0,2,0.4444444444444444,1.0
dense_pre,0.0,0.0,1.0,0.0,0.0,0.0,0.0,,,,,,1.0,,,,,,,,,,0.0,0.0,1.0,0.0,2.964059105180207,0.8249784731487786,12.501113541467227,100,nfcorpus,2.994939768230425,0.005218863487243652,0.7200088500976562,89.08777916803956,0.8553475075669356,83.24665436521173,0.42857142857142855,PLAIN-731,0.0,2,0.42592592592592593,1.0
dense_e5_base_v2_post,0.0,0.0,1.0,0.0,0.0,0.0,0.0,,,1.0,,,,,,,,,,,,,0.0,1.0,0.0,0.0,2.964059105180207,0.8249784731487786,12.501113541467227,100,nfcorpus,2.994939768230425,0.005218863487243652,0.7200088500976562,104.48377215415239,0.7788065869851872,83.24665436521173,0.42857142857142855,PLAIN-731,0.0,2,0.3148148148148148,1.0
dense_e5_base_v2_pre,0.0,0.0,1.0,0.0,0.0,0.0,0.0,,,,1.0,,,,,,,,,,,,0.0,0.0,1.0,0.0,2.964059105180207,0.8249784731487786,12.501113541467227,100,nfcorpus,2.994939768230425,0.005218863487243652,0.7200088500976562,104.4337721541524,0.7788065869851872,83.24665436521173,0.42857142857142855,PLAIN-731,0.0,2,0.3148148148148148,1.0
rrf_dense_e5_base_v2_post,0.0,0.0,0.0,0.0,0.0,1.0,0.0,,,,,,,,1.0,,,,,,,,0.0,1.0,0.0,0.0,2.964059105180207,0.8249784731487786,12.501113541467227,100,nfcorpus,2.994939768230425,0.005218863487243652,0.7200088500976562,106.58655137866735,0.8572048559638626,83.24665436521173,0.42857142857142855,PLAIN-731,0.0,2,0.4444444444444444,1.0
rrf_dense_e5_base_v2_pre,0.0,0.0,0.0,0.0,0.0,1.0,0.0,,,,,,,,,1.0,,,,,,,0.0,0.0,1.0,0.0,2.964059105180207,0.8249784731487786,12.501113541467227,100,nfcorpus,2.994939768230425,0.005218863487243652,0.7200088500976562,106.53443913906813,0.8572048559638626,83.24665436521173,0.42857142857142855,PLAIN-731,0.0,2,0.4444444444444444,1.0
weighted_dense_e5_base_v2_post,0.0,0.0,0.0,0.0,0.0,0.0,1.0,,,,,,,,,,,,1.0,,,,0.0,1.0,0.0,0.0,2.964059105180207,0.8249784731487786,12.501113541467227,100,nfcorpus,2.994939768230425,0.005218863487243652,0.7200088500976562,106.66711730062961,0.8643145546088337,83.24665436521173,0.42857142857142855,PLAIN-731,0.0,2,0.4444444444444444,1.0
weighted_dense_e5_base_v2_pre,0.0,0.0,0.0,0.0,0.0,0.0,1.0,,,,,,,,,,,,,1.0,,,0.0,0.0,1.0,0.0,2.964059105180207,0.8249784731487786,12.501113541467227,100,nfcorpus,2.994939768230425,0.005218863487243652,0.7200088500976562,106.61049047484994,0.8643145546088337,83.24665436521173,0.42857142857142855,PLAIN-731,0.0,2,0.4444444444444444,1.0
rrf_pre,0.0,0.0,0.0,0.0,0.0,1.0,0.0,,,,,,,,,,,1.0,,,,,0.0,0.0,1.0,0.0,2.964059105180207,0.8249784731487786,12.501113541467227,100,nfcorpus,2.994939768230425,0.005218863487243652,0.7200088500976562,91.18718327954412,0.933745776545611,83.24665436521173,0.42857142857142855,PLAIN-731,0.0,2,0.46296296296296297,1.0
weighted_pre,0.0,0.0,0.0,0.0,0.0,0.0,1.0,,,,,,,,,,,,,,,1.0,0.0,0.0,1.0,0.0,2.964059105180207,0.8249784731487786,12.501113541467227,100,nfcorpus,2.994939768230425,0.005218863487243652,0.7200088500976562,91.26281412318349,0.9305687780632227,83.24665436521173,0.42857142857142855,PLAIN-731,0.0,2,0.46296296296296297,1.0
rerank_depth_20,0.0,0.0,0.0,0.0,1.0,0.0,0.0,,,,,,,1.0,,,,,,,,,1.0,0.0,0.0,20.0,2.964059105180207,0.8249784731487786,12.501113541467227,28,nfcorpus,2.994939768230425,0.005218863487243652,0.7200088500976562,96.16719120457769,0.933745776545611,83.24665436521173,0.42857142857142855,PLAIN-731,0.0,2,0.35185185185185186,1.0
bm25_post,1.0,0.0,0.0,0.0,0.0,0.0,0.0,1.0,,,,,,,,,,,,,,,0.0,1.0,0.0,0.0,2.284250256251784,1.227317254243129,10.052204731344325,10,nfcorpus,2.994978257196308,0.015186846256256104,0.7569321990013123,1.3698158703744412,0.8512360941594272,71.45886728540063,0.30434782608695654,PLAIN-741,0.0,1,0.42105263157894735,1.0
dense_post,0.0,0.0,1.0,0.0,0.0,0.0,0.0,,,,,1.0,,,,,,,,,,,0.0,1.0,0.0,0.0,2.284250256251784,1.227317254243129,10.052204731344325,100,nfcorpus,2.994978257196308,0.015186846256256104,0.7569321990013123,90.19149382710457,0.6528642754944294,71.45886728540063,0.30434782608695654,PLAIN-741,0.0,1,0.5263157894736842,1.0
rrf_post,0.0,0.0,0.0,0.0,0.0,1.0,0.0,,,,,,,,,,1.0,,,,,,0.0,1.0,0.0,0.0,2.284250256251784,1.227317254243129,10.052204731344325,100,nfcorpus,2.994978257196308,0.015186846256256104,0.7569321990013123,91.56995461434126,0.8701249883466592,71.45886728540063,0.30434782608695654,PLAIN-741,0.0,1,0.5263157894736842,1.0
weighted_post,0.0,0.0,0.0,0.0,0.0,0.0,1.0,,,,,,,,,,,,,,1.0,,0.0,1.0,0.0,0.0,2.284250256251784,1.227317254243129,10.052204731344325,100,nfcorpus,2.994978257196308,0.015186846256256104,0.7569321990013123,91.66120606586337,0.8482378089219645,71.45886728540063,0.30434782608695654,PLAIN-741,0.0,1,0.5263157894736842,1.0
bm25_pre,1.0,0.0,0.0,0.0,0.0,0.0,0.0,,1.0,,,,,,,,,,,,,,0.0,0.0,1.0,0.0,2.284250256251784,1.227317254243129,10.052204731344325,10,nfcorpus,2.994978257196308,0.015186846256256104,0.7569321990013123,1.3198158703744411,0.8512360941594272,71.45886728540063,0.30434782608695654,PLAIN-741,0.0,1,0.42105263157894735,1.0
dense_pre,0.0,0.0,1.0,0.0,0.0,0.0,0.0,,,,,,1.0,,,,,,,,,,0.0,0.0,1.0,0.0,2.284250256251784,1.227317254243129,10.052204731344325,100,nfcorpus,2.994978257196308,0.015186846256256104,0.7569321990013123,90.14149382710457,0.6528642754944294,71.45886728540063,0.30434782608695654,PLAIN-741,0.0,1,0.5263157894736842,1.0
dense_e5_base_v2_post,0.0,0.0,1.0,0.0,0.0,0.0,0.0,,,1.0,,,,,,,,,,,,,0.0,1.0,0.0,0.0,2.284250256251784,1.227317254243129,10.052204731344325,100,nfcorpus,2.994978257196308,0.015186846256256104,0.7569321990013123,112.06392486691475,0.8643145546088337,71.45886728540063,0.30434782608695654,PLAIN-741,0.0,1,0.5789473684210527,1.0
dense_e5_base_v2_pre,0.0,0.0,1.0,0.0,0.0,0.0,0.0,,,,1.0,,,,,,,,,,,,0.0,0.0,1.0,0.0,2.284250256251784,1.227317254243129,10.052204731344325,100,nfcorpus,2.994978257196308,0.015186846256256104,0.7569321990013123,112.01392486691475,0.8643145546088337,71.45886728540063,0.30434782608695654,PLAIN-741,0.0,1,0.5789473684210527,1.0
rrf_dense_e5_base_v2_post,0.0,0.0,0.0,0.0,0.0,1.0,0.0,,,,,,,,1.0,,,,,,,,0.0,1.0,0.0,0.0,2.284250256251784,1.227317254243129,10.052204731344325,100,nfcorpus,2.994978257196308,0.015186846256256104,0.7569321990013123,113.43282469660043,0.8669479898642709,71.45886728540063,0.30434782608695654,PLAIN-741,0.0,1,0.5789473684210527,1.0
rrf_dense_e5_base_v2_pre,0.0,0.0,0.0,0.0,0.0,1.0,0.0,,,,,,,,,1.0,,,,,,,0.0,0.0,1.0,0.0,2.284250256251784,1.227317254243129,10.052204731344325,100,nfcorpus,2.994978257196308,0.015186846256256104,0.7569321990013123,113.37997578084469,0.8669479898642709,71.45886728540063,0.30434782608695654,PLAIN-741,0.0,1,0.5789473684210527,1.0
weighted_dense_e5_base_v2_post,0.0,0.0,0.0,0.0,0.0,0.0,1.0,,,,,,,,,,,,1.0,,,,0.0,1.0,0.0,0.0,2.284250256251784,1.227317254243129,10.052204731344325,100,nfcorpus,2.994978257196308,0.015186846256256104,0.7569321990013123,113.5055647149682,0.8630152897016882,71.45886728540063,0.30434782608695654,PLAIN-741,0.0,1,0.5789473684210527,1.0
weighted_dense_e5_base_v2_pre,0.0,0.0,0.0,0.0,0.0,0.0,1.0,,,,,,,,,,,,,1.0,,,0.0,0.0,1.0,0.0,2.284250256251784,1.227317254243129,10.052204731344325,100,nfcorpus,2.994978257196308,0.015186846256256104,0.7569321990013123,113.44667291268706,0.8630152897016882,71.45886728540063,0.30434782608695654,PLAIN-741,0.0,1,0.5789473684210527,1.0
rrf_pre,0.0,0.0,0.0,0.0,0.0,1.0,0.0,,,,,,,,,,,1.0,,,,,0.0,0.0,1.0,0.0,2.284250256251784,1.227317254243129,10.052204731344325,100,nfcorpus,2.994978257196308,0.015186846256256104,0.7569321990013123,91.50765184313059,0.8701249883466592,71.45886728540063,0.30434782608695654,PLAIN-741,0.0,1,0.5263157894736842,1.0
weighted_pre,0.0,0.0,0.0,0.0,0.0,0.0,1.0,,,,,,,,,,,,,,,1.0,0.0,0.0,1.0,0.0,2.284250256251784,1.227317254243129,10.052204731344325,100,nfcorpus,2.994978257196308,0.015186846256256104,0.7569321990013123,91.57520346343517,0.8482378089219645,71.45886728540063,0.30434782608695654,PLAIN-741,0.0,1,0.5263157894736842,1.0
rerank_depth_20,0.0,0.0,0.0,0.0,1.0,0.0,0.0,,,,,,,1.0,,,,,,,,,1.0,0.0,0.0,20.0,2.284250256251784,1.227317254243129,10.052204731344325,23,nfcorpus,2.994978257196308,0.015186846256256104,0.7569321990013123,95.60130969747901,0.8553475075669356,71.45886728540063,0.30434782608695654,PLAIN-741,0.0,1,0.42105263157894735,1.0
bm25_post,1.0,0.0,0.0,0.0,0.0,0.0,0.0,1.0,,,,,,,,,,,,,,,0.0,1.0,0.0,0.0,2.9852612487887855,3.050904209276559,9.563263077948033,57,nfcorpus,2.99495761922344,0.041718482971191406,0.7734625339508057,2.0061159424483774,0.0,68.65292461588979,0.21212121212121213,PLAIN-751,0.0,2,0.0,1.0
dense_post,0.0,0.0,1.0,0.0,0.0,0.0,0.0,,,,,1.0,,,,,,,,,,,0.0,1.0,0.0,0.0,2.9852612487887855,3.050904209276559,9.563263077948033,100,nfcorpus,2.99495761922344,0.041718482971191406,0.7734625339508057,90.83458696603775,0.0,68.65292461588979,0.21212121212121213,PLAIN-751,0.0,2,0.14285714285714285,1.0
rrf_post,0.0,0.0,0.0,0.0,0.0,1.0,0.0,,,,,,,,,,1.0,,,,,,0.0,1.0,0.0,0.0,2.9852612487887855,3.050904209276559,9.563263077948033,100,nfcorpus,2.99495761922344,0.041718482971191406,0.7734625339508057,92.87035985961556,0.0,68.65292461588979,0.21212121212121213,PLAIN-751,0.0,2,0.14285714285714285,1.0
weighted_post,0.0,0.0,0.0,0.0,0.0,0.0,1.0,,,,,,,,,,,,,,1.0,,0.0,1.0,0.0,0.0,2.9852612487887855,3.050904209276559,9.563263077948033,100,nfcorpus,2.99495761922344,0.041718482971191406,0.7734625339508057,92.95584456175565,0.0,68.65292461588979,0.21212121212121213,PLAIN-751,0.0,2,0.14285714285714285,1.0
bm25_pre,1.0,0.0,0.0,0.0,0.0,0.0,0.0,,1.0,,,,,,,,,,,,,,0.0,0.0,1.0,0.0,2.9852612487887855,3.050904209276559,9.563263077948033,57,nfcorpus,2.99495761922344,0.041718482971191406,0.7734625339508057,1.9561159424483776,0.0,68.65292461588979,0.21212121212121213,PLAIN-751,0.0,2,0.0,1.0
dense_pre,0.0,0.0,1.0,0.0,0.0,0.0,0.0,,,,,,1.0,,,,,,,,,,0.0,0.0,1.0,0.0,2.9852612487887855,3.050904209276559,9.563263077948033,100,nfcorpus,2.99495761922344,0.041718482971191406,0.7734625339508057,90.78458696603775,0.0,68.65292461588979,0.21212121212121213,PLAIN-751,0.0,2,0.14285714285714285,1.0
dense_e5_base_v2_post,0.0,0.0,1.0,0.0,0.0,0.0,0.0,,,1.0,,,,,,,,,,,,,0.0,1.0,0.0,0.0,2.9852612487887855,3.050904209276559,9.563263077948033,100,nfcorpus,2.99495761922344,0.041718482971191406,0.7734625339508057,98.90590523481369,0.0,68.65292461588979,0.21212121212121213,PLAIN-751,0.0,2,0.14285714285714285,1.0
dense_e5_base_v2_pre,0.0,0.0,1.0,0.0,0.0,0.0,0.0,,,,1.0,,,,,,,,,,,,0.0,0.0,1.0,0.0,2.9852612487887855,3.050904209276559,9.563263077948033,100,nfcorpus,2.99495761922344,0.041718482971191406,0.7734625339508057,98.85590523481369,0.0,68.65292461588979,0.21212121212121213,PLAIN-751,0.0,2,0.14285714285714285,1.0
rrf_dense_e5_base_v2_post,0.0,0.0,0.0,0.0,0.0,1.0,0.0,,,,,,,,1.0,,,,,,,,0.0,1.0,0.0,0.0,2.9852612487887855,3.050904209276559,9.563263077948033,100,nfcorpus,2.99495761922344,0.041718482971191406,0.7734625339508057,100.92763937190175,0.0,68.65292461588979,0.21212121212121213,PLAIN-751,0.0,2,0.0,1.0
rrf_dense_e5_base_v2_pre,0.0,0.0,0.0,0.0,0.0,1.0,0.0,,,,,,,,,1.0,,,,,,,0.0,0.0,1.0,0.0,2.9852612487887855,3.050904209276559,9.563263077948033,100,nfcorpus,2.99495761922344,0.041718482971191406,0.7734625339508057,100.87551549077034,0.0,68.65292461588979,0.21212121212121213,PLAIN-751,0.0,2,0.0,1.0
weighted_dense_e5_base_v2_post,0.0,0.0,0.0,0.0,0.0,0.0,1.0,,,,,,,,,,,,1.0,,,,0.0,1.0,0.0,0.0,2.9852612487887855,3.050904209276559,9.563263077948033,100,nfcorpus,2.99495761922344,0.041718482971191406,0.7734625339508057,101.0119953110814,0.0,68.65292461588979,0.21212121212121213,PLAIN-751,0.0,2,0.14285714285714285,1.0
weighted_dense_e5_base_v2_pre,0.0,0.0,0.0,0.0,0.0,0.0,1.0,,,,,,,,,,,,,1.0,,,0.0,0.0,1.0,0.0,2.9852612487887855,3.050904209276559,9.563263077948033,100,nfcorpus,2.99495761922344,0.041718482971191406,0.7734625339508057,100.95760924741626,0.0,68.65292461588979,0.21212121212121213,PLAIN-751,0.0,2,0.14285714285714285,1.0
rrf_pre,0.0,0.0,0.0,0.0,0.0,1.0,0.0,,,,,,,,,,,1.0,,,,,0.0,0.0,1.0,0.0,2.9852612487887855,3.050904209276559,9.563263077948033,100,nfcorpus,2.99495761922344,0.041718482971191406,0.7734625339508057,92.80476812273264,0.0,68.65292461588979,0.21212121212121213,PLAIN-751,0.0,2,0.14285714285714285,1.0
weighted_pre,0.0,0.0,0.0,0.0,0.0,0.0,1.0,,,,,,,,,,,,,,,1.0,0.0,0.0,1.0,0.0,2.9852612487887855,3.050904209276559,9.563263077948033,100,nfcorpus,2.99495761922344,0.041718482971191406,0.7734625339508057,92.88959205150604,0.0,68.65292461588979,0.21212121212121213,PLAIN-751,0.0,2,0.14285714285714285,1.0
rerank_depth_20,0.0,0.0,0.0,0.0,1.0,0.0,0.0,,,,,,,1.0,,,,,,,,,1.0,0.0,0.0,20.0,2.9852612487887855,3.050904209276559,9.563263077948033,33,nfcorpus,2.99495761922344,0.041718482971191406,0.7734625339508057,98.68070290848613,0.0,68.65292461588979,0.21212121212121213,PLAIN-751,0.0,2,0.0,1.0
bm25_post,1.0,0.0,0.0,0.0,0.0,0.0,0.0,1.0,,,,,,,,,,,,,,,0.0,1.0,0.0,0.0,2.9681487195241147,0.6300998879147635,10.854280488357787,100,nfcorpus,2.9941553424117617,0.04356956481933594,0.8071727752685547,2.2471059031784533,0.15130120674940675,81.56698290258646,0.1111111111111111,PLAIN-761,0.0,2,0.3333333333333333,1.0
dense_post,0.0,0.0,1.0,0.0,0.0,0.0,0.0,,,,,1.0,,,,,,,,,,,0.0,1.0,0.0,0.0,2.9681487195241147,0.6300998879147635,10.854280488357787,100,nfcorpus,2.9941553424117617,0.04356956481933594,0.8071727752685547,105.27633837535977,0.24738635904833423,81.56698290258646,0.1111111111111111,PLAIN-761,0.0,2,0.3333333333333333,1.0
rrf_post,0.0,0.0,0.0,0.0,0.0,1.0,0.0,,,,,,,,,,1.0,,,,,,0.0,1.0,0.0,0.0,2.9681487195241147,0.6300998879147635,10.854280488357787,100,nfcorpus,2.9941553424117617,0.04356956481933594,0.8071727752685547,107.57011789008975,0.15130120674940675,81.56698290258646,0.1111111111111111,PLAIN-761,0.0,2,0.5,1.0
weighted_post,0.0,0.0,0.0,0.0,0.0,0.0,1.0,,,,,,,,,,,,,,1.0,,0.0,1.0,0.0,0.0,2.9681487195241147,0.6300998879147635,10.854280488357787,100,nfcorpus,2.9941553424117617,0.04356956481933594,0.8071727752685547,107.67255126610398,0.24738635904833423,81.56698290258646,0.1111111111111111,PLAIN-761,0.0,2,0.5,1.0
bm25_pre,1.0,0.0,0.0,0.0,0.0,0.0,0.0,,1.0,,,,,,,,,,,,,,0.0,0.0,1.0,0.0,2.9681487195241147,0.6300998879147635,10.854280488357787,100,nfcorpus,2.9941553424117617,0.04356956481933594,0.8071727752685547,2.1971059031784534,0.15130120674940675,81.56698290258646,0.1111111111111111,PLAIN-761,0.0,2,0.3333333333333333,1.0
dense_pre,0.0,0.0,1.0,0.0,0.0,0.0,0.0,,,,,,1.0,,,,,,,,,,0.0,0.0,1.0,0.0,2.9681487195241147,0.6300998879147635,10.854280488357787,100,nfcorpus,2.9941553424117617,0.04356956481933594,0.8071727752685547,105.22633837535977,0.24738635904833423,81.56698290258646,0.1111111111111111,PLAIN-761,0.0,2,0.3333333333333333,1.0
dense_e5_base_v2_post,0.0,0.0,1.0,0.0,0.0,0.0,0.0,,,1.0,,,,,,,,,,,,,0.0,1.0,0.0,0.0,2.9681487195241147,0.6300998879147635,10.854280488357787,100,nfcorpus,2.9941553424117617,0.04356956481933594,0.8071727752685547,85.8552303083241,0.2467616398388741,81.56698290258646,0.1111111111111111,PLAIN-761,0.0,2,0.3333333333333333,1.0
dense_e5_base_v2_pre,0.0,0.0,1.0,0.0,0.0,0.0,0.0,,,,1.0,,,,,,,,,,,,0.0,0.0,1.0,0.0,2.9681487195241147,0.6300998879147635,10.854280488357787,100,nfcorpus,2.9941553424117617,0.04356956481933594,0.8071727752685547,85.8052303083241,0.2467616398388741,81.56698290258646,0.1111111111111111,PLAIN-761,0.0,2,0.3333333333333333,1.0
rrf_dense_e5_base_v2_post,0.0,0.0,0.0,0.0,0.0,1.0,0.0,,,,,,,,1.0,,,,,,,,0.0,1.0,0.0,0.0,2.9681487195241147,0.6300998879147635,10.854280488357787,100,nfcorpus,2.9941553424117617,0.04356956481933594,0.8071727752685547,88.13746002614498,0.15130120674940675,81.56698290258646,0.1111111111111111,PLAIN-761,0.0,2,0.5,1.0
rrf_dense_e5_base_v2_pre,0.0,0.0,0.0,0.0,0.0,1.0,0.0,,,,,,,,,1.0,,,,,,,0.0,0.0,1.0,0.0,2.9681487195241147,0.6300998879147635,10.854280488357787,100,nfcorpus,2.9941553424117617,0.04356956481933594,0.8071727752685547,88.08392100036144,0.15130120674940675,81.56698290258646,0.1111111111111111,PLAIN-761,0.0,2,0.5,1.0
weighted_dense_e5_base_v2_post,0.0,0.0,0.0,0.0,0.0,0.0,1.0,,,,,,,,,,,,1.0,,,,0.0,1.0,0.0,0.0,2.9681487195241147,0.6300998879147635,10.854280488357787,100,nfcorpus,2.9941553424117617,0.04356956481933594,0.8071727752685547,88.24042984396219,0.15130120674940675,81.56698290258646,0.1111111111111111,PLAIN-761,0.0,2,0.5,1.0
weighted_dense_e5_base_v2_pre,0.0,0.0,0.0,0.0,0.0,0.0,1.0,,,,,,,,,,,,,1.0,,,0.0,0.0,1.0,0.0,2.9681487195241147,0.6300998879147635,10.854280488357787,100,nfcorpus,2.9941553424117617,0.04356956481933594,0.8071727752685547,88.1940764375031,0.15130120674940675,81.56698290258646,0.1111111111111111,PLAIN-761,0.0,2,0.5,1.0
rrf_pre,0.0,0.0,0.0,0.0,0.0,1.0,0.0,,,,,,,,,,,1.0,,,,,0.0,0.0,1.0,0.0,2.9681487195241147,0.6300998879147635,10.854280488357787,100,nfcorpus,2.9941553424117617,0.04356956481933594,0.8071727752685547,107.50559438019991,0.15130120674940675,81.56698290258646,0.1111111111111111,PLAIN-761,0.0,2,0.5,1.0
weighted_pre,0.0,0.0,0.0,0.0,0.0,0.0,1.0,,,,,,,,,,,,,,,1.0,0.0,0.0,1.0,0.0,2.9681487195241147,0.6300998879147635,10.854280488357787,100,nfcorpus,2.9941553424117617,0.04356956481933594,0.8071727752685547,107.60495299473405,0.24738635904833423,81.56698290258646,0.1111111111111111,PLAIN-761,0.0,2,0.5,1.0
rerank_depth_20,0.0,0.0,0.0,0.0,1.0,0.0,0.0,,,,,,,1.0,,,,,,,,,1.0,0.0,0.0,20.0,2.9681487195241147,0.6300998879147635,10.854280488357787,36,nfcorpus,2.9941553424117617,0.04356956481933594,0.8071727752685547,113.90344427853823,0.24738635904833423,81.56698290258646,0.1111111111111111,PLAIN-761,0.0,2,0.3333333333333333,1.0
bm25_post,1.0,0.0,0.0,0.0,0.0,0.0,0.0,1.0,,,,,,,,,,,,,,,0.0,1.0,0.0,0.0,1.0881937777975477,1.571505288516331,20.87205648886421,3,nfcorpus,2.994707894719215,0.012985467910766602,0.7356705665588379,2.064817204326391,1.0,75.14805207028985,0.15,PLAIN-771,0.0,2,1.0,1.0
dense_post,0.0,0.0,1.0,0.0,0.0,0.0,0.0,,,,,1.0,,,,,,,,,,,0.0,1.0,0.0,0.0,1.0881937777975477,1.571505288516331,20.87205648886421,100,nfcorpus,2.994707894719215,0.012985467910766602,0.7356705665588379,87.14279680624604,0.7653606369886217,75.14805207028985,0.15,PLAIN-771,0.0,2,1.0,1.0
rrf_post,0.0,0.0,0.0,0.0,0.0,1.0,0.0,,,,,,,,,,1.0,,,,,,0.0,1.0,0.0,0.0,1.0881937777975477,1.571505288516331,20.87205648886421,100,nfcorpus,2.994707894719215,0.012985467910766602,0.7356705665588379,89.217769998312,1.0,75.14805207028985,0.15,PLAIN-771,0.0,2,1.0,1.0
weighted_post,0.0,0.0,0.0,0.0,0.0,0.0,1.0,,,,,,,,,,,,,,1.0,,0.0,1.0,0.0,0.0,1.0881937777975477,1.571505288516331,20.87205648886421,100,nfcorpus,2.994707894719215,0.012985467910766602,0.7356705665588379,89.29830611795187,0.7653606369886217,75.14805207028985,0.15,PLAIN-771,0.0,2,1.0,1.0
bm25_pre,1.0,0.0,0.0,0.0,0.0,0.0,0.0,,1.0,,,,,,,,,,,,,,0.0,0.0,1.0,0.0,1.0881937777975477,1.571505288516331,20.87205648886421,3,nfcorpus,2.994707894719215,0.012985467910766602,0.7356705665588379,2.014817204326391,1.0,75.14805207028985,0.15,PLAIN-771,0.0,2,1.0,1.0
dense_pre,0.0,0.0,1.0,0.0,0.0,0.0,0.0,,,,,,1.0,,,,,,,,,,0.0,0.0,1.0,0.0,1.0881937777975477,1.571505288516331,20.87205648886421,100,nfcorpus,2.994707894719215,0.012985467910766602,0.7356705665588379,87.09279680624604,0.7653606369886217,75.14805207028985,0.15,PLAIN-771,0.0,2,1.0,1.0
dense_e5_base_v2_post,0.0,0.0,1.0,0.0,0.0,0.0,0.0,,,1.0,,,,,,,,,,,,,0.0,1.0,0.0,0.0,1.0881937777975477,1.571505288516331,20.87205648886421,100,nfcorpus,2.994707894719215,0.012985467910766602,0.7356705665588379,103.39898065775633,0.7653606369886217,75.14805207028985,0.15,PLAIN-771,0.0,2,1.0,1.0
dense_e5_base_v2_pre,0.0,0.0,1.0,0.0,0.0,0.0,0.0,,,,1.0,,,,,,,,,,,,0.0,0.0,1.0,0.0,1.0881937777975477,1.571505288516331,20.87205648886421,100,nfcorpus,2.994707894719215,0.012985467910766602,0.7356705665588379,103.34898065775633,0.7653606369886217,75.14805207028985,0.15,PLAIN-771,0.0,2,1.0,1.0
rrf_dense_e5_base_v2_post,0.0,0.0,0.0,0.0,0.0,1.0,0.0,,,,,,,,1.0,,,,,,,,0.0,1.0,0.0,0.0,1.0881937777975477,1.571505288516331,20.87205648886421,100,nfcorpus,2.994707894719215,0.012985467910766602,0.7356705665588379,105.45927201509475,1.0,75.14805207028985,0.15,PLAIN-771,0.0,2,1.0,1.0
rrf_dense_e5_base_v2_pre,0.0,0.0,0.0,0.0,0.0,1.0,0.0,,,,,,,,,1.0,,,,,,,0.0,0.0,1.0,0.0,1.0881937777975477,1.571505288516331,20.87205648886421,100,nfcorpus,2.994707894719215,0.012985467910766602,0.7356705665588379,105.40719190612435,1.0,75.14805207028985,0.15,PLAIN-771,0.0,2,1.0,1.0
weighted_dense_e5_base_v2_post,0.0,0.0,0.0,0.0,0.0,0.0,1.0,,,,,,,,,,,,1.0,,,,0.0,1.0,0.0,0.0,1.0881937777975477,1.571505288516331,20.87205648886421,100,nfcorpus,2.994707894719215,0.012985467910766602,0.7356705665588379,105.52747695818543,0.7653606369886217,75.14805207028985,0.15,PLAIN-771,0.0,2,1.0,1.0
weighted_dense_e5_base_v2_pre,0.0,0.0,0.0,0.0,0.0,0.0,1.0,,,,,,,,,,,,,1.0,,,0.0,0.0,1.0,0.0,1.0881937777975477,1.571505288516331,20.87205648886421,100,nfcorpus,2.994707894719215,0.012985467910766602,0.7356705665588379,105.47644598409534,0.7653606369886217,75.14805207028985,0.15,PLAIN-771,0.0,2,1.0,1.0
rrf_pre,0.0,0.0,0.0,0.0,0.0,1.0,0.0,,,,,,,,,,,1.0,,,,,0.0,0.0,1.0,0.0,1.0881937777975477,1.571505288516331,20.87205648886421,100,nfcorpus,2.994707894719215,0.012985467910766602,0.7356705665588379,89.1512162052095,1.0,75.14805207028985,0.15,PLAIN-771,0.0,2,1.0,1.0
weighted_pre,0.0,0.0,0.0,0.0,0.0,0.0,1.0,,,,,,,,,,,,,,,1.0,0.0,0.0,1.0,0.0,1.0881937777975477,1.571505288516331,20.87205648886421,100,nfcorpus,2.994707894719215,0.012985467910766602,0.7356705665588379,89.21824302524328,0.7653606369886217,75.14805207028985,0.15,PLAIN-771,0.0,2,1.0,1.0
rerank_depth_20,0.0,0.0,0.0,0.0,1.0,0.0,0.0,,,,,,,1.0,,,,,,,,,1.0,0.0,0.0,20.0,1.0881937777975477,1.571505288516331,20.87205648886421,20,nfcorpus,2.994707894719215,0.012985467910766602,0.7356705665588379,92.70761401057243,0.9469024295259745,75.14805207028985,0.15,PLAIN-771,0.0,2,1.0,1.0
bm25_post,1.0,0.0,0.0,0.0,0.0,0.0,0.0,1.0,,,,,,,,,,,,,,,0.0,1.0,0.0,0.0,2.9892900223665992,0.10215871726195758,5.956286980967197,70,nfcorpus,2.995323503482754,0.006306469440460205,0.5920608043670654,1.1972562327980996,0.0,89.77626962587237,0.0,PLAIN-782,0.0,2,0.0,1.0
dense_post,0.0,0.0,1.0,0.0,0.0,0.0,0.0,,,,,1.0,,,,,,,,,,,0.0,1.0,0.0,0.0,2.9892900223665992,0.10215871726195758,5.956286980967197,100,nfcorpus,2.995323503482754,0.006306469440460205,0.5920608043670654,84.40724442824721,0.0,89.77626962587237,0.0,PLAIN-782,0.0,2,0.0,1.0
rrf_post,0.0,0.0,0.0,0.0,0.0,1.0,0.0,,,,,,,,,,1.0,,,,,,0.0,1.0,0.0,0.0,2.9892900223665992,0.10215871726195758,5.956286980967197,100,nfcorpus,2.995323503482754,0.006306469440460205,0.5920608043670654,85.64266664087772,0.0,89.77626962587237,0.0,PLAIN-782,0.0,2,0.0,1.0
weighted_post,0.0,0.0,0.0,0.0,0.0,0.0,1.0,,,,,,,,,,,,,,1.0,,0.0,1.0,0.0,0.0,2.9892900223665992,0.10215871726195758,5.956286980967197,100,nfcorpus,2.995323503482754,0.006306469440460205,0.5920608043670654,85.73930486217141,0.0,89.77626962587237,0.0,PLAIN-782,0.0,2,0.0,1.0
bm25_pre,1.0,0.0,0.0,0.0,0.0,0.0,0.0,,1.0,,,,,,,,,,,,,,0.0,0.0,1.0,0.0,2.9892900223665992,0.10215871726195758,5.956286980967197,70,nfcorpus,2.995323503482754,0.006306469440460205,0.5920608043670654,1.1472562327980995,0.0,89.77626962587237,0.0,PLAIN-782,0.0,2,0.0,1.0
dense_pre,0.0,0.0,1.0,0.0,0.0,0.0,0.0,,,,,,1.0,,,,,,,,,,0.0,0.0,1.0,0.0,2.9892900223665992,0.10215871726195758,5.956286980967197,100,nfcorpus,2.995323503482754,0.006306469440460205,0.5920608043670654,84.35724442824721,0.0,89.77626962587237,0.0,PLAIN-782,0.0,2,0.0,1.0
dense_e5_base_v2_post,0.0,0.0,1.0,0.0,0.0,0.0,0.0,,,1.0,,,,,,,,,,,,,0.0,1.0,0.0,0.0,2.9892900223665992,0.10215871726195758,5.956286980967197,100,nfcorpus,2.995323503482754,0.006306469440460205,0.5920608043670654,111.78532111570239,0.0,89.77626962587237,0.0,PLAIN-782,0.0,2,0.0,1.0
dense_e5_base_v2_pre,0.0,0.0,1.0,0.0,0.0,0.0,0.0,,,,1.0,,,,,,,,,,,,0.0,0.0,1.0,0.0,2.9892900223665992,0.10215871726195758,5.956286980967197,100,nfcorpus,2.995323503482754,0.006306469440460205,0.5920608043670654,111.73532111570239,0.0,89.77626962587237,0.0,PLAIN-782,0.0,2,0.0,1.0
rrf_dense_e5_base_v2_post,0.0,0.0,0.0,0.0,0.0,1.0,0.0,,,,,,,,1.0,,,,,,,,0.0,1.0,0.0,0.0,2.9892900223665992,0.10215871726195758,5.956286980967197,100,nfcorpus,2.995323503482754,0.006306469440460205,0.5920608043670654,113.00579327270388,0.0,89.77626962587237,0.0,PLAIN-782,0.0,2,0.0,1.0
rrf_dense_e5_base_v2_pre,0.0,0.0,0.0,0.0,0.0,1.0,0.0,,,,,,,,,1.0,,,,,,,0.0,0.0,1.0,0.0,2.9892900223665992,0.10215871726195758,5.956286980967197,100,nfcorpus,2.995323503482754,0.006306469440460205,0.5920608043670654,112.95262537896633,0.0,89.77626962587237,0.0,PLAIN-782,0.0,2,0.0,1.0
weighted_dense_e5_base_v2_post,0.0,0.0,0.0,0.0,0.0,0.0,1.0,,,,,,,,,,,,1.0,,,,0.0,1.0,0.0,0.0,2.9892900223665992,0.10215871726195758,5.956286980967197,100,nfcorpus,2.995323503482754,0.006306469440460205,0.5920608043670654,113.10056326091289,0.0,89.77626962587237,0.0,PLAIN-782,0.0,2,0.0,1.0
weighted_dense_e5_base_v2_pre,0.0,0.0,0.0,0.0,0.0,0.0,1.0,,,,,,,,,,,,,1.0,,,0.0,0.0,1.0,0.0,2.9892900223665992,0.10215871726195758,5.956286980967197,100,nfcorpus,2.995323503482754,0.006306469440460205,0.5920608043670654,113.04505541920662,0.0,89.77626962587237,0.0,PLAIN-782,0.0,2,0.0,1.0
rrf_pre,0.0,0.0,0.0,0.0,0.0,1.0,0.0,,,,,,,,,,,1.0,,,,,0.0,0.0,1.0,0.0,2.9892900223665992,0.10215871726195758,5.956286980967197,100,nfcorpus,2.995323503482754,0.006306469440460205,0.5920608043670654,85.57578641921282,0.0,89.77626962587237,0.0,PLAIN-782,0.0,2,0.0,1.0
weighted_pre,0.0,0.0,0.0,0.0,0.0,0.0,1.0,,,,,,,,,,,,,,,1.0,0.0,0.0,1.0,0.0,2.9892900223665992,0.10215871726195758,5.956286980967197,100,nfcorpus,2.995323503482754,0.006306469440460205,0.5920608043670654,85.67111659795046,0.0,89.77626962587237,0.0,PLAIN-782,0.0,2,0.0,1.0
rerank_depth_20,0.0,0.0,0.0,0.0,1.0,0.0,0.0,,,,,,,1.0,,,,,,,,,1.0,0.0,0.0,20.0,2.9892900223665992,0.10215871726195758,5.956286980967197,40,nfcorpus,2.995323503482754,0.006306469440460205,0.5920608043670654,92.70450066104532,0.0,89.77626962587237,0.0,PLAIN-782,0.0,2,0.0,1.0
bm25_post,1.0,0.0,0.0,0.0,0.0,0.0,0.0,1.0,,,,,,,,,,,,,,,0.0,1.0,0.0,0.0,1.0762460788590327,0.3458050252134104,11.231142584751622,3,nfcorpus,2.9946571591316578,0.013508975505828857,0.6570249199867249,1.382125160843134,0.644824486427155,78.96390976384282,0.09523809523809523,PLAIN-792,0.0,1,0.5,1.0
dense_post,0.0,0.0,1.0,0.0,0.0,0.0,0.0,,,,,1.0,,,,,,,,,,,0.0,1.0,0.0,0.0,1.0762460788590327,0.3458050252134104,11.231142584751622,100,nfcorpus,2.9946571591316578,0.013508975505828857,0.6570249199867249,73.53154578357935,0.4935232796777482,78.96390976384282,0.09523809523809523,PLAIN-792,0.0,1,0.5,1.0
rrf_post,0.0,0.0,0.0,0.0,0.0,1.0,0.0,,,,,,,,,,1.0,,,,,,0.0,1.0,0.0,0.0,1.0762460788590327,0.3458050252134104,11.231142584751622,100,nfcorpus,2.9946571591316578,0.013508975505828857,0.6570249199867249,74.91760476604104,0.644824486427155,78.96390976384282,0.09523809523809523,PLAIN-792,0.0,1,0.5,1.0
weighted_post,0.0,0.0,0.0,0.0,0.0,0.0,1.0,,,,,,,,,,,,,,1.0,,0.0,1.0,0.0,0.0,1.0762460788590327,0.3458050252134104,11.231142584751622,100,nfcorpus,2.9946571591316578,0.013508975505828857,0.6570249199867249,74.99033500552177,0.4935232796777482,78.96390976384282,0.09523809523809523,PLAIN-792,0.0,1,0.5,1.0
bm25_pre,1.0,0.0,0.0,0.0,0.0,0.0,0.0,,1.0,,,,,,,,,,,,,,0.0,0.0,1.0,0.0,1.0762460788590327,0.3458050252134104,11.231142584751622,3,nfcorpus,2.9946571591316578,0.013508975505828857,0.6570249199867249,1.332125160843134,0.644824486427155,78.96390976384282,0.09523809523809523,PLAIN-792,0.0,1,0.5,1.0
dense_pre,0.0,0.0,1.0,0.0,0.0,0.0,0.0,,,,,,1.0,,,,,,,,,,0.0,0.0,1.0,0.0,1.0762460788590327,0.3458050252134104,11.231142584751622,100,nfcorpus,2.9946571591316578,0.013508975505828857,0.6570249199867249,73.48154578357935,0.4935232796777482,78.96390976384282,0.09523809523809523,PLAIN-792,0.0,1,0.5,1.0
dense_e5_base_v2_post,0.0,0.0,1.0,0.0,0.0,0.0,0.0,,,1.0,,,,,,,,,,,,,0.0,1.0,0.0,0.0,1.0762460788590327,0.3458050252134104,11.231142584751622,100,nfcorpus,2.9946571591316578,0.013508975505828857,0.6570249199867249,114.44030803740024,0.644824486427155,78.96390976384282,0.09523809523809523,PLAIN-792,0.0,1,0.5,1.0
dense_e5_base_v2_pre,0.0,0.0,1.0,0.0,0.0,0.0,0.0,,,,1.0,,,,,,,,,,,,0.0,0.0,1.0,0.0,1.0762460788590327,0.3458050252134104,11.231142584751622,100,nfcorpus,2.9946571591316578,0.013508975505828857,0.6570249199867249,114.39030803740025,0.644824486427155,78.96390976384282,0.09523809523809523,PLAIN-792,0.0,1,0.5,1.0
rrf_dense_e5_base_v2_post,0.0,0.0,0.0,0.0,0.0,1.0,0.0,,,,,,,,1.0,,,,,,,,0.0,1.0,0.0,0.0,1.0762460788590327,0.3458050252134104,11.231142584751622,100,nfcorpus,2.9946571591316578,0.013508975505828857,0.6570249199867249,115.81645914465189,0.644824486427155,78.96390976384282,0.09523809523809523,PLAIN-792,0.0,1,0.5,1.0
rrf_dense_e5_base_v2_pre,0.0,0.0,0.0,0.0,0.0,1.0,0.0,,,,,,,,,1.0,,,,,,,0.0,0.0,1.0,0.0,1.0762460788590327,0.3458050252134104,11.231142584751622,100,nfcorpus,2.9946571591316578,0.013508975505828857,0.6570249199867249,115.7644554041326,0.644824486427155,78.96390976384282,0.09523809523809523,PLAIN-792,0.0,1,0.5,1.0
weighted_dense_e5_base_v2_post,0.0,0.0,0.0,0.0,0.0,0.0,1.0,,,,,,,,,,,,1.0,,,,0.0,1.0,0.0,0.0,1.0762460788590327,0.3458050252134104,11.231142584751622,100,nfcorpus,2.9946571591316578,0.013508975505828857,0.6570249199867249,115.8822924748063,0.644824486427155,78.96390976384282,0.09523809523809523,PLAIN-792,0.0,1,0.5,1.0
weighted_dense_e5_base_v2_pre,0.0,0.0,0.0,0.0,0.0,0.0,1.0,,,,,,,,,,,,,1.0,,,0.0,0.0,1.0,0.0,1.0762460788590327,0.3458050252134104,11.231142584751622,100,nfcorpus,2.9946571591316578,0.013508975505828857,0.6570249199867249,115.82563817501068,0.644824486427155,78.96390976384282,0.09523809523809523,PLAIN-792,0.0,1,0.5,1.0
rrf_pre,0.0,0.0,0.0,0.0,0.0,1.0,0.0,,,,,,,,,,,1.0,,,,,0.0,0.0,1.0,0.0,1.0762460788590327,0.3458050252134104,11.231142584751622,100,nfcorpus,2.9946571591316578,0.013508975505828857,0.6570249199867249,74.85588220879436,0.644824486427155,78.96390976384282,0.09523809523809523,PLAIN-792,0.0,1,0.5,1.0
weighted_pre,0.0,0.0,0.0,0.0,0.0,0.0,1.0,,,,,,,,,,,,,,,1.0,0.0,0.0,1.0,0.0,1.0762460788590327,0.3458050252134104,11.231142584751622,100,nfcorpus,2.9946571591316578,0.013508975505828857,0.6570249199867249,74.91886103525758,0.4935232796777482,78.96390976384282,0.09523809523809523,PLAIN-792,0.0,1,0.5,1.0
rerank_depth_20,0.0,0.0,0.0,0.0,1.0,0.0,0.0,,,,,,,1.0,,,,,,,,,1.0,0.0,0.0,20.0,1.0762460788590327,0.3458050252134104,11.231142584751622,21,nfcorpus,2.9946571591316578,0.013508975505828857,0.6570249199867249,78.59367094442248,0.5809949937791564,78.96390976384282,0.09523809523809523,PLAIN-792,0.0,1,0.5,1.0
bm25_post,1.0,0.0,0.0,0.0,0.0,0.0,0.0,1.0,,,,,,,,,,,,,,,0.0,1.0,0.0,0.0,2.9644219648344317,0.028361828371101794,13.380585590988556,66,nfcorpus,2.995148069159205,0.0031616687774658203,0.7826018333435059,2.200529995560646,0.8579809428223729,76.9941471517086,0.3793103448275862,PLAIN-806,0.0,2,0.2604166666666667,1.0
dense_post,0.0,0.0,1.0,0.0,0.0,0.0,0.0,,,,,1.0,,,,,,,,,,,0.0,1.0,0.0,0.0,2.9644219648344317,0.028361828371101794,13.380585590988556,100,nfcorpus,2.995148069159205,0.0031616687774658203,0.7826018333435059,82.02083696722984,1.0,76.9941471517086,0.3793103448275862,PLAIN-806,0.0,2,0.25,1.0
rrf_post,0.0,0.0,0.0,0.0,0.0,1.0,0.0,,,,,,,,,,1.0,,,,,,0.0,1.0,0.0,0.0,2.9644219648344317,0.028361828371101794,13.380585590988556,100,nfcorpus,2.995148069159205,0.0031616687774658203,0.7826018333435059,84.25178620144725,0.933745776545611,76.9941471517086,0.3793103448275862,PLAIN-806,0.0,2,0.2916666666666667,1.0
weighted_post,0.0,0.0,0.0,0.0,0.0,0.0,1.0,,,,,,,,,,,,,,1.0,,0.0,1.0,0.0,0.0,2.9644219648344317,0.028361828371101794,13.380585590988556,100,nfcorpus,2.995148069159205,0.0031616687774658203,0.7826018333435059,84.3373346991837,0.9305687780632227,76.9941471517086,0.3793103448275862,PLAIN-806,0.0,2,0.28125,1.0
bm25_pre,1.0,0.0,0.0,0.0,0.0,0.0,0.0,,1.0,,,,,,,,,,,,,,0.0,0.0,1.0,0.0,2.9644219648344317,0.028361828371101794,13.380585590988556,66,nfcorpus,2.995148069159205,0.0031616687774658203,0.7826018333435059,2.150529995560646,0.8579809428223729,76.9941471517086,0.3793103448275862,PLAIN-806,0.0,2,0.2604166666666667,1.0
dense_pre,0.0,0.0,1.0,0.0,0.0,0.0,0.0,,,,,,1.0,,,,,,,,,,0.0,0.0,1.0,0.0,2.9644219648344317,0.028361828371101794,13.380585590988556,100,nfcorpus,2.995148069159205,0.0031616687774658203,0.7826018333435059,81.97083696722984,1.0,76.9941471517086,0.3793103448275862,PLAIN-806,0.0,2,0.25,1.0
dense_e5_base_v2_post,0.0,0.0,1.0,0.0,0.0,0.0,0.0,,,1.0,,,,,,,,,,,,,0.0,1.0,0.0,0.0,2.9644219648344317,0.028361828371101794,13.380585590988556,100,nfcorpus,2.995148069159205,0.0031616687774658203,0.7826018333435059,92.78069724440574,1.0,76.9941471517086,0.3793103448275862,PLAIN-806,0.0,2,0.2708333333333333,1.0
dense_e5_base_v2_pre,0.0,0.0,1.0,0.0,0.0,0.0,0.0,,,,1.0,,,,,,,,,,,,0.0,0.0,1.0,0.0,2.9644219648344317,0.028361828371101794,13.380585590988556,100,nfcorpus,2.995148069159205,0.0031616687774658203,0.7826018333435059,92.73069724440575,1.0,76.9941471517086,0.3793103448275862,PLAIN-806,0.0,2,0.2708333333333333,1.0
rrf_dense_e5_base_v2_post,0.0,0.0,0.0,0.0,0.0,1.0,0.0,,,,,,,,1.0,,,,,,,,0.0,1.0,0.0,0.0,2.9644219648344317,0.028361828371101794,13.380585590988556,100,nfcorpus,2.995148069159205,0.0031616687774658203,0.7826018333435059,95.00087340474128,1.0,76.9941471517086,0.3793103448275862,PLAIN-806,0.0,2,0.3020833333333333,1.0
rrf_dense_e5_base_v2_pre,0.0,0.0,0.0,0.0,0.0,1.0,0.0,,,,,,,,,1.0,,,,,,,0.0,0.0,1.0,0.0,2.9644219648344317,0.028361828371101794,13.380585590988556,100,nfcorpus,2.995148069159205,0.0031616687774658203,0.7826018333435059,94.95614236220717,1.0,76.9941471517086,0.3793103448275862,PLAIN-806,0.0,2,0.3020833333333333,1.0
weighted_dense_e5_base_v2_post,0.0,0.0,0.0,0.0,0.0,0.0,1.0,,,,,,,,,,,,1.0,,,,0.0,1.0,0.0,0.0,2.9644219648344317,0.028361828371101794,13.380585590988556,100,nfcorpus,2.995148069159205,0.0031616687774658203,0.7826018333435059,95.09353022202849,1.0,76.9941471517086,0.3793103448275862,PLAIN-806,0.0,2,0.2916666666666667,1.0
weighted_dense_e5_base_v2_pre,0.0,0.0,0.0,0.0,0.0,0.0,1.0,,,,,,,,,,,,,1.0,,,0.0,0.0,1.0,0.0,2.9644219648344317,0.028361828371101794,13.380585590988556,100,nfcorpus,2.995148069159205,0.0031616687774658203,0.7826018333435059,95.03814904019237,1.0,76.9941471517086,0.3793103448275862,PLAIN-806,0.0,2,0.2916666666666667,1.0
rrf_pre,0.0,0.0,0.0,0.0,0.0,1.0,0.0,,,,,,,,,,,1.0,,,,,0.0,0.0,1.0,0.0,2.9644219648344317,0.028361828371101794,13.380585590988556,100,nfcorpus,2.995148069159205,0.0031616687774658203,0.7826018333435059,84.18660797178745,0.933745776545611,76.9941471517086,0.3793103448275862,PLAIN-806,0.0,2,0.2916666666666667,1.0
weighted_pre,0.0,0.0,0.0,0.0,0.0,0.0,1.0,,,,,,,,,,,,,,,1.0,0.0,0.0,1.0,0.0,2.9644219648344317,0.028361828371101794,13.380585590988556,100,nfcorpus,2.995148069159205,0.0031616687774658203,0.7826018333435059,84.28615564480424,0.9305687780632227,76.9941471517086,0.3793103448275862,PLAIN-806,0.0,2,0.28125,1.0
rerank_depth_20,0.0,0.0,0.0,0.0,1.0,0.0,0.0,,,,,,,1.0,,,,,,,,,1.0,0.0,0.0,20.0,2.9644219648344317,0.028361828371101794,13.380585590988556,29,nfcorpus,2.995148069159205,0.0031616687774658203,0.7826018333435059,89.34136696279049,0.9305687780632227,76.9941471517086,0.3793103448275862,PLAIN-806,0.0,2,0.1875,1.0
bm25_post,1.0,0.0,0.0,0.0,0.0,0.0,0.0,1.0,,,,,,,,,,,,,,,0.0,1.0,0.0,0.0,0.0,0.0,0.0,0,nfcorpus,2.9955054718447895,0.038488030433654785,0.7194212675094604,0.05758236274123192,0.0,111.50114377960563,0.0,PLAIN-817,0.0,2,0.0,1.0
dense_post,0.0,0.0,1.0,0.0,0.0,0.0,0.0,,,,,1.0,,,,,,,,,,,0.0,1.0,0.0,0.0,0.0,0.0,0.0,100,nfcorpus,2.9955054718447895,0.038488030433654785,0.7194212675094604,71.40861506685614,0.0,111.50114377960563,0.0,PLAIN-817,0.0,2,1.0,1.0
rrf_post,0.0,0.0,0.0,0.0,0.0,1.0,0.0,,,,,,,,,,1.0,,,,,,0.0,1.0,0.0,0.0,0.0,0.0,0.0,100,nfcorpus,2.9955054718447895,0.038488030433654785,0.7194212675094604,71.46238823533058,0.0,111.50114377960563,0.0,PLAIN-817,0.0,2,1.0,1.0
weighted_post,0.0,0.0,0.0,0.0,0.0,0.0,1.0,,,,,,,,,,,,,,1.0,,0.0,1.0,0.0,0.0,0.0,0.0,0.0,100,nfcorpus,2.9955054718447895,0.038488030433654785,0.7194212675094604,71.51655023097992,0.0,111.50114377960563,0.0,PLAIN-817,0.0,2,1.0,1.0
bm25_pre,1.0,0.0,0.0,0.0,0.0,0.0,0.0,,1.0,,,,,,,,,,,,,,0.0,0.0,1.0,0.0,0.0,0.0,0.0,0,nfcorpus,2.9955054718447895,0.038488030433654785,0.7194212675094604,0.007582362741231918,0.0,111.50114377960563,0.0,PLAIN-817,0.0,2,0.0,1.0
dense_pre,0.0,0.0,1.0,0.0,0.0,0.0,0.0,,,,,,1.0,,,,,,,,,,0.0,0.0,1.0,0.0,0.0,0.0,0.0,100,nfcorpus,2.9955054718447895,0.038488030433654785,0.7194212675094604,71.35861506685615,0.0,111.50114377960563,0.0,PLAIN-817,0.0,2,1.0,1.0
dense_e5_base_v2_post,0.0,0.0,1.0,0.0,0.0,0.0,0.0,,,1.0,,,,,,,,,,,,,0.0,1.0,0.0,0.0,0.0,0.0,0.0,100,nfcorpus,2.9955054718447895,0.038488030433654785,0.7194212675094604,102.75643467083573,0.0,111.50114377960563,0.0,PLAIN-817,0.0,2,1.0,1.0
dense_e5_base_v2_pre,0.0,0.0,1.0,0.0,0.0,0.0,0.0,,,,1.0,,,,,,,,,,,,0.0,0.0,1.0,0.0,0.0,0.0,0.0,100,nfcorpus,2.9955054718447895,0.038488030433654785,0.7194212675094604,102.70643467083573,0.0,111.50114377960563,0.0,PLAIN-817,0.0,2,1.0,1.0
rrf_dense_e5_base_v2_post,0.0,0.0,0.0,0.0,0.0,1.0,0.0,,,,,,,,1.0,,,,,,,,0.0,1.0,0.0,0.0,0.0,0.0,0.0,100,nfcorpus,2.9955054718447895,0.038488030433654785,0.7194212675094604,102.80052301585674,0.0,111.50114377960563,0.0,PLAIN-817,0.0,2,1.0,1.0
rrf_dense_e5_base_v2_pre,0.0,0.0,0.0,0.0,0.0,1.0,0.0,,,,,,,,,1.0,,,,,,,0.0,0.0,1.0,0.0,0.0,0.0,0.0,100,nfcorpus,2.9955054718447895,0.038488030433654785,0.7194212675094604,102.74877538904548,0.0,111.50114377960563,0.0,PLAIN-817,0.0,2,1.0,1.0
weighted_dense_e5_base_v2_post,0.0,0.0,0.0,0.0,0.0,0.0,1.0,,,,,,,,,,,,1.0,,,,0.0,1.0,0.0,0.0,0.0,0.0,0.0,100,nfcorpus,2.9955054718447895,0.038488030433654785,0.7194212675094604,102.85067613348365,0.0,111.50114377960563,0.0,PLAIN-817,0.0,2,1.0,1.0
weighted_dense_e5_base_v2_pre,0.0,0.0,0.0,0.0,0.0,0.0,1.0,,,,,,,,,,,,,1.0,,,0.0,0.0,1.0,0.0,0.0,0.0,0.0,100,nfcorpus,2.9955054718447895,0.038488030433654785,0.7194212675094604,102.7966602705419,0.0,111.50114377960563,0.0,PLAIN-817,0.0,2,1.0,1.0
rrf_pre,0.0,0.0,0.0,0.0,0.0,1.0,0.0,,,,,,,,,,,1.0,,,,,0.0,0.0,1.0,0.0,0.0,0.0,0.0,100,nfcorpus,2.9955054718447895,0.038488030433654785,0.7194212675094604,71.40146847814322,0.0,111.50114377960563,0.0,PLAIN-817,0.0,2,1.0,1.0
weighted_pre,0.0,0.0,0.0,0.0,0.0,0.0,1.0,,,,,,,,,,,,,,,1.0,0.0,0.0,1.0,0.0,0.0,0.0,0.0,100,nfcorpus,2.9955054718447895,0.038488030433654785,0.7194212675094604,71.45095057785511,0.0,111.50114377960563,0.0,PLAIN-817,0.0,2,1.0,1.0
rerank_depth_20,0.0,0.0,0.0,0.0,1.0,0.0,0.0,,,,,,,1.0,,,,,,,,,1.0,0.0,0.0,20.0,0.0,0.0,0.0,20,nfcorpus,2.9955054718447895,0.038488030433654785,0.7194212675094604,74.96619742959737,0.0,111.50114377960563,0.0,PLAIN-817,0.0,2,0.0,1.0
bm25_post,1.0,0.0,0.0,0.0,0.0,0.0,0.0,1.0,,,,,,,,,,,,,,,0.0,1.0,0.0,0.0,2.9699788176847113,0.12797969096915196,7.843301242558027,26,nfcorpus,2.9956886756500807,0.012064814567565918,0.7892786860466003,12.286475013196469,0.575073986183329,25.316087063401937,0.17647058823529413,PLAIN-827,0.0,1,0.07377049180327869,1.0
dense_post,0.0,0.0,1.0,0.0,0.0,0.0,0.0,,,,,1.0,,,,,,,,,,,0.0,1.0,0.0,0.0,2.9699788176847113,0.12797969096915196,7.843301242558027,100,nfcorpus,2.9956886756500807,0.012064814567565918,0.7892786860466003,79.8913441516459,0.6848374495230163,25.316087063401937,0.17647058823529413,PLAIN-827,0.0,1,0.22131147540983606,1.0
rrf_post,0.0,0.0,0.0,0.0,0.0,1.0,0.0,,,,,,,,,,1.0,,,,,,0.0,1.0,0.0,0.0,2.9699788176847113,0.12797969096915196,7.843301242558027,100,nfcorpus,2.9956886756500807,0.012064814567565918,0.7892786860466003,92.19108204469084,0.7799082337019198,25.316087063401937,0.17647058823529413,PLAIN-827,0.0,1,0.22950819672131148,1.0
weighted_post,0.0,0.0,0.0,0.0,0.0,0.0,1.0,,,,,,,,,,,,,,1.0,,0.0,1.0,0.0,0.0,2.9699788176847113,0.12797969096915196,7.843301242558027,100,nfcorpus,2.9956886756500807,0.012064814567565918,0.7892786860466003,92.26299784258008,0.7065443116025597,25.316087063401937,0.17647058823529413,PLAIN-827,0.0,1,0.22950819672131148,1.0
bm25_pre,1.0,0.0,0.0,0.0,0.0,0.0,0.0,,1.0,,,,,,,,,,,,,,0.0,0.0,1.0,0.0,2.9699788176847113,0.12797969096915196,7.843301242558027,26,nfcorpus,2.9956886756500807,0.012064814567565918,0.7892786860466003,12.236475013196468,0.575073986183329,25.316087063401937,0.17647058823529413,PLAIN-827,0.0,1,0.07377049180327869,1.0
dense_pre,0.0,0.0,1.0,0.0,0.0,0.0,0.0,,,,,,1.0,,,,,,,,,,0.0,0.0,1.0,0.0,2.9699788176847113,0.12797969096915196,7.843301242558027,100,nfcorpus,2.9956886756500807,0.012064814567565918,0.7892786860466003,79.8413441516459,0.6848374495230163,25.316087063401937,0.17647058823529413,PLAIN-827,0.0,1,0.22131147540983606,1.0
dense_e5_base_v2_post,0.0,0.0,1.0,0.0,0.0,0.0,0.0,,,1.0,,,,,,,,,,,,,0.0,1.0,0.0,0.0,2.9699788176847113,0.12797969096915196,7.843301242558027,100,nfcorpus,2.9956886756500807,0.012064814567565918,0.7892786860466003,99.28995519056916,0.6378891765242927,25.316087063401937,0.17647058823529413,PLAIN-827,0.0,1,0.20081967213114754,1.0
dense_e5_base_v2_pre,0.0,0.0,1.0,0.0,0.0,0.0,0.0,,,,1.0,,,,,,,,,,,,0.0,0.0,1.0,0.0,2.9699788176847113,0.12797969096915196,7.843301242558027,100,nfcorpus,2.9956886756500807,0.012064814567565918,0.7892786860466003,99.23995519056916,0.6378891765242927,25.316087063401937,0.17647058823529413,PLAIN-827,0.0,1,0.20081967213114754,1.0
rrf_dense_e5_base_v2_post,0.0,0.0,0.0,0.0,0.0,1.0,0.0,,,,,,,,1.0,,,,,,,,0.0,1.0,0.0,0.0,2.9699788176847113,0.12797969096915196,7.843301242558027,100,nfcorpus,2.9956886756500807,0.012064814567565918,0.7892786860466003,111.57891349047422,0.685119869332369,25.316087063401937,0.17647058823529413,PLAIN-827,0.0,1,0.20491803278688525,1.0
rrf_dense_e5_base_v2_pre,0.0,0.0,0.0,0.0,0.0,1.0,0.0,,,,,,,,,1.0,,,,,,,0.0,0.0,1.0,0.0,2.9699788176847113,0.12797969096915196,7.843301242558027,100,nfcorpus,2.9956886756500807,0.012064814567565918,0.7892786860466003,111.52731021866202,0.685119869332369,25.316087063401937,0.17647058823529413,PLAIN-827,0.0,1,0.20491803278688525,1.0
weighted_dense_e5_base_v2_post,0.0,0.0,0.0,0.0,0.0,0.0,1.0,,,,,,,,,,,,1.0,,,,0.0,1.0,0.0,0.0,2.9699788176847113,0.12797969096915196,7.843301242558027,100,nfcorpus,2.9956886756500807,0.012064814567565918,0.7892786860466003,111.65756228491664,0.6410457898283652,25.316087063401937,0.17647058823529413,PLAIN-827,0.0,1,0.20491803278688525,1.0
weighted_dense_e5_base_v2_pre,0.0,0.0,0.0,0.0,0.0,0.0,1.0,,,,,,,,,,,,,1.0,,,0.0,0.0,1.0,0.0,2.9699788176847113,0.12797969096915196,7.843301242558027,100,nfcorpus,2.9956886756500807,0.012064814567565918,0.7892786860466003,111.59910215064883,0.6410457898283652,25.316087063401937,0.17647058823529413,PLAIN-827,0.0,1,0.20491803278688525,1.0
rrf_pre,0.0,0.0,0.0,0.0,0.0,1.0,0.0,,,,,,,,,,,1.0,,,,,0.0,0.0,1.0,0.0,2.9699788176847113,0.12797969096915196,7.843301242558027,100,nfcorpus,2.9956886756500807,0.012064814567565918,0.7892786860466003,92.12899720296264,0.7799082337019198,25.316087063401937,0.17647058823529413,PLAIN-827,0.0,1,0.22950819672131148,1.0
weighted_pre,0.0,0.0,0.0,0.0,0.0,0.0,1.0,,,,,,,,,,,,,,,1.0,0.0,0.0,1.0,0.0,2.9699788176847113,0.12797969096915196,7.843301242558027,100,nfcorpus,2.9956886756500807,0.012064814567565918,0.7892786860466003,92.20549231395125,0.7065443116025597,25.316087063401937,0.17647058823529413,PLAIN-827,0.0,1,0.22950819672131148,1.0
rerank_depth_20,0.0,0.0,0.0,0.0,1.0,0.0,0.0,,,,,,,1.0,,,,,,,,,1.0,0.0,0.0,20.0,2.9699788176847113,0.12797969096915196,7.843301242558027,34,nfcorpus,2.9956886756500807,0.012064814567565918,0.7892786860466003,98.19781916484237,0.7065443116025597,25.316087063401937,0.17647058823529413,PLAIN-827,0.0,1,0.09836065573770492,1.0
bm25_post,1.0,0.0,0.0,0.0,0.0,0.0,0.0,1.0,,,,,,,,,,,,,,,0.0,1.0,0.0,0.0,1.9201421198688347,0.6467348112563425,11.443073436447913,7,nfcorpus,2.992404371813982,0.001661837100982666,0.7956669926643372,1.370461742579937,0.8550956239938449,84.59227113053203,0.2857142857142857,PLAIN-838,0.0,1,0.7777777777777778,1.0
dense_post,0.0,0.0,1.0,0.0,0.0,0.0,0.0,,,,,1.0,,,,,,,,,,,0.0,1.0,0.0,0.0,1.9201421198688347,0.6467348112563425,11.443073436447913,100,nfcorpus,2.992404371813982,0.001661837100982666,0.7956669926643372,79.88831176534295,0.7767471075223498,84.59227113053203,0.2857142857142857,PLAIN-838,0.0,1,0.7777777777777778,1.0
rrf_post,0.0,0.0,0.0,0.0,0.0,1.0,0.0,,,,,,,,,,1.0,,,,,,0.0,1.0,0.0,0.0,1.9201421198688347,0.6467348112563425,11.443073436447913,100,nfcorpus,2.992404371813982,0.001661837100982666,0.7956669926643372,81.26554786339402,0.8550956239938449,84.59227113053203,0.2857142857142857,PLAIN-838,0.0,1,0.8888888888888888,1.0
weighted_post,0.0,0.0,0.0,0.0,0.0,0.0,1.0,,,,,,,,,,,,,,1.0,,0.0,1.0,0.0,0.0,1.9201421198688347,0.6467348112563425,11.443073436447913,100,nfcorpus,2.992404371813982,0.001661837100982666,0.7956669926643372,81.3347544439137,0.7767471075223498,84.59227113053203,0.2857142857142857,PLAIN-838,0.0,1,0.7777777777777778,1.0
bm25_pre,1.0,0.0,0.0,0.0,0.0,0.0,0.0,,1.0,,,,,,,,,,,,,,0.0,0.0,1.0,0.0,1.9201421198688347,0.6467348112563425,11.443073436447913,7,nfcorpus,2.992404371813982,0.001661837100982666,0.7956669926643372,1.320461742579937,0.8550956239938449,84.59227113053203,0.2857142857142857,PLAIN-838,0.0,1,0.7777777777777778,1.0
dense_pre,0.0,0.0,1.0,0.0,0.0,0.0,0.0,,,,,,1.0,,,,,,,,,,0.0,0.0,1.0,0.0,1.9201421198688347,0.6467348112563425,11.443073436447913,100,nfcorpus,2.992404371813982,0.001661837100982666,0.7956669926643372,79.83831176534295,0.7767471075223498,84.59227113053203,0.2857142857142857,PLAIN-838,0.0,1,0.7777777777777778,1.0
dense_e5_base_v2_post,0.0,0.0,1.0,0.0,0.0,0.0,0.0,,,1.0,,,,,,,,,,,,,0.0,1.0,0.0,0.0,1.9201421198688347,0.6467348112563425,11.443073436447913,100,nfcorpus,2.992404371813982,0.001661837100982666,0.7956669926643372,112.31150067523122,0.7767471075223498,84.59227113053203,0.2857142857142857,PLAIN-838,0.0,1,0.8888888888888888,1.0
dense_e5_base_v2_pre,0.0,0.0,1.0,0.0,0.0,0.0,0.0,,,,1.0,,,,,,,,,,,,0.0,0.0,1.0,0.0,1.9201421198688347,0.6467348112563425,11.443073436447913,100,nfcorpus,2.992404371813982,0.001661837100982666,0.7956669926643372,112.26150067523122,0.7767471075223498,84.59227113053203,0.2857142857142857,PLAIN-838,0.0,1,0.8888888888888888,1.0
rrf_dense_e5_base_v2_post,0.0,0.0,0.0,0.0,0.0,1.0,0.0,,,,,,,,1.0,,,,,,,,0.0,1.0,0.0,0.0,1.9201421198688347,0.6467348112563425,11.443073436447913,100,nfcorpus,2.992404371813982,0.001661837100982666,0.7956669926643372,113.67799536436796,0.8550956239938449,84.59227113053203,0.2857142857142857,PLAIN-838,0.0,1,0.8888888888888888,1.0
rrf_dense_e5_base_v2_pre,0.0,0.0,0.0,0.0,0.0,1.0,0.0,,,,,,,,,1.0,,,,,,,0.0,0.0,1.0,0.0,1.9201421198688347,0.6467348112563425,11.443073436447913,100,nfcorpus,2.992404371813982,0.001661837100982666,0.7956669926643372,113.62687265500426,0.8550956239938449,84.59227113053203,0.2857142857142857,PLAIN-838,0.0,1,0.8888888888888888,1.0
weighted_dense_e5_base_v2_post,0.0,0.0,0.0,0.0,0.0,0.0,1.0,,,,,,,,,,,,1.0,,,,0.0,1.0,0.0,0.0,1.9201421198688347,0.6467348112563425,11.443073436447913,100,nfcorpus,2.992404371813982,0.001661837100982666,0.7956669926643372,113.74591951370239,0.7767471075223498,84.59227113053203,0.2857142857142857,PLAIN-838,0.0,1,0.8888888888888888,1.0
weighted_dense_e5_base_v2_pre,0.0,0.0,0.0,0.0,0.0,0.0,1.0,,,,,,,,,,,,,1.0,,,0.0,0.0,1.0,0.0,1.9201421198688347,0.6467348112563425,11.443073436447913,100,nfcorpus,2.992404371813982,0.001661837100982666,0.7956669926643372,113.68902260437608,0.7767471075223498,84.59227113053203,0.2857142857142857,PLAIN-838,0.0,1,0.8888888888888888,1.0
rrf_pre,0.0,0.0,0.0,0.0,0.0,1.0,0.0,,,,,,,,,,,1.0,,,,,0.0,0.0,1.0,0.0,1.9201421198688347,0.6467348112563425,11.443073436447913,100,nfcorpus,2.992404371813982,0.001661837100982666,0.7956669926643372,81.20389049872756,0.8550956239938449,84.59227113053203,0.2857142857142857,PLAIN-838,0.0,1,0.8888888888888888,1.0
weighted_pre,0.0,0.0,0.0,0.0,0.0,0.0,1.0,,,,,,,,,,,,,,,1.0,0.0,0.0,1.0,0.0,1.9201421198688347,0.6467348112563425,11.443073436447913,100,nfcorpus,2.992404371813982,0.001661837100982666,0.7956669926643372,81.26954548060894,0.7767471075223498,84.59227113053203,0.2857142857142857,PLAIN-838,0.0,1,0.7777777777777778,1.0
rerank_depth_20,0.0,0.0,0.0,0.0,1.0,0.0,0.0,,,,,,,1.0,,,,,,,,,1.0,0.0,0.0,20.0,1.9201421198688347,0.6467348112563425,11.443073436447913,21,nfcorpus,2.992404371813982,0.001661837100982666,0.7956669926643372,84.93877350792289,0.8475028682434304,84.59227113053203,0.2857142857142857,PLAIN-838,0.0,1,0.7777777777777778,1.0
bm25_post,1.0,0.0,0.0,0.0,0.0,0.0,0.0,1.0,,,,,,,,,,,,,,,0.0,1.0,0.0,0.0,1.9309063129651172,0.6500479175555647,8.369246555800222,7,nfcorpus,2.9955275256368616,0.034866154193878174,0.7025884389877319,1.4023916713893414,0.6489315753318465,86.6294028237462,0.22727272727272727,PLAIN-850,0.0,1,0.08771929824561403,1.0
dense_post,0.0,0.0,1.0,0.0,0.0,0.0,0.0,,,,,1.0,,,,,,,,,,,0.0,1.0,0.0,0.0,1.9309063129651172,0.6500479175555647,8.369246555800222,100,nfcorpus,2.9955275256368616,0.034866154193878174,0.7025884389877319,83.61970967724919,0.6117952373568121,86.6294028237462,0.22727272727272727,PLAIN-850,0.0,1,0.19298245614035087,1.0
rrf_post,0.0,0.0,0.0,0.0,0.0,1.0,0.0,,,,,,,,,,1.0,,,,,,0.0,1.0,0.0,0.0,1.9309063129651172,0.6500479175555647,8.369246555800222,100,nfcorpus,2.9955275256368616,0.034866154193878174,0.7025884389877319,85.02899211943149,0.6489315753318465,86.6294028237462,0.22727272727272727,PLAIN-850,0.0,1,0.19298245614035087,1.0
weighted_post,0.0,0.0,0.0,0.0,0.0,0.0,1.0,,,,,,,,,,,,,,1.0,,0.0,1.0,0.0,0.0,1.9309063129651172,0.6500479175555647,8.369246555800222,100,nfcorpus,2.9955275256368616,0.034866154193878174,0.7025884389877319,85.09852745682001,0.6489315753318465,86.6294028237462,0.22727272727272727,PLAIN-850,0.0,1,0.19298245614035087,1.0
bm25_pre,1.0,0.0,0.0,0.0,0.0,0.0,0.0,,1.0,,,,,,,,,,,,,,0.0,0.0,1.0,0.0,1.9309063129651172,0.6500479175555647,8.369246555800222,7,nfcorpus,2.9955275256368616,0.034866154193878174,0.7025884389877319,1.3523916713893414,0.6489315753318465,86.6294028237462,0.22727272727272727,PLAIN-850,0.0,1,0.08771929824561403,1.0
dense_pre,0.0,0.0,1.0,0.0,0.0,0.0,0.0,,,,,,1.0,,,,,,,,,,0.0,0.0,1.0,0.0,1.9309063129651172,0.6500479175555647,8.369246555800222,100,nfcorpus,2.9955275256368616,0.034866154193878174,0.7025884389877319,83.5697096772492,0.6117952373568121,86.6294028237462,0.22727272727272727,PLAIN-850,0.0,1,0.19298245614035087,1.0
dense_e5_base_v2_post,0.0,0.0,1.0,0.0,0.0,0.0,0.0,,,1.0,,,,,,,,,,,,,0.0,1.0,0.0,0.0,1.9309063129651172,0.6500479175555647,8.369246555800222,100,nfcorpus,2.9955275256368616,0.034866154193878174,0.7025884389877319,100.37945871353149,0.6020521034564038,86.6294028237462,0.22727272727272727,PLAIN-850,0.0,1,0.24561403508771928,1.0
dense_e5_base_v2_pre,0.0,0.0,1.0,0.0,0.0,0.0,0.0,,,,1.0,,,,,,,,,,,,0.0,0.0,1.0,0.0,1.9309063129651172,0.6500479175555647,8.369246555800222,100,nfcorpus,2.9955275256368616,0.034866154193878174,0.7025884389877319,100.3294587135315,0.6020521034564038,86.6294028237462,0.22727272727272727,PLAIN-850,0.0,1,0.24561403508771928,1.0
rrf_dense_e5_base_v2_post,0.0,0.0,0.0,0.0,0.0,1.0,0.0,,,,,,,,1.0,,,,,,,,0.0,1.0,0.0,0.0,1.9309063129651172,0.6500479175555647,8.369246555800222,100,nfcorpus,2.9955275256368616,0.034866154193878174,0.7025884389877319,101.77867635264992,0.6489315753318465,86.6294028237462,0.22727272727272727,PLAIN-850,0.0,1,0.24561403508771928,1.0
rrf_dense_e5_base_v2_pre,0.0,0.0,0.0,0.0,0.0,1.0,0.0,,,,,,,,,1.0,,,,,,,0.0,0.0,1.0,0.0,1.9309063129651172,0.6500479175555647,8.369246555800222,100,nfcorpus,2.9955275256368616,0.034866154193878174,0.7025884389877319,101.72696225345135,0.6489315753318465,86.6294028237462,0.22727272727272727,PLAIN-850,0.0,1,0.24561403508771928,1.0
weighted_dense_e5_base_v2_post,0.0,0.0,0.0,0.0,0.0,0.0,1.0,,,,,,,,,,,,1.0,,,,0.0,1.0,0.0,0.0,1.9309063129651172,0.6500479175555647,8.369246555800222,100,nfcorpus,2.9955275256368616,0.034866154193878174,0.7025884389877319,101.84647244513035,0.6421867266689009,86.6294028237462,0.22727272727272727,PLAIN-850,0.0,1,0.24561403508771928,1.0
weighted_dense_e5_base_v2_pre,0.0,0.0,0.0,0.0,0.0,0.0,1.0,,,,,,,,,,,,,1.0,,,0.0,0.0,1.0,0.0,1.9309063129651172,0.6500479175555647,8.369246555800222,100,nfcorpus,2.9955275256368616,0.034866154193878174,0.7025884389877319,101.7903215251863,0.6421867266689009,86.6294028237462,0.22727272727272727,PLAIN-850,0.0,1,0.24561403508771928,1.0
rrf_pre,0.0,0.0,0.0,0.0,0.0,1.0,0.0,,,,,,,,,,,1.0,,,,,0.0,0.0,1.0,0.0,1.9309063129651172,0.6500479175555647,8.369246555800222,100,nfcorpus,2.9955275256368616,0.034866154193878174,0.7025884389877319,84.96748842298985,0.6489315753318465,86.6294028237462,0.22727272727272727,PLAIN-850,0.0,1,0.19298245614035087,1.0
weighted_pre,0.0,0.0,0.0,0.0,0.0,0.0,1.0,,,,,,,,,,,,,,,1.0,0.0,0.0,1.0,0.0,1.9309063129651172,0.6500479175555647,8.369246555800222,100,nfcorpus,2.9955275256368616,0.034866154193878174,0.7025884389877319,85.03244444727898,0.6489315753318465,86.6294028237462,0.22727272727272727,PLAIN-850,0.0,1,0.19298245614035087,1.0
rerank_depth_20,0.0,0.0,0.0,0.0,1.0,0.0,0.0,,,,,,,1.0,,,,,,,,,1.0,0.0,0.0,20.0,1.9309063129651172,0.6500479175555647,8.369246555800222,22,nfcorpus,2.9955275256368616,0.034866154193878174,0.7025884389877319,88.88210134863853,0.6489315753318465,86.6294028237462,0.22727272727272727,PLAIN-850,0.0,1,0.10526315789473684,1.0
bm25_post,1.0,0.0,0.0,0.0,0.0,0.0,0.0,1.0,,,,,,,,,,,,,,,0.0,1.0,0.0,0.0,1.092473391979729,0.9196362026809819,8.359465193988923,3,nfcorpus,2.9956556625139044,0.000652611255645752,0.6153638958930969,1.4560381799936295,0.0,90.65373009070754,0.0,PLAIN-872,0.0,2,0.0,1.0
dense_post,0.0,0.0,1.0,0.0,0.0,0.0,0.0,,,,,1.0,,,,,,,,,,,0.0,1.0,0.0,0.0,1.092473391979729,0.9196362026809819,8.359465193988923,100,nfcorpus,2.9956556625139044,0.000652611255645752,0.6153638958930969,75.27228080779314,0.0,90.65373009070754,0.0,PLAIN-872,0.0,2,1.0,1.0
rrf_post,0.0,0.0,0.0,0.0,0.0,1.0,0.0,,,,,,,,,,1.0,,,,,,0.0,1.0,0.0,0.0,1.092473391979729,0.9196362026809819,8.359465193988923,100,nfcorpus,2.9956556625139044,0.000652611255645752,0.6153638958930969,76.73476272374391,0.0,90.65373009070754,0.0,PLAIN-872,0.0,2,1.0,1.0
weighted_post,0.0,0.0,0.0,0.0,0.0,0.0,1.0,,,,,,,,,,,,,,1.0,,0.0,1.0,0.0,0.0,1.092473391979729,0.9196362026809819,8.359465193988923,100,nfcorpus,2.9956556625139044,0.000652611255645752,0.6153638958930969,76.80930997356772,0.0,90.65373009070754,0.0,PLAIN-872,0.0,2,1.0,1.0
bm25_pre,1.0,0.0,0.0,0.0,0.0,0.0,0.0,,1.0,,,,,,,,,,,,,,0.0,0.0,1.0,0.0,1.092473391979729,0.9196362026809819,8.359465193988923,3,nfcorpus,2.9956556625139044,0.000652611255645752,0.6153638958930969,1.4060381799936295,0.0,90.65373009070754,0.0,PLAIN-872,0.0,2,0.0,1.0
dense_pre,0.0,0.0,1.0,0.0,0.0,0.0,0.0,,,,,,1.0,,,,,,,,,,0.0,0.0,1.0,0.0,1.092473391979729,0.9196362026809819,8.359465193988923,100,nfcorpus,2.9956556625139044,0.000652611255645752,0.6153638958930969,75.22228080779314,0.0,90.65373009070754,0.0,PLAIN-872,0.0,2,1.0,1.0
dense_e5_base_v2_post,0.0,0.0,1.0,0.0,0.0,0.0,0.0,,,1.0,,,,,,,,,,,,,0.0,1.0,0.0,0.0,1.092473391979729,0.9196362026809819,8.359465193988923,100,nfcorpus,2.9956556625139044,0.000652611255645752,0.6153638958930969,100.49562490656972,0.0,90.65373009070754,0.0,PLAIN-872,0.0,2,0.0,1.0
dense_e5_base_v2_pre,0.0,0.0,1.0,0.0,0.0,0.0,0.0,,,,1.0,,,,,,,,,,,,0.0,0.0,1.0,0.0,1.092473391979729,0.9196362026809819,8.359465193988923,100,nfcorpus,2.9956556625139044,0.000652611255645752,0.6153638958930969,100.44562490656972,0.0,90.65373009070754,0.0,PLAIN-872,0.0,2,0.0,1.0
rrf_dense_e5_base_v2_post,0.0,0.0,0.0,0.0,0.0,1.0,0.0,,,,,,,,1.0,,,,,,,,0.0,1.0,0.0,0.0,1.092473391979729,0.9196362026809819,8.359465193988923,100,nfcorpus,2.9956556625139044,0.000652611255645752,0.6153638958930969,101.94724015071988,0.0,90.65373009070754,0.0,PLAIN-872,0.0,2,0.0,1.0
rrf_dense_e5_base_v2_pre,0.0,0.0,0.0,0.0,0.0,1.0,0.0,,,,,,,,,1.0,,,,,,,0.0,0.0,1.0,0.0,1.092473391979729,0.9196362026809819,8.359465193988923,100,nfcorpus,2.9956556625139044,0.000652611255645752,0.6153638958930969,101.89544735476375,0.0,90.65373009070754,0.0,PLAIN-872,0.0,2,0.0,1.0
weighted_dense_e5_base_v2_post,0.0,0.0,0.0,0.0,0.0,0.0,1.0,,,,,,,,,,,,1.0,,,,0.0,1.0,0.0,0.0,1.092473391979729,0.9196362026809819,8.359465193988923,100,nfcorpus,2.9956556625139044,0.000652611255645752,0.6153638958930969,102.01561412885785,0.0,90.65373009070754,0.0,PLAIN-872,0.0,2,0.0,1.0
weighted_dense_e5_base_v2_pre,0.0,0.0,0.0,0.0,0.0,0.0,1.0,,,,,,,,,,,,,1.0,,,0.0,0.0,1.0,0.0,1.092473391979729,0.9196362026809819,8.359465193988923,100,nfcorpus,2.9956556625139044,0.000652611255645752,0.6153638958930969,101.96036333218217,0.0,90.65373009070754,0.0,PLAIN-872,0.0,2,0.0,1.0
rrf_pre,0.0,0.0,0.0,0.0,0.0,1.0,0.0,,,,,,,,,,,1.0,,,,,0.0,0.0,1.0,0.0,1.092473391979729,0.9196362026809819,8.359465193988923,100,nfcorpus,2.9956556625139044,0.000652611255645752,0.6153638958930969,76.67265506461263,0.0,90.65373009070754,0.0,PLAIN-872,0.0,2,1.0,1.0
weighted_pre,0.0,0.0,0.0,0.0,0.0,0.0,1.0,,,,,,,,,,,,,,,1.0,0.0,0.0,1.0,0.0,1.092473391979729,0.9196362026809819,8.359465193988923,100,nfcorpus,2.9956556625139044,0.000652611255645752,0.6153638958930969,76.73877384513617,0.0,90.65373009070754,0.0,PLAIN-872,0.0,2,1.0,1.0
rerank_depth_20,0.0,0.0,0.0,0.0,1.0,0.0,0.0,,,,,,,1.0,,,,,,,,,1.0,0.0,0.0,20.0,1.092473391979729,0.9196362026809819,8.359465193988923,23,nfcorpus,2.9956556625139044,0.000652611255645752,0.6153638958930969,80.76831898778677,0.0,90.65373009070754,0.0,PLAIN-872,0.0,2,0.0,1.0
bm25_post,1.0,0.0,0.0,0.0,0.0,0.0,0.0,1.0,,,,,,,,,,,,,,,0.0,1.0,0.0,0.0,0.6706960611023152,3.6154884533955594,10.371004229857613,2,nfcorpus,2.993429736606488,0.022832632064819336,0.7311745882034302,1.3912199914455414,0.3589542101716347,85.74329363182187,0.1,PLAIN-882,0.0,1,0.13333333333333333,1.0
dense_post,0.0,0.0,1.0,0.0,0.0,0.0,0.0,,,,,1.0,,,,,,,,,,,0.0,1.0,0.0,0.0,0.6706960611023152,3.6154884533955594,10.371004229857613,100,nfcorpus,2.993429736606488,0.022832632064819336,0.7311745882034302,89.68494189083576,0.8643145546088337,85.74329363182187,0.1,PLAIN-882,0.0,1,0.7333333333333333,1.0
rrf_post,0.0,0.0,0.0,0.0,0.0,1.0,0.0,,,,,,,,,,1.0,,,,,,0.0,1.0,0.0,0.0,0.6706960611023152,3.6154884533955594,10.371004229857613,100,nfcorpus,2.993429736606488,0.022832632064819336,0.7311745882034302,91.08176975622773,0.8643145546088337,85.74329363182187,0.1,PLAIN-882,0.0,1,0.7333333333333333,1.0
weighted_post,0.0,0.0,0.0,0.0,0.0,0.0,1.0,,,,,,,,,,,,,,1.0,,0.0,1.0,0.0,0.0,0.6706960611023152,3.6154884533955594,10.371004229857613,100,nfcorpus,2.993429736606488,0.022832632064819336,0.7311745882034302,91.15204363241791,0.8643145546088337,85.74329363182187,0.1,PLAIN-882,0.0,1,0.7333333333333333,1.0
bm25_pre,1.0,0.0,0.0,0.0,0.0,0.0,0.0,,1.0,,,,,,,,,,,,,,0.0,0.0,1.0,0.0,0.6706960611023152,3.6154884533955594,10.371004229857613,2,nfcorpus,2.993429736606488,0.022832632064819336,0.7311745882034302,1.3412199914455414,0.3589542101716347,85.74329363182187,0.1,PLAIN-882,0.0,1,0.13333333333333333,1.0
dense_pre,0.0,0.0,1.0,0.0,0.0,0.0,0.0,,,,,,1.0,,,,,,,,,,0.0,0.0,1.0,0.0,0.6706960611023152,3.6154884533955594,10.371004229857613,100,nfcorpus,2.993429736606488,0.022832632064819336,0.7311745882034302,89.63494189083576,0.8643145546088337,85.74329363182187,0.1,PLAIN-882,0.0,1,0.7333333333333333,1.0
dense_e5_base_v2_post,0.0,0.0,1.0,0.0,0.0,0.0,0.0,,,1.0,,,,,,,,,,,,,0.0,1.0,0.0,0.0,0.6706960611023152,3.6154884533955594,10.371004229857613,100,nfcorpus,2.993429736606488,0.022832632064819336,0.7311745882034302,105.85115020275116,0.5271064966405454,85.74329363182187,0.1,PLAIN-882,0.0,1,0.6666666666666666,1.0
dense_e5_base_v2_pre,0.0,0.0,1.0,0.0,0.0,0.0,0.0,,,,1.0,,,,,,,,,,,,0.0,0.0,1.0,0.0,0.6706960611023152,3.6154884533955594,10.371004229857613,100,nfcorpus,2.993429736606488,0.022832632064819336,0.7311745882034302,105.80115020275116,0.5271064966405454,85.74329363182187,0.1,PLAIN-882,0.0,1,0.6666666666666666,1.0
rrf_dense_e5_base_v2_post,0.0,0.0,0.0,0.0,0.0,1.0,0.0,,,,,,,,1.0,,,,,,,,0.0,1.0,0.0,0.0,0.6706960611023152,3.6154884533955594,10.371004229857613,100,nfcorpus,2.993429736606488,0.022832632064819336,0.7311745882034302,107.23674818053841,0.623574432899073,85.74329363182187,0.1,PLAIN-882,0.0,1,0.6666666666666666,1.0
rrf_dense_e5_base_v2_pre,0.0,0.0,0.0,0.0,0.0,1.0,0.0,,,,,,,,,1.0,,,,,,,0.0,0.0,1.0,0.0,0.6706960611023152,3.6154884533955594,10.371004229857613,100,nfcorpus,2.993429736606488,0.022832632064819336,0.7311745882034302,107.18567715957761,0.623574432899073,85.74329363182187,0.1,PLAIN-882,0.0,1,0.6666666666666666,1.0
weighted_dense_e5_base_v2_post,0.0,0.0,0.0,0.0,0.0,0.0,1.0,,,,,,,,,,,,1.0,,,,0.0,1.0,0.0,0.0,0.6706960611023152,3.6154884533955594,10.371004229857613,100,nfcorpus,2.993429736606488,0.022832632064819336,0.7311745882034302,107.30275799632072,0.5271064966405454,85.74329363182187,0.1,PLAIN-882,0.0,1,0.6666666666666666,1.0
weighted_dense_e5_base_v2_pre,0.0,0.0,0.0,0.0,0.0,0.0,1.0,,,,,,,,,,,,,1.0,,,0.0,0.0,1.0,0.0,0.6706960611023152,3.6154884533955594,10.371004229857613,100,nfcorpus,2.993429736606488,0.022832632064819336,0.7311745882034302,107.24755050614476,0.5271064966405454,85.74329363182187,0.1,PLAIN-882,0.0,1,0.6666666666666666,1.0
rrf_pre,0.0,0.0,0.0,0.0,0.0,1.0,0.0,,,,,,,,,,,1.0,,,,,0.0,0.0,1.0,0.0,0.6706960611023152,3.6154884533955594,10.371004229857613,100,nfcorpus,2.993429736606488,0.022832632064819336,0.7311745882034302,91.01908002048731,0.8643145546088337,85.74329363182187,0.1,PLAIN-882,0.0,1,0.7333333333333333,1.0
weighted_pre,0.0,0.0,0.0,0.0,0.0,0.0,1.0,,,,,,,,,,,,,,,1.0,0.0,0.0,1.0,0.0,0.6706960611023152,3.6154884533955594,10.371004229857613,100,nfcorpus,2.993429736606488,0.022832632064819336,0.7311745882034302,91.0840448923409,0.8643145546088337,85.74329363182187,0.1,PLAIN-882,0.0,1,0.7333333333333333,1.0
rerank_depth_20,0.0,0.0,0.0,0.0,1.0,0.0,0.0,,,,,,,1.0,,,,,,,,,1.0,0.0,0.0,20.0,0.6706960611023152,3.6154884533955594,10.371004229857613,20,nfcorpus,2.993429736606488,0.022832632064819336,0.7311745882034302,94.5761618822813,0.8643145546088337,85.74329363182187,0.1,PLAIN-882,0.0,1,0.6,1.0
bm25_post,1.0,0.0,0.0,0.0,0.0,0.0,0.0,1.0,,,,,,,,,,,,,,,0.0,1.0,0.0,0.0,1.7880598519942192,1.0607635411682566,6.21641053820489,6,nfcorpus,2.9946871631732703,0.040769994258880615,0.7699064016342163,1.5533693052828312,0.7273298443105218,83.9021890424192,0.23809523809523808,PLAIN-892,0.0,1,0.06521739130434782,1.0
dense_post,0.0,0.0,1.0,0.0,0.0,0.0,0.0,,,,,1.0,,,,,,,,,,,0.0,1.0,0.0,0.0,1.7880598519942192,1.0607635411682566,6.21641053820489,100,nfcorpus,2.9946871631732703,0.040769994258880615,0.7699064016342163,106.90143992304802,0.8006937664098819,83.9021890424192,0.23809523809523808,PLAIN-892,0.0,1,0.25,1.0
rrf_post,0.0,0.0,0.0,0.0,0.0,1.0,0.0,,,,,,,,,,1.0,,,,,,0.0,1.0,0.0,0.0,1.7880598519942192,1.0607635411682566,6.21641053820489,100,nfcorpus,2.9946871631732703,0.040769994258880615,0.7699064016342163,108.46110022738576,0.9363792118010481,83.9021890424192,0.23809523809523808,PLAIN-892,0.0,1,0.2608695652173913,1.0
weighted_post,0.0,0.0,0.0,0.0,0.0,0.0,1.0,,,,,,,,,,,,,,1.0,,0.0,1.0,0.0,0.0,1.7880598519942192,1.0607635411682566,6.21641053820489,100,nfcorpus,2.9946871631732703,0.040769994258880615,0.7699064016342163,108.53180763423443,0.8701249883466592,83.9021890424192,0.23809523809523808,PLAIN-892,0.0,1,0.2608695652173913,1.0
bm25_pre,1.0,0.0,0.0,0.0,0.0,0.0,0.0,,1.0,,,,,,,,,,,,,,0.0,0.0,1.0,0.0,1.7880598519942192,1.0607635411682566,6.21641053820489,6,nfcorpus,2.9946871631732703,0.040769994258880615,0.7699064016342163,1.5033693052828312,0.7273298443105218,83.9021890424192,0.23809523809523808,PLAIN-892,0.0,1,0.06521739130434782,1.0
dense_pre,0.0,0.0,1.0,0.0,0.0,0.0,0.0,,,,,,1.0,,,,,,,,,,0.0,0.0,1.0,0.0,1.7880598519942192,1.0607635411682566,6.21641053820489,100,nfcorpus,2.9946871631732703,0.040769994258880615,0.7699064016342163,106.85143992304802,0.8006937664098819,83.9021890424192,0.23809523809523808,PLAIN-892,0.0,1,0.25,1.0
dense_e5_base_v2_post,0.0,0.0,1.0,0.0,0.0,0.0,0.0,,,1.0,,,,,,,,,,,,,0.0,1.0,0.0,0.0,1.7880598519942192,1.0607635411682566,6.21641053820489,100,nfcorpus,2.9946871631732703,0.040769994258880615,0.7699064016342163,86.80270294770598,0.9363792118010481,83.9021890424192,0.23809523809523808,PLAIN-892,0.0,1,0.2717391304347826,1.0
dense_e5_base_v2_pre,0.0,0.0,1.0,0.0,0.0,0.0,0.0,,,,1.0,,,,,,,,,,,,0.0,0.0,1.0,0.0,1.7880598519942192,1.0607635411682566,6.21641053820489,100,nfcorpus,2.9946871631732703,0.040769994258880615,0.7699064016342163,86.75270294770598,0.9363792118010481,83.9021890424192,0.23809523809523808,PLAIN-892,0.0,1,0.2717391304347826,1.0
rrf_dense_e5_base_v2_post,0.0,0.0,0.0,0.0,0.0,1.0,0.0,,,,,,,,1.0,,,,,,,,0.0,1.0,0.0,0.0,1.7880598519942192,1.0607635411682566,6.21641053820489,100,nfcorpus,2.9946871631732703,0.040769994258880615,0.7699064016342163,88.35286329612136,0.9363792118010481,83.9021890424192,0.23809523809523808,PLAIN-892,0.0,1,0.2717391304347826,1.0
rrf_dense_e5_base_v2_pre,0.0,0.0,0.0,0.0,0.0,1.0,0.0,,,,,,,,,1.0,,,,,,,0.0,0.0,1.0,0.0,1.7880598519942192,1.0607635411682566,6.21641053820489,100,nfcorpus,2.9946871631732703,0.040769994258880615,0.7699064016342163,88.30067748203874,0.9363792118010481,83.9021890424192,0.23809523809523808,PLAIN-892,0.0,1,0.2717391304347826,1.0
weighted_dense_e5_base_v2_post,0.0,0.0,0.0,0.0,0.0,0.0,1.0,,,,,,,,,,,,1.0,,,,0.0,1.0,0.0,0.0,1.7880598519942192,1.0607635411682566,6.21641053820489,100,nfcorpus,2.9946871631732703,0.040769994258880615,0.7699064016342163,88.42303426116705,0.9363792118010481,83.9021890424192,0.23809523809523808,PLAIN-892,0.0,1,0.2717391304347826,1.0
weighted_dense_e5_base_v2_pre,0.0,0.0,0.0,0.0,0.0,0.0,1.0,,,,,,,,,,,,,1.0,,,0.0,0.0,1.0,0.0,1.7880598519942192,1.0607635411682566,6.21641053820489,100,nfcorpus,2.9946871631732703,0.040769994258880615,0.7699064016342163,88.36225140839815,0.9363792118010481,83.9021890424192,0.23809523809523808,PLAIN-892,0.0,1,0.2717391304347826,1.0
rrf_pre,0.0,0.0,0.0,0.0,0.0,1.0,0.0,,,,,,,,,,,1.0,,,,,0.0,0.0,1.0,0.0,1.7880598519942192,1.0607635411682566,6.21641053820489,100,nfcorpus,2.9946871631732703,0.040769994258880615,0.7699064016342163,108.39899349957705,0.9363792118010481,83.9021890424192,0.23809523809523808,PLAIN-892,0.0,1,0.2608695652173913,1.0
weighted_pre,0.0,0.0,0.0,0.0,0.0,0.0,1.0,,,,,,,,,,,,,,,1.0,0.0,0.0,1.0,0.0,1.7880598519942192,1.0607635411682566,6.21641053820489,100,nfcorpus,2.9946871631732703,0.040769994258880615,0.7699064016342163,108.46468200907111,0.8701249883466592,83.9021890424192,0.23809523809523808,PLAIN-892,0.0,1,0.2608695652173913,1.0
rerank_depth_20,0.0,0.0,0.0,0.0,1.0,0.0,0.0,,,,,,,1.0,,,,,,,,,1.0,0.0,0.0,20.0,1.7880598519942192,1.0607635411682566,6.21641053820489,21,nfcorpus,2.9946871631732703,0.040769994258880615,0.7699064016342163,112.13480922833085,0.9363792118010481,83.9021890424192,0.23809523809523808,PLAIN-892,0.0,1,0.15217391304347827,1.0
bm25_post,1.0,0.0,0.0,0.0,0.0,0.0,0.0,1.0,,,,,,,,,,,,,,,0.0,1.0,0.0,0.0,1.3802572422101314,0.8877874622405235,8.119920323778635,4,nfcorpus,2.9950971513294515,0.05849766731262207,0.7475240230560303,1.3347590260207653,0.6366824387328317,84.18328873813152,0.09090909090909091,PLAIN-902,0.0,1,0.5,1.0
dense_post,0.0,0.0,1.0,0.0,0.0,0.0,0.0,,,,,1.0,,,,,,,,,,,0.0,1.0,0.0,0.0,1.3802572422101314,0.8877874622405235,8.119920323778635,100,nfcorpus,2.9950971513294515,0.05849766731262207,0.7475240230560303,95.13066205307841,0.5294362295028773,84.18328873813152,0.09090909090909091,PLAIN-902,0.0,1,0.5,1.0
rrf_post,0.0,0.0,0.0,0.0,0.0,1.0,0.0,,,,,,,,,,1.0,,,,,,0.0,1.0,0.0,0.0,1.3802572422101314,0.8877874622405235,8.119920323778635,100,nfcorpus,2.9950971513294515,0.05849766731262207,0.7475240230560303,96.47182383686304,0.6366824387328317,84.18328873813152,0.09090909090909091,PLAIN-902,0.0,1,0.5,1.0
weighted_post,0.0,0.0,0.0,0.0,0.0,0.0,1.0,,,,,,,,,,,,,,1.0,,0.0,1.0,0.0,0.0,1.3802572422101314,0.8877874622405235,8.119920323778635,100,nfcorpus,2.9950971513294515,0.05849766731262207,0.7475240230560303,96.53993890732526,0.6366824387328317,84.18328873813152,0.09090909090909091,PLAIN-902,0.0,1,0.5,1.0
bm25_pre,1.0,0.0,0.0,0.0,0.0,0.0,0.0,,1.0,,,,,,,,,,,,,,0.0,0.0,1.0,0.0,1.3802572422101314,0.8877874622405235,8.119920323778635,4,nfcorpus,2.9950971513294515,0.05849766731262207,0.7475240230560303,1.2847590260207653,0.6366824387328317,84.18328873813152,0.09090909090909091,PLAIN-902,0.0,1,0.5,1.0
dense_pre,0.0,0.0,1.0,0.0,0.0,0.0,0.0,,,,,,1.0,,,,,,,,,,0.0,0.0,1.0,0.0,1.3802572422101314,0.8877874622405235,8.119920323778635,100,nfcorpus,2.9950971513294515,0.05849766731262207,0.7475240230560303,95.08066205307841,0.5294362295028773,84.18328873813152,0.09090909090909091,PLAIN-902,0.0,1,0.5,1.0
dense_e5_base_v2_post,0.0,0.0,1.0,0.0,0.0,0.0,0.0,,,1.0,,,,,,,,,,,,,0.0,1.0,0.0,0.0,1.3802572422101314,0.8877874622405235,8.119920323778635,100,nfcorpus,2.9950971513294515,0.05849766731262207,0.7475240230560303,104.07193292975425,0.3903800499921017,84.18328873813152,0.09090909090909091,PLAIN-902,0.0,1,0.5,1.0
dense_e5_base_v2_pre,0.0,0.0,1.0,0.0,0.0,0.0,0.0,,,,1.0,,,,,,,,,,,,0.0,0.0,1.0,0.0,1.3802572422101314,0.8877874622405235,8.119920323778635,100,nfcorpus,2.9950971513294515,0.05849766731262207,0.7475240230560303,104.02193292975426,0.3903800499921017,84.18328873813152,0.09090909090909091,PLAIN-902,0.0,1,0.5,1.0
rrf_dense_e5_base_v2_post,0.0,0.0,0.0,0.0,0.0,1.0,0.0,,,,,,,,1.0,,,,,,,,0.0,1.0,0.0,0.0,1.3802572422101314,0.8877874622405235,8.119920323778635,100,nfcorpus,2.9950971513294515,0.05849766731262207,0.7475240230560303,105.40245994105935,0.5855700749881525,84.18328873813152,0.09090909090909091,PLAIN-902,0.0,1,0.5,1.0
rrf_dense_e5_base_v2_pre,0.0,0.0,0.0,0.0,0.0,1.0,0.0,,,,,,,,,1.0,,,,,,,0.0,0.0,1.0,0.0,1.3802572422101314,0.8877874622405235,8.119920323778635,100,nfcorpus,2.9950971513294515,0.05849766731262207,0.7475240230560303,105.35082314163446,0.5855700749881525,84.18328873813152,0.09090909090909091,PLAIN-902,0.0,1,0.5,1.0
weighted_dense_e5_base_v2_post,0.0,0.0,0.0,0.0,0.0,0.0,1.0,,,,,,,,,,,,1.0,,,,0.0,1.0,0.0,0.0,1.3802572422101314,0.8877874622405235,8.119920323778635,100,nfcorpus,2.9950971513294515,0.05849766731262207,0.7475240230560303,105.46976010426879,0.6366824387328317,84.18328873813152,0.09090909090909091,PLAIN-902,0.0,1,0.5,1.0
weighted_dense_e5_base_v2_pre,0.0,0.0,0.0,0.0,0.0,0.0,1.0,,,,,,,,,,,,,1.0,,,0.0,0.0,1.0,0.0,1.3802572422101314,0.8877874622405235,8.119920323778635,100,nfcorpus,2.9950971513294515,0.05849766731262207,0.7475240230560303,105.4145940579474,0.6366824387328317,84.18328873813152,0.09090909090909091,PLAIN-902,0.0,1,0.5,1.0
rrf_pre,0.0,0.0,0.0,0.0,0.0,1.0,0.0,,,,,,,,,,,1.0,,,,,0.0,0.0,1.0,0.0,1.3802572422101314,0.8877874622405235,8.119920323778635,100,nfcorpus,2.9950971513294515,0.05849766731262207,0.7475240230560303,96.40967100858688,0.6366824387328317,84.18328873813152,0.09090909090909091,PLAIN-902,0.0,1,0.5,1.0
weighted_pre,0.0,0.0,0.0,0.0,0.0,0.0,1.0,,,,,,,,,,,,,,,1.0,0.0,0.0,1.0,0.0,1.3802572422101314,0.8877874622405235,8.119920323778635,100,nfcorpus,2.9950971513294515,0.05849766731262207,0.7475240230560303,96.4746791869402,0.6366824387328317,84.18328873813152,0.09090909090909091,PLAIN-902,0.0,1,0.5,1.0
rerank_depth_20,0.0,0.0,0.0,0.0,1.0,0.0,0.0,,,,,,,1.0,,,,,,,,,1.0,0.0,0.0,20.0,1.3802572422101314,0.8877874622405235,8.119920323778635,22,nfcorpus,2.9950971513294515,0.05849766731262207,0.7475240230560303,100.32542107909917,0.6366824387328317,84.18328873813152,0.09090909090909091,PLAIN-902,0.0,1,0.5,1.0
bm25_post,1.0,0.0,0.0,0.0,0.0,0.0,0.0,1.0,,,,,,,,,,,,,,,0.0,1.0,0.0,0.0,2.528000748994466,0.0,10.26763114878901,13,nfcorpus,2.992440738137677,0.049725890159606934,0.8038231134414673,1.3480280444025994,0.933745776545611,83.40782998129725,0.5,PLAIN-913,0.0,1,0.2647058823529412,1.0
dense_post,0.0,0.0,1.0,0.0,0.0,0.0,0.0,,,,,1.0,,,,,,,,,,,0.0,1.0,0.0,0.0,2.528000748994466,0.0,10.26763114878901,100,nfcorpus,2.992440738137677,0.049725890159606934,0.8038231134414673,93.31321957632899,0.8630152897016882,83.40782998129725,0.5,PLAIN-913,0.0,1,0.38235294117647056,1.0
rrf_post,0.0,0.0,0.0,0.0,0.0,1.0,0.0,,,,,,,,,,1.0,,,,,,0.0,1.0,0.0,0.0,2.528000748994466,0.0,10.26763114878901,100,nfcorpus,2.992440738137677,0.049725890159606934,0.8038231134414673,94.67053747847676,0.8669479898642709,83.40782998129725,0.5,PLAIN-913,0.0,1,0.38235294117647056,1.0
weighted_post,0.0,0.0,0.0,0.0,0.0,0.0,1.0,,,,,,,,,,,,,,1.0,,0.0,1.0,0.0,0.0,2.528000748994466,0.0,10.26763114878901,100,nfcorpus,2.992440738137677,0.049725890159606934,0.8038231134414673,94.74708940014243,0.9305687780632227,83.40782998129725,0.5,PLAIN-913,0.0,1,0.38235294117647056,1.0
bm25_pre,1.0,0.0,0.0,0.0,0.0,0.0,0.0,,1.0,,,,,,,,,,,,,,0.0,0.0,1.0,0.0,2.528000748994466,0.0,10.26763114878901,13,nfcorpus,2.992440738137677,0.049725890159606934,0.8038231134414673,1.2980280444025993,0.933745776545611,83.40782998129725,0.5,PLAIN-913,0.0,1,0.2647058823529412,1.0
dense_pre,0.0,0.0,1.0,0.0,0.0,0.0,0.0,,,,,,1.0,,,,,,,,,,0.0,0.0,1.0,0.0,2.528000748994466,0.0,10.26763114878901,100,nfcorpus,2.992440738137677,0.049725890159606934,0.8038231134414673,93.26321957632899,0.8630152897016882,83.40782998129725,0.5,PLAIN-913,0.0,1,0.38235294117647056,1.0
dense_e5_base_v2_post,0.0,0.0,1.0,0.0,0.0,0.0,0.0,,,1.0,,,,,,,,,,,,,0.0,1.0,0.0,0.0,2.528000748994466,0.0,10.26763114878901,100,nfcorpus,2.992440738137677,0.049725890159606934,0.8038231134414673,94.10107609927654,0.8643145546088337,83.40782998129725,0.5,PLAIN-913,0.0,1,0.38235294117647056,1.0
dense_e5_base_v2_pre,0.0,0.0,1.0,0.0,0.0,0.0,0.0,,,,1.0,,,,,,,,,,,,0.0,0.0,1.0,0.0,2.528000748994466,0.0,10.26763114878901,100,nfcorpus,2.992440738137677,0.049725890159606934,0.8038231134414673,94.05107609927654,0.8643145546088337,83.40782998129725,0.5,PLAIN-913,0.0,1,0.38235294117647056,1.0
rrf_dense_e5_base_v2_post,0.0,0.0,0.0,0.0,0.0,1.0,0.0,,,,,,,,1.0,,,,,,,,0.0,1.0,0.0,0.0,2.528000748994466,0.0,10.26763114878901,100,nfcorpus,2.992440738137677,0.049725890159606934,0.8038231134414673,95.4468558460474,0.8701249883466592,83.40782998129725,0.5,PLAIN-913,0.0,1,0.38235294117647056,1.0
rrf_dense_e5_base_v2_pre,0.0,0.0,0.0,0.0,0.0,1.0,0.0,,,,,,,,,1.0,,,,,,,0.0,0.0,1.0,0.0,2.528000748994466,0.0,10.26763114878901,100,nfcorpus,2.992440738137677,0.049725890159606934,0.8038231134414673,95.39554407820106,0.8701249883466592,83.40782998129725,0.5,PLAIN-913,0.0,1,0.38235294117647056,1.0
weighted_dense_e5_base_v2_post,0.0,0.0,0.0,0.0,0.0,0.0,1.0,,,,,,,,,,,,1.0,,,,0.0,1.0,0.0,0.0,2.528000748994466,0.0,10.26763114878901,100,nfcorpus,2.992440738137677,0.049725890159606934,0.8038231134414673,95.51663518995046,0.933745776545611,83.40782998129725,0.5,PLAIN-913,0.0,1,0.38235294117647056,1.0
weighted_dense_e5_base_v2_pre,0.0,0.0,0.0,0.0,0.0,0.0,1.0,,,,,,,,,,,,,1.0,,,0.0,0.0,1.0,0.0,2.528000748994466,0.0,10.26763114878901,100,nfcorpus,2.992440738137677,0.049725890159606934,0.8038231134414673,95.46174295246601,0.933745776545611,83.40782998129725,0.5,PLAIN-913,0.0,1,0.38235294117647056,1.0
rrf_pre,0.0,0.0,0.0,0.0,0.0,1.0,0.0,,,,,,,,,,,1.0,,,,,0.0,0.0,1.0,0.0,2.528000748994466,0.0,10.26763114878901,100,nfcorpus,2.992440738137677,0.049725890159606934,0.8038231134414673,94.60833156481385,0.8669479898642709,83.40782998129725,0.5,PLAIN-913,0.0,1,0.38235294117647056,1.0
weighted_pre,0.0,0.0,0.0,0.0,0.0,0.0,1.0,,,,,,,,,,,,,,,1.0,0.0,0.0,1.0,0.0,2.528000748994466,0.0,10.26763114878901,100,nfcorpus,2.992440738137677,0.049725890159606934,0.8038231134414673,94.67447502538562,0.9305687780632227,83.40782998129725,0.5,PLAIN-913,0.0,1,0.38235294117647056,1.0
rerank_depth_20,0.0,0.0,0.0,0.0,1.0,0.0,0.0,,,,,,,1.0,,,,,,,,,1.0,0.0,0.0,20.0,2.528000748994466,0.0,10.26763114878901,22,nfcorpus,2.992440738137677,0.049725890159606934,0.8038231134414673,98.52124762073159,0.9305687780632227,83.40782998129725,0.5,PLAIN-913,0.0,1,0.3235294117647059,1.0
bm25_post,1.0,0.0,0.0,0.0,0.0,0.0,0.0,1.0,,,,,,,,,,,,,,,0.0,1.0,0.0,0.0,-1.000088900581841e-12,14.58993056650131,14.58993056650131,1,nfcorpus,2.9943595303689206,0.01113361120223999,0.721136212348938,1.3496848672628403,0.22009176629808017,90.62320971861482,0.05,PLAIN-924,0.0,1,0.03125,1.0
dense_post,0.0,0.0,1.0,0.0,0.0,0.0,0.0,,,,,1.0,,,,,,,,,,,0.0,1.0,0.0,0.0,-1.000088900581841e-12,14.58993056650131,14.58993056650131,100,nfcorpus,2.9943595303689206,0.01113361120223999,0.721136212348938,105.48722612783313,0.4982710309705437,90.62320971861482,0.05,PLAIN-924,0.0,1,0.4375,1.0
rrf_post,0.0,0.0,0.0,0.0,0.0,1.0,0.0,,,,,,,,,,1.0,,,,,,0.0,1.0,0.0,0.0,-1.000088900581841e-12,14.58993056650131,14.58993056650131,100,nfcorpus,2.9943595303689206,0.01113361120223999,0.721136212348938,106.84295193403959,0.5795003533950692,90.62320971861482,0.05,PLAIN-924,0.0,1,0.4375,1.0
weighted_post,0.0,0.0,0.0,0.0,0.0,0.0,1.0,,,,,,,,,,,,,,1.0,,0.0,1.0,0.0,0.0,-1.000088900581841e-12,14.58993056650131,14.58993056650131,100,nfcorpus,2.9943595303689206,0.01113361120223999,0.721136212348938,106.91737298965454,0.5795003533950692,90.62320971861482,0.05,PLAIN-924,0.0,1,0.4375,1.0
bm25_pre,1.0,0.0,0.0,0.0,0.0,0.0,0.0,,1.0,,,,,,,,,,,,,,0.0,0.0,1.0,0.0,-1.000088900581841e-12,14.58993056650131,14.58993056650131,1,nfcorpus,2.9943595303689206,0.01113361120223999,0.721136212348938,1.2996848672628403,0.22009176629808017,90.62320971861482,0.05,PLAIN-924,0.0,1,0.03125,1.0
dense_pre,0.0,0.0,1.0,0.0,0.0,0.0,0.0,,,,,,1.0,,,,,,,,,,0.0,0.0,1.0,0.0,-1.000088900581841e-12,14.58993056650131,14.58993056650131,100,nfcorpus,2.9943595303689206,0.01113361120223999,0.721136212348938,105.43722612783313,0.4982710309705437,90.62320971861482,0.05,PLAIN-924,0.0,1,0.4375,1.0
dense_e5_base_v2_post,0.0,0.0,1.0,0.0,0.0,0.0,0.0,,,1.0,,,,,,,,,,,,,0.0,1.0,0.0,0.0,-1.000088900581841e-12,14.58993056650131,14.58993056650131,100,nfcorpus,2.9943595303689206,0.01113361120223999,0.721136212348938,90.56804104819894,0.6929852696575346,90.62320971861482,0.05,PLAIN-924,0.0,1,0.46875,1.0
dense_e5_base_v2_pre,0.0,0.0,1.0,0.0,0.0,0.0,0.0,,,,1.0,,,,,,,,,,,,0.0,0.0,1.0,0.0,-1.000088900581841e-12,14.58993056650131,14.58993056650131,100,nfcorpus,2.9943595303689206,0.01113361120223999,0.721136212348938,90.51804104819894,0.6929852696575346,90.62320971861482,0.05,PLAIN-924,0.0,1,0.46875,1.0
rrf_dense_e5_base_v2_post,0.0,0.0,0.0,0.0,0.0,1.0,0.0,,,,,,,,1.0,,,,,,,,0.0,1.0,0.0,0.0,-1.000088900581841e-12,14.58993056650131,14.58993056650131,100,nfcorpus,2.9943595303689206,0.01113361120223999,0.721136212348938,91.91280192807316,0.6929852696575346,90.62320971861482,0.05,PLAIN-924,0.0,1,0.46875,1.0
rrf_dense_e5_base_v2_pre,0.0,0.0,0.0,0.0,0.0,1.0,0.0,,,,,,,,,1.0,,,,,,,0.0,0.0,1.0,0.0,-1.000088900581841e-12,14.58993056650131,14.58993056650131,100,nfcorpus,2.9943595303689206,0.01113361120223999,0.721136212348938,91.86083683744073,0.6929852696575346,90.62320971861482,0.05,PLAIN-924,0.0,1,0.46875,1.0
weighted_dense_e5_base_v2_post,0.0,0.0,0.0,0.0,0.0,0.0,1.0,,,,,,,,,,,,1.0,,,,0.0,1.0,0.0,0.0,-1.000088900581841e-12,14.58993056650131,14.58993056650131,100,nfcorpus,2.9943595303689206,0.01113361120223999,0.721136212348938,91.97883595824241,0.6929852696575346,90.62320971861482,0.05,PLAIN-924,0.0,1,0.46875,1.0
weighted_dense_e5_base_v2_pre,0.0,0.0,0.0,0.0,0.0,0.0,1.0,,,,,,,,,,,,,1.0,,,0.0,0.0,1.0,0.0,-1.000088900581841e-12,14.58993056650131,14.58993056650131,100,nfcorpus,2.9943595303689206,0.01113361120223999,0.721136212348938,91.9243860989809,0.6929852696575346,90.62320971861482,0.05,PLAIN-924,0.0,1,0.46875,1.0
rrf_pre,0.0,0.0,0.0,0.0,0.0,1.0,0.0,,,,,,,,,,,1.0,,,,,0.0,0.0,1.0,0.0,-1.000088900581841e-12,14.58993056650131,14.58993056650131,100,nfcorpus,2.9943595303689206,0.01113361120223999,0.721136212348938,106.78045311942697,0.5795003533950692,90.62320971861482,0.05,PLAIN-924,0.0,1,0.4375,1.0
weighted_pre,0.0,0.0,0.0,0.0,0.0,0.0,1.0,,,,,,,,,,,,,,,1.0,0.0,0.0,1.0,0.0,-1.000088900581841e-12,14.58993056650131,14.58993056650131,100,nfcorpus,2.9943595303689206,0.01113361120223999,0.721136212348938,106.84438608586788,0.5795003533950692,90.62320971861482,0.05,PLAIN-924,0.0,1,0.4375,1.0
rerank_depth_20,0.0,0.0,0.0,0.0,1.0,0.0,0.0,,,,,,,1.0,,,,,,,,,1.0,0.0,0.0,20.0,-1.000088900581841e-12,14.58993056650131,14.58993056650131,20,nfcorpus,2.9943595303689206,0.01113361120223999,0.721136212348938,110.33691099509596,0.5795003533950692,90.62320971861482,0.05,PLAIN-924,0.0,1,0.28125,1.0
bm25_post,1.0,0.0,0.0,0.0,0.0,0.0,0.0,1.0,,,,,,,,,,,,,,,0.0,1.0,0.0,0.0,2.9944235220399724,0.04140584935759506,7.489425679209396,48,nfcorpus,2.995419110393467,0.0011758804321289062,0.7312102317810059,1.3561678037047387,1.0,75.94071049243212,0.8181818181818182,PLAIN-934,0.0,1,0.3564356435643564,1.0
dense_post,0.0,0.0,1.0,0.0,0.0,0.0,0.0,,,,,1.0,,,,,,,,,,,0.0,1.0,0.0,0.0,2.9944235220399724,0.04140584935759506,7.489425679209396,100,nfcorpus,2.995419110393467,0.0011758804321289062,0.7312102317810059,99.88216878026724,1.0,75.94071049243212,0.8181818181818182,PLAIN-934,0.0,1,0.40594059405940597,1.0
rrf_post,0.0,0.0,0.0,0.0,0.0,1.0,0.0,,,,,,,,,,1.0,,,,,,0.0,1.0,0.0,0.0,2.9944235220399724,0.04140584935759506,7.489425679209396,100,nfcorpus,2.995419110393467,0.0011758804321289062,0.7312102317810059,101.25803769677877,1.0,75.94071049243212,0.8181818181818182,PLAIN-934,0.0,1,0.43564356435643564,1.0
weighted_post,0.0,0.0,0.0,0.0,0.0,0.0,1.0,,,,,,,,,,,,,,1.0,,0.0,1.0,0.0,0.0,2.9944235220399724,0.04140584935759506,7.489425679209396,100,nfcorpus,2.995419110393467,0.0011758804321289062,0.7312102317810059,101.33330159932375,1.0,75.94071049243212,0.8181818181818182,PLAIN-934,0.0,1,0.44554455445544555,1.0
bm25_pre,1.0,0.0,0.0,0.0,0.0,0.0,0.0,,1.0,,,,,,,,,,,,,,0.0,0.0,1.0,0.0,2.9944235220399724,0.04140584935759506,7.489425679209396,48,nfcorpus,2.995419110393467,0.0011758804321289062,0.7312102317810059,1.3061678037047386,1.0,75.94071049243212,0.8181818181818182,PLAIN-934,0.0,1,0.3564356435643564,1.0
dense_pre,0.0,0.0,1.0,0.0,0.0,0.0,0.0,,,,,,1.0,,,,,,,,,,0.0,0.0,1.0,0.0,2.9944235220399724,0.04140584935759506,7.489425679209396,100,nfcorpus,2.995419110393467,0.0011758804321289062,0.7312102317810059,99.83216878026724,1.0,75.94071049243212,0.8181818181818182,PLAIN-934,0.0,1,0.40594059405940597,1.0
dense_e5_base_v2_post,0.0,0.0,1.0,0.0,0.0,0.0,0.0,,,1.0,,,,,,,,,,,,,0.0,1.0,0.0,0.0,2.9944235220399724,0.04140584935759506,7.489425679209396,100,nfcorpus,2.995419110393467,0.0011758804321289062,0.7312102317810059,100.55209891051054,1.0,75.94071049243212,0.8181818181818182,PLAIN-934,0.0,1,0.4158415841584158,1.0
dense_e5_base_v2_pre,0.0,0.0,1.0,0.0,0.0,0.0,0.0,,,,1.0,,,,,,,,,,,,0.0,0.0,1.0,0.0,2.9944235220399724,0.04140584935759506,7.489425679209396,100,nfcorpus,2.995419110393467,0.0011758804321289062,0.7312102317810059,100.50209891051054,1.0,75.94071049243212,0.8181818181818182,PLAIN-934,0.0,1,0.4158415841584158,1.0
rrf_dense_e5_base_v2_post,0.0,0.0,0.0,0.0,0.0,1.0,0.0,,,,,,,,1.0,,,,,,,,0.0,1.0,0.0,0.0,2.9944235220399724,0.04140584935759506,7.489425679209396,100,nfcorpus,2.995419110393467,0.0011758804321289062,0.7312102317810059,101.93431665301323,1.0,75.94071049243212,0.8181818181818182,PLAIN-934,0.0,1,0.43564356435643564,1.0
rrf_dense_e5_base_v2_pre,0.0,0.0,0.0,0.0,0.0,1.0,0.0,,,,,,,,,1.0,,,,,,,0.0,0.0,1.0,0.0,2.9944235220399724,0.04140584935759506,7.489425679209396,100,nfcorpus,2.995419110393467,0.0011758804321289062,0.7312102317810059,101.86576098203659,1.0,75.94071049243212,0.8181818181818182,PLAIN-934,0.0,1,0.43564356435643564,1.0
weighted_dense_e5_base_v2_post,0.0,0.0,0.0,0.0,0.0,0.0,1.0,,,,,,,,,,,,1.0,,,,0.0,1.0,0.0,0.0,2.9944235220399724,0.04140584935759506,7.489425679209396,100,nfcorpus,2.995419110393467,0.0011758804321289062,0.7312102317810059,101.99579185917973,1.0,75.94071049243212,0.8181818181818182,PLAIN-934,0.0,1,0.43564356435643564,1.0
weighted_dense_e5_base_v2_pre,0.0,0.0,0.0,0.0,0.0,0.0,1.0,,,,,,,,,,,,,1.0,,,0.0,0.0,1.0,0.0,2.9944235220399724,0.04140584935759506,7.489425679209396,100,nfcorpus,2.995419110393467,0.0011758804321289062,0.7312102317810059,101.94323677569628,1.0,75.94071049243212,0.8181818181818182,PLAIN-934,0.0,1,0.43564356435643564,1.0
rrf_pre,0.0,0.0,0.0,0.0,0.0,1.0,0.0,,,,,,,,,,,1.0,,,,,0.0,0.0,1.0,0.0,2.9944235220399724,0.04140584935759506,7.489425679209396,100,nfcorpus,2.995419110393467,0.0011758804321289062,0.7312102317810059,101.19660152122378,1.0,75.94071049243212,0.8181818181818182,PLAIN-934,0.0,1,0.43564356435643564,1.0
weighted_pre,0.0,0.0,0.0,0.0,0.0,0.0,1.0,,,,,,,,,,,,,,,1.0,0.0,0.0,1.0,0.0,2.9944235220399724,0.04140584935759506,7.489425679209396,100,nfcorpus,2.995419110393467,0.0011758804321289062,0.7312102317810059,101.27685591578484,1.0,75.94071049243212,0.8181818181818182,PLAIN-934,0.0,1,0.44554455445544555,1.0
rerank_depth_20,0.0,0.0,0.0,0.0,1.0,0.0,0.0,,,,,,,1.0,,,,,,,,,1.0,0.0,0.0,20.0,2.9944235220399724,0.04140584935759506,7.489425679209396,22,nfcorpus,2.995419110393467,0.0011758804321289062,0.7312102317810059,105.09833658397197,1.0,75.94071049243212,0.8181818181818182,PLAIN-934,0.0,1,0.21782178217821782,1.0
bm25_post,1.0,0.0,0.0,0.0,0.0,0.0,0.0,1.0,,,,,,,,,,,,,,,0.0,1.0,0.0,0.0,1.0805112459579433,1.7802918244172545,7.808581706516799,3,nfcorpus,2.99542255987644,0.010066747665405273,0.6373927593231201,1.4194758526980877,0.3589542101716347,96.47697303444147,0.0,PLAIN-946,0.0,1,0.06451612903225806,1.0
dense_post,0.0,0.0,1.0,0.0,0.0,0.0,0.0,,,,,1.0,,,,,,,,,,,0.0,1.0,0.0,0.0,1.0805112459579433,1.7802918244172545,7.808581706516799,100,nfcorpus,2.99542255987644,0.010066747665405273,0.6373927593231201,75.12143262773752,0.0,96.47697303444147,0.0,PLAIN-946,0.0,1,0.03225806451612903,1.0
rrf_post,0.0,0.0,0.0,0.0,0.0,1.0,0.0,,,,,,,,,,1.0,,,,,,0.0,1.0,0.0,0.0,1.0805112459579433,1.7802918244172545,7.808581706516799,100,nfcorpus,2.99542255987644,0.010066747665405273,0.6373927593231201,76.54973733350634,0.33013764944712026,96.47697303444147,0.0,PLAIN-946,0.0,1,0.06451612903225806,1.0
weighted_post,0.0,0.0,0.0,0.0,0.0,0.0,1.0,,,,,,,,,,,,,,1.0,,0.0,1.0,0.0,0.0,1.0805112459579433,1.7802918244172545,7.808581706516799,100,nfcorpus,2.99542255987644,0.010066747665405273,0.6373927593231201,76.62254347577691,0.22009176629808017,96.47697303444147,0.0,PLAIN-946,0.0,1,0.06451612903225806,1.0
bm25_pre,1.0,0.0,0.0,0.0,0.0,0.0,0.0,,1.0,,,,,,,,,,,,,,0.0,0.0,1.0,0.0,1.0805112459579433,1.7802918244172545,7.808581706516799,3,nfcorpus,2.99542255987644,0.010066747665405273,0.6373927593231201,1.3694758526980877,0.3589542101716347,96.47697303444147,0.0,PLAIN-946,0.0,1,0.06451612903225806,1.0
dense_pre,0.0,0.0,1.0,0.0,0.0,0.0,0.0,,,,,,1.0,,,,,,,,,,0.0,0.0,1.0,0.0,1.0805112459579433,1.7802918244172545,7.808581706516799,100,nfcorpus,2.99542255987644,0.010066747665405273,0.6373927593231201,75.07143262773752,0.0,96.47697303444147,0.0,PLAIN-946,0.0,1,0.03225806451612903,1.0
dense_e5_base_v2_post,0.0,0.0,1.0,0.0,0.0,0.0,0.0,,,1.0,,,,,,,,,,,,,0.0,1.0,0.0,0.0,1.0805112459579433,1.7802918244172545,7.808581706516799,100,nfcorpus,2.99542255987644,0.010066747665405273,0.6373927593231201,100.67211193144321,0.08514311764162098,96.47697303444147,0.0,PLAIN-946,0.0,1,0.12903225806451613,1.0
dense_e5_base_v2_pre,0.0,0.0,1.0,0.0,0.0,0.0,0.0,,,,1.0,,,,,,,,,,,,0.0,0.0,1.0,0.0,1.0805112459579433,1.7802918244172545,7.808581706516799,100,nfcorpus,2.99542255987644,0.010066747665405273,0.6373927593231201,100.62211193144321,0.08514311764162098,96.47697303444147,0.0,PLAIN-946,0.0,1,0.12903225806451613,1.0
rrf_dense_e5_base_v2_post,0.0,0.0,0.0,0.0,0.0,1.0,0.0,,,,,,,,1.0,,,,,,,,0.0,1.0,0.0,0.0,1.0805112459579433,1.7802918244172545,7.808581706516799,100,nfcorpus,2.99542255987644,0.010066747665405273,0.6373927593231201,102.08713271766901,0.3995688713838975,96.47697303444147,0.0,PLAIN-946,0.0,1,0.16129032258064516,1.0
rrf_dense_e5_base_v2_pre,0.0,0.0,0.0,0.0,0.0,1.0,0.0,,,,,,,,,1.0,,,,,,,0.0,0.0,1.0,0.0,1.0805112459579433,1.7802918244172545,7.808581706516799,100,nfcorpus,2.99542255987644,0.010066747665405273,0.6373927593231201,102.03531198203564,0.3995688713838975,96.47697303444147,0.0,PLAIN-946,0.0,1,0.16129032258064516,1.0
weighted_dense_e5_base_v2_post,0.0,0.0,0.0,0.0,0.0,0.0,1.0,,,,,,,,,,,,1.0,,,,0.0,1.0,0.0,0.0,1.0805112459579433,1.7802918244172545,7.808581706516799,100,nfcorpus,2.99542255987644,0.010066747665405273,0.6373927593231201,102.1586061373353,0.2984900352767555,96.47697303444147,0.0,PLAIN-946,0.0,1,0.16129032258064516,1.0
weighted_dense_e5_base_v2_pre,0.0,0.0,0.0,0.0,0.0,0.0,1.0,,,,,,,,,,,,,1.0,,,0.0,0.0,1.0,0.0,1.0805112459579433,1.7802918244172545,7.808581706516799,100,nfcorpus,2.99542255987644,0.010066747665405273,0.6373927593231201,102.10114251822233,0.2984900352767555,96.47697303444147,0.0,PLAIN-946,0.0,1,0.16129032258064516,1.0
rrf_pre,0.0,0.0,0.0,0.0,0.0,1.0,0.0,,,,,,,,,,,1.0,,,,,0.0,0.0,1.0,0.0,1.0805112459579433,1.7802918244172545,7.808581706516799,100,nfcorpus,2.99542255987644,0.010066747665405273,0.6373927593231201,76.48477051407099,0.33013764944712026,96.47697303444147,0.0,PLAIN-946,0.0,1,0.06451612903225806,1.0
weighted_pre,0.0,0.0,0.0,0.0,0.0,0.0,1.0,,,,,,,,,,,,,,,1.0,0.0,0.0,1.0,0.0,1.0805112459579433,1.7802918244172545,7.808581706516799,100,nfcorpus,2.99542255987644,0.010066747665405273,0.6373927593231201,76.55108068138361,0.22009176629808017,96.47697303444147,0.0,PLAIN-946,0.0,1,0.06451612903225806,1.0
rerank_depth_20,0.0,0.0,0.0,0.0,1.0,0.0,0.0,,,,,,,1.0,,,,,,,,,1.0,0.0,0.0,20.0,1.0805112459579433,1.7802918244172545,7.808581706516799,23,nfcorpus,2.99542255987644,0.010066747665405273,0.6373927593231201,80.58090848043561,0.22009176629808017,96.47697303444147,0.0,PLAIN-946,0.0,1,0.06451612903225806,1.0
bm25_post,1.0,0.0,0.0,0.0,0.0,0.0,0.0,1.0,,,,,,,,,,,,,,,0.0,1.0,0.0,0.0,2.9899342786468726,0.8456658288930896,8.518945386949344,100,nfcorpus,2.9948973369601974,0.01601022481918335,0.729358434677124,2.585209059715271,0.4800032020044255,91.5503278374672,0.3333333333333333,PLAIN-956,0.0,2,0.1650485436893204,1.0
dense_post,0.0,0.0,1.0,0.0,0.0,0.0,0.0,,,,,1.0,,,,,,,,,,,0.0,1.0,0.0,0.0,2.9899342786468726,0.8456658288930896,8.518945386949344,100,nfcorpus,2.9948973369601974,0.01601022481918335,0.729358434677124,84.00286509767174,0.7631925784528222,91.5503278374672,0.3333333333333333,PLAIN-956,0.0,2,0.21359223300970873,1.0
rrf_post,0.0,0.0,0.0,0.0,0.0,1.0,0.0,,,,,,,,,,1.0,,,,,,0.0,1.0,0.0,0.0,2.9899342786468726,0.8456658288930896,8.518945386949344,100,nfcorpus,2.9948973369601974,0.01601022481918335,0.729358434677124,86.63559853211045,0.61886564587798,91.5503278374672,0.3333333333333333,PLAIN-956,0.0,2,0.23300970873786409,1.0
weighted_post,0.0,0.0,0.0,0.0,0.0,0.0,1.0,,,,,,,,,,,,,,1.0,,0.0,1.0,0.0,0.0,2.9899342786468726,0.8456658288930896,8.518945386949344,100,nfcorpus,2.9948973369601974,0.01601022481918335,0.729358434677124,86.7350670427084,0.7315449642824573,91.5503278374672,0.3333333333333333,PLAIN-956,0.0,2,0.23300970873786409,1.0
bm25_pre,1.0,0.0,0.0,0.0,0.0,0.0,0.0,,1.0,,,,,,,,,,,,,,0.0,0.0,1.0,0.0,2.9899342786468726,0.8456658288930896,8.518945386949344,100,nfcorpus,2.9948973369601974,0.01601022481918335,0.729358434677124,2.535209059715271,0.4800032020044255,91.5503278374672,0.3333333333333333,PLAIN-956,0.0,2,0.1650485436893204,1.0
dense_pre,0.0,0.0,1.0,0.0,0.0,0.0,0.0,,,,,,1.0,,,,,,,,,,0.0,0.0,1.0,0.0,2.9899342786468726,0.8456658288930896,8.518945386949344,100,nfcorpus,2.9948973369601974,0.01601022481918335,0.729358434677124,83.95286509767175,0.7631925784528222,91.5503278374672,0.3333333333333333,PLAIN-956,0.0,2,0.21359223300970873,1.0
dense_e5_base_v2_post,0.0,0.0,1.0,0.0,0.0,0.0,0.0,,,1.0,,,,,,,,,,,,,0.0,1.0,0.0,0.0,2.9899342786468726,0.8456658288930896,8.518945386949344,100,nfcorpus,2.9948973369601974,0.01601022481918335,0.729358434677124,110.88697574213147,0.8268133666517739,91.5503278374672,0.3333333333333333,PLAIN-956,0.0,2,0.1796116504854369,1.0
dense_e5_base_v2_pre,0.0,0.0,1.0,0.0,0.0,0.0,0.0,,,,1.0,,,,,,,,,,,,0.0,0.0,1.0,0.0,2.9899342786468726,0.8456658288930896,8.518945386949344,100,nfcorpus,2.9948973369601974,0.01601022481918335,0.729358434677124,110.83697574213147,0.8268133666517739,91.5503278374672,0.3333333333333333,PLAIN-956,0.0,2,0.1796116504854369,1.0
rrf_dense_e5_base_v2_post,0.0,0.0,0.0,0.0,0.0,1.0,0.0,,,,,,,,1.0,,,,,,,,0.0,1.0,0.0,0.0,2.9899342786468726,0.8456658288930896,8.518945386949344,100,nfcorpus,2.9948973369601974,0.01601022481918335,0.729358434677124,113.50358192920685,0.6403089930936581,91.5503278374672,0.3333333333333333,PLAIN-956,0.0,2,0.21844660194174756,1.0
rrf_dense_e5_base_v2_pre,0.0,0.0,0.0,0.0,0.0,1.0,0.0,,,,,,,,,1.0,,,,,,,0.0,0.0,1.0,0.0,2.9899342786468726,0.8456658288930896,8.518945386949344,100,nfcorpus,2.9948973369601974,0.01601022481918335,0.729358434677124,113.46718156710267,0.6403089930936581,91.5503278374672,0.3333333333333333,PLAIN-956,0.0,2,0.21844660194174756,1.0
weighted_dense_e5_base_v2_post,0.0,0.0,0.0,0.0,0.0,0.0,1.0,,,,,,,,,,,,1.0,,,,0.0,1.0,0.0,0.0,2.9899342786468726,0.8456658288930896,8.518945386949344,100,nfcorpus,2.9948973369601974,0.01601022481918335,0.729358434677124,113.6049210011959,0.6520881886359191,91.5503278374672,0.3333333333333333,PLAIN-956,0.0,2,0.21844660194174756,1.0
weighted_dense_e5_base_v2_pre,0.0,0.0,0.0,0.0,0.0,0.0,1.0,,,,,,,,,,,,,1.0,,,0.0,0.0,1.0,0.0,2.9899342786468726,0.8456658288930896,8.518945386949344,100,nfcorpus,2.9948973369601974,0.01601022481918335,0.729358434677124,113.54934284463525,0.6520881886359191,91.5503278374672,0.3333333333333333,PLAIN-956,0.0,2,0.21844660194174756,1.0
rrf_pre,0.0,0.0,0.0,0.0,0.0,1.0,0.0,,,,,,,,,,,1.0,,,,,0.0,0.0,1.0,0.0,2.9899342786468726,0.8456658288930896,8.518945386949344,100,nfcorpus,2.9948973369601974,0.01601022481918335,0.729358434677124,86.56805520877242,0.61886564587798,91.5503278374672,0.3333333333333333,PLAIN-956,0.0,2,0.23300970873786409,1.0
weighted_pre,0.0,0.0,0.0,0.0,0.0,0.0,1.0,,,,,,,,,,,,,,,1.0,0.0,0.0,1.0,0.0,2.9899342786468726,0.8456658288930896,8.518945386949344,100,nfcorpus,2.9948973369601974,0.01601022481918335,0.729358434677124,86.66547108441591,0.7315449642824573,91.5503278374672,0.3333333333333333,PLAIN-956,0.0,2,0.23300970873786409,1.0
rerank_depth_20,0.0,0.0,0.0,0.0,1.0,0.0,0.0,,,,,,,1.0,,,,,,,,,1.0,0.0,0.0,20.0,2.9899342786468726,0.8456658288930896,8.518945386949344,30,nfcorpus,2.9948973369601974,0.01601022481918335,0.729358434677124,91.88807415738702,0.702728403557943,91.5503278374672,0.3333333333333333,PLAIN-956,0.0,2,0.0825242718446602,1.0
bm25_post,1.0,0.0,0.0,0.0,0.0,0.0,0.0,1.0,,,,,,,,,,,,,,,0.0,1.0,0.0,0.0,2.1812348636943004,1.3655842243986127,8.23440718527282,9,nfcorpus,2.995470844820712,0.04348880052566528,0.726666271686554,1.36647614762187,0.16716045496620227,72.43698090314865,0.03571428571428571,PLAIN-966,0.0,1,0.3333333333333333,1.0
dense_post,0.0,0.0,1.0,0.0,0.0,0.0,0.0,,,,,1.0,,,,,,,,,,,0.0,1.0,0.0,0.0,2.1812348636943004,1.3655842243986127,8.23440718527282,100,nfcorpus,2.995470844820712,0.04348880052566528,0.726666271686554,101.04904518574476,0.0,72.43698090314865,0.03571428571428571,PLAIN-966,0.0,1,0.0,1.0
rrf_post,0.0,0.0,0.0,0.0,0.0,1.0,0.0,,,,,,,,,,1.0,,,,,,0.0,1.0,0.0,0.0,2.1812348636943004,1.3655842243986127,8.23440718527282,100,nfcorpus,2.995470844820712,0.04348880052566528,0.726666271686554,102.42299324944615,0.0,72.43698090314865,0.03571428571428571,PLAIN-966,0.0,1,0.3333333333333333,1.0
weighted_post,0.0,0.0,0.0,0.0,0.0,0.0,1.0,,,,,,,,,,,,,,1.0,,0.0,1.0,0.0,0.0,2.1812348636943004,1.3655842243986127,8.23440718527282,100,nfcorpus,2.995470844820712,0.04348880052566528,0.726666271686554,102.49406061246991,0.0,72.43698090314865,0.03571428571428571,PLAIN-966,0.0,1,0.3333333333333333,1.0
bm25_pre,1.0,0.0,0.0,0.0,0.0,0.0,0.0,,1.0,,,,,,,,,,,,,,0.0,0.0,1.0,0.0,2.1812348636943004,1.3655842243986127,8.23440718527282,9,nfcorpus,2.995470844820712,0.04348880052566528,0.726666271686554,1.31647614762187,0.16716045496620227,72.43698090314865,0.03571428571428571,PLAIN-966,0.0,1,0.3333333333333333,1.0
dense_pre,0.0,0.0,1.0,0.0,0.0,0.0,0.0,,,,,,1.0,,,,,,,,,,0.0,0.0,1.0,0.0,2.1812348636943004,1.3655842243986127,8.23440718527282,100,nfcorpus,2.995470844820712,0.04348880052566528,0.726666271686554,100.99904518574476,0.0,72.43698090314865,0.03571428571428571,PLAIN-966,0.0,1,0.0,1.0
dense_e5_base_v2_post,0.0,0.0,1.0,0.0,0.0,0.0,0.0,,,1.0,,,,,,,,,,,,,0.0,1.0,0.0,0.0,2.1812348636943004,1.3655842243986127,8.23440718527282,100,nfcorpus,2.995470844820712,0.04348880052566528,0.726666271686554,92.96948983445763,0.0,72.43698090314865,0.03571428571428571,PLAIN-966,0.0,1,0.0,1.0
dense_e5_base_v2_pre,0.0,0.0,1.0,0.0,0.0,0.0,0.0,,,,1.0,,,,,,,,,,,,0.0,0.0,1.0,0.0,2.1812348636943004,1.3655842243986127,8.23440718527282,100,nfcorpus,2.995470844820712,0.04348880052566528,0.726666271686554,92.91948983445764,0.0,72.43698090314865,0.03571428571428571,PLAIN-966,0.0,1,0.0,1.0
rrf_dense_e5_base_v2_post,0.0,0.0,0.0,0.0,0.0,1.0,0.0,,,,,,,,1.0,,,,,,,,0.0,1.0,0.0,0.0,2.1812348636943004,1.3655842243986127,8.23440718527282,100,nfcorpus,2.995470844820712,0.04348880052566528,0.726666271686554,94.33364969789982,0.0,72.43698090314865,0.03571428571428571,PLAIN-966,0.0,1,0.3333333333333333,1.0
rrf_dense_e5_base_v2_pre,0.0,0.0,0.0,0.0,0.0,1.0,0.0,,,,,,,,,1.0,,,,,,,0.0,0.0,1.0,0.0,2.1812348636943004,1.3655842243986127,8.23440718527282,100,nfcorpus,2.995470844820712,0.04348880052566528,0.726666271686554,94.281991943717,0.0,72.43698090314865,0.03571428571428571,PLAIN-966,0.0,1,0.3333333333333333,1.0
weighted_dense_e5_base_v2_post,0.0,0.0,0.0,0.0,0.0,0.0,1.0,,,,,,,,,,,,1.0,,,,0.0,1.0,0.0,0.0,2.1812348636943004,1.3655842243986127,8.23440718527282,100,nfcorpus,2.995470844820712,0.04348880052566528,0.726666271686554,94.40278223827481,0.0,72.43698090314865,0.03571428571428571,PLAIN-966,0.0,1,0.3333333333333333,1.0
weighted_dense_e5_base_v2_pre,0.0,0.0,0.0,0.0,0.0,0.0,1.0,,,,,,,,,,,,,1.0,,,0.0,0.0,1.0,0.0,2.1812348636943004,1.3655842243986127,8.23440718527282,100,nfcorpus,2.995470844820712,0.04348880052566528,0.726666271686554,94.3453167565167,0.0,72.43698090314865,0.03571428571428571,PLAIN-966,0.0,1,0.3333333333333333,1.0
rrf_pre,0.0,0.0,0.0,0.0,0.0,1.0,0.0,,,,,,,,,,,1.0,,,,,0.0,0.0,1.0,0.0,2.1812348636943004,1.3655842243986127,8.23440718527282,100,nfcorpus,2.995470844820712,0.04348880052566528,0.726666271686554,102.36118268221617,0.0,72.43698090314865,0.03571428571428571,PLAIN-966,0.0,1,0.3333333333333333,1.0
weighted_pre,0.0,0.0,0.0,0.0,0.0,0.0,1.0,,,,,,,,,,,,,,,1.0,0.0,0.0,1.0,0.0,2.1812348636943004,1.3655842243986127,8.23440718527282,100,nfcorpus,2.995470844820712,0.04348880052566528,0.726666271686554,102.42752311751246,0.0,72.43698090314865,0.03571428571428571,PLAIN-966,0.0,1,0.3333333333333333,1.0
rerank_depth_20,0.0,0.0,0.0,0.0,1.0,0.0,0.0,,,,,,,1.0,,,,,,,,,1.0,0.0,0.0,20.0,2.1812348636943004,1.3655842243986127,8.23440718527282,28,nfcorpus,2.995470844820712,0.04348880052566528,0.726666271686554,107.35552133336664,0.0,72.43698090314865,0.03571428571428571,PLAIN-966,0.0,1,0.3333333333333333,1.0
bm25_post,1.0,0.0,0.0,0.0,0.0,0.0,0.0,1.0,,,,,,,,,,,,,,,0.0,1.0,0.0,0.0,2.9929310277113657,0.0730831174934563,5.410649638986471,100,nfcorpus,2.9954647899741924,0.007242321968078613,0.6270828247070312,8.664437188953162,0.16716045496620227,93.40144554153085,0.08108108108108109,PLAIN-977,0.0,2,0.3333333333333333,1.0
dense_post,0.0,0.0,1.0,0.0,0.0,0.0,0.0,,,,,1.0,,,,,,,,,,,0.0,1.0,0.0,0.0,2.9929310277113657,0.0730831174934563,5.410649638986471,100,nfcorpus,2.9954647899741924,0.007242321968078613,0.6270828247070312,66.48905024975538,0.46927872602275644,93.40144554153085,0.08108108108108109,PLAIN-977,0.0,2,0.3333333333333333,1.0
rrf_post,0.0,0.0,0.0,0.0,0.0,1.0,0.0,,,,,,,,,,1.0,,,,,,0.0,1.0,0.0,0.0,2.9929310277113657,0.0730831174934563,5.410649638986471,100,nfcorpus,2.9954647899741924,0.007242321968078613,0.6270828247070312,75.2066314138472,0.46927872602275644,93.40144554153085,0.08108108108108109,PLAIN-977,0.0,2,0.3333333333333333,1.0
weighted_post,0.0,0.0,0.0,0.0,0.0,0.0,1.0,,,,,,,,,,,,,,1.0,,0.0,1.0,0.0,0.0,2.9929310277113657,0.0730831174934563,5.410649638986471,100,nfcorpus,2.9954647899741924,0.007242321968078613,0.6270828247070312,75.3100790001452,0.46927872602275644,93.40144554153085,0.08108108108108109,PLAIN-977,0.0,2,0.3333333333333333,1.0
bm25_pre,1.0,0.0,0.0,0.0,0.0,0.0,0.0,,1.0,,,,,,,,,,,,,,0.0,0.0,1.0,0.0,2.9929310277113657,0.0730831174934563,5.410649638986471,100,nfcorpus,2.9954647899741924,0.007242321968078613,0.6270828247070312,8.614437188953161,0.16716045496620227,93.40144554153085,0.08108108108108109,PLAIN-977,0.0,2,0.3333333333333333,1.0
dense_pre,0.0,0.0,1.0,0.0,0.0,0.0,0.0,,,,,,1.0,,,,,,,,,,0.0,0.0,1.0,0.0,2.9929310277113657,0.0730831174934563,5.410649638986471,100,nfcorpus,2.9954647899741924,0.007242321968078613,0.6270828247070312,66.43905024975538,0.46927872602275644,93.40144554153085,0.08108108108108109,PLAIN-977,0.0,2,0.3333333333333333,1.0
dense_e5_base_v2_post,0.0,0.0,1.0,0.0,0.0,0.0,0.0,,,1.0,,,,,,,,,,,,,0.0,1.0,0.0,0.0,2.9929310277113657,0.0730831174934563,5.410649638986471,100,nfcorpus,2.9954647899741924,0.007242321968078613,0.6270828247070312,101.8925808288157,0.46927872602275644,93.40144554153085,0.08108108108108109,PLAIN-977,0.0,2,0.6666666666666666,1.0
dense_e5_base_v2_pre,0.0,0.0,1.0,0.0,0.0,0.0,0.0,,,,1.0,,,,,,,,,,,,0.0,0.0,1.0,0.0,2.9929310277113657,0.0730831174934563,5.410649638986471,100,nfcorpus,2.9954647899741924,0.007242321968078613,0.6270828247070312,101.8425808288157,0.46927872602275644,93.40144554153085,0.08108108108108109,PLAIN-977,0.0,2,0.6666666666666666,1.0
rrf_dense_e5_base_v2_post,0.0,0.0,0.0,0.0,0.0,1.0,0.0,,,,,,,,1.0,,,,,,,,0.0,1.0,0.0,0.0,2.9929310277113657,0.0730831174934563,5.410649638986471,100,nfcorpus,2.9954647899741924,0.007242321968078613,0.6270828247070312,110.59472625255584,0.46927872602275644,93.40144554153085,0.08108108108108109,PLAIN-977,0.0,2,0.6666666666666666,1.0
rrf_dense_e5_base_v2_pre,0.0,0.0,0.0,0.0,0.0,1.0,0.0,,,,,,,,,1.0,,,,,,,0.0,0.0,1.0,0.0,2.9929310277113657,0.0730831174934563,5.410649638986471,100,nfcorpus,2.9954647899741924,0.007242321968078613,0.6270828247070312,110.55080220103264,0.46927872602275644,93.40144554153085,0.08108108108108109,PLAIN-977,0.0,2,0.6666666666666666,1.0
weighted_dense_e5_base_v2_post,0.0,0.0,0.0,0.0,0.0,0.0,1.0,,,,,,,,,,,,1.0,,,,0.0,1.0,0.0,0.0,2.9929310277113657,0.0730831174934563,5.410649638986471,100,nfcorpus,2.9954647899741924,0.007242321968078613,0.6270828247070312,110.713753002882,0.46927872602275644,93.40144554153085,0.08108108108108109,PLAIN-977,0.0,2,0.3333333333333333,1.0
weighted_dense_e5_base_v2_pre,0.0,0.0,0.0,0.0,0.0,0.0,1.0,,,,,,,,,,,,,1.0,,,0.0,0.0,1.0,0.0,2.9929310277113657,0.0730831174934563,5.410649638986471,100,nfcorpus,2.9954647899741924,0.007242321968078613,0.6270828247070312,110.65141577273607,0.46927872602275644,93.40144554153085,0.08108108108108109,PLAIN-977,0.0,2,0.3333333333333333,1.0
rrf_pre,0.0,0.0,0.0,0.0,0.0,1.0,0.0,,,,,,,,,,,1.0,,,,,0.0,0.0,1.0,0.0,2.9929310277113657,0.0730831174934563,5.410649638986471,100,nfcorpus,2.9954647899741924,0.007242321968078613,0.6270828247070312,75.13652229681611,0.46927872602275644,93.40144554153085,0.08108108108108109,PLAIN-977,0.0,2,0.3333333333333333,1.0
weighted_pre,0.0,0.0,0.0,0.0,0.0,0.0,1.0,,,,,,,,,,,,,,,1.0,0.0,0.0,1.0,0.0,2.9929310277113657,0.0730831174934563,5.410649638986471,100,nfcorpus,2.9954647899741924,0.007242321968078613,0.6270828247070312,75.25033038109541,0.46927872602275644,93.40144554153085,0.08108108108108109,PLAIN-977,0.0,2,0.3333333333333333,1.0
rerank_depth_20,0.0,0.0,0.0,0.0,1.0,0.0,0.0,,,,,,,1.0,,,,,,,,,1.0,0.0,0.0,20.0,2.9929310277113657,0.0730831174934563,5.410649638986471,37,nfcorpus,2.9954647899741924,0.007242321968078613,0.6270828247070312,81.71348743870854,0.46927872602275644,93.40144554153085,0.08108108108108109,PLAIN-977,0.0,2,0.3333333333333333,1.0
bm25_post,1.0,0.0,0.0,0.0,0.0,0.0,0.0,1.0,,,,,,,,,,,,,,,0.0,1.0,0.0,0.0,0.6871151773544922,1.5277997985350114,7.725804643462872,2,nfcorpus,2.9955766748813772,0.004835188388824463,0.5911775231361389,1.9344408914446831,0.2960819109658652,87.63011451810598,0.0,PLAIN-987,0.0,1,0.3333333333333333,1.0
dense_post,0.0,0.0,1.0,0.0,0.0,0.0,0.0,,,,,1.0,,,,,,,,,,,0.0,1.0,0.0,0.0,0.6871151773544922,1.5277997985350114,7.725804643462872,100,nfcorpus,2.9955766748813772,0.004835188388824463,0.5911775231361389,86.69979180321097,0.0,87.63011451810598,0.0,PLAIN-987,0.0,1,0.0,1.0
rrf_post,0.0,0.0,0.0,0.0,0.0,1.0,0.0,,,,,,,,,,1.0,,,,,,0.0,1.0,0.0,0.0,0.6871151773544922,1.5277997985350114,7.725804643462872,100,nfcorpus,2.9955766748813772,0.004835188388824463,0.5911775231361389,88.64118865802884,0.23463936301137822,87.63011451810598,0.0,PLAIN-987,0.0,1,0.3333333333333333,1.0
weighted_post,0.0,0.0,0.0,0.0,0.0,0.0,1.0,,,,,,,,,,,,,,1.0,,0.0,1.0,0.0,0.0,0.6871151773544922,1.5277997985350114,7.725804643462872,100,nfcorpus,2.9955766748813772,0.004835188388824463,0.5911775231361389,88.71323856636882,0.0,87.63011451810598,0.0,PLAIN-987,0.0,1,0.0,1.0
bm25_pre,1.0,0.0,0.0,0.0,0.0,0.0,0.0,,1.0,,,,,,,,,,,,,,0.0,0.0,1.0,0.0,0.6871151773544922,1.5277997985350114,7.725804643462872,2,nfcorpus,2.9955766748813772,0.004835188388824463,0.5911775231361389,1.884440891444683,0.2960819109658652,87.63011451810598,0.0,PLAIN-987,0.0,1,0.3333333333333333,1.0
dense_pre,0.0,0.0,1.0,0.0,0.0,0.0,0.0,,,,,,1.0,,,,,,,,,,0.0,0.0,1.0,0.0,0.6871151773544922,1.5277997985350114,7.725804643462872,100,nfcorpus,2.9955766748813772,0.004835188388824463,0.5911775231361389,86.64979180321097,0.0,87.63011451810598,0.0,PLAIN-987,0.0,1,0.0,1.0
dense_e5_base_v2_post,0.0,0.0,1.0,0.0,0.0,0.0,0.0,,,1.0,,,,,,,,,,,,,0.0,1.0,0.0,0.0,0.6871151773544922,1.5277997985350114,7.725804643462872,100,nfcorpus,2.9955766748813772,0.004835188388824463,0.5911775231361389,113.752486269176,0.0,87.63011451810598,0.0,PLAIN-987,0.0,1,0.6666666666666666,1.0
dense_e5_base_v2_pre,0.0,0.0,1.0,0.0,0.0,0.0,0.0,,,,1.0,,,,,,,,,,,,0.0,0.0,1.0,0.0,0.6871151773544922,1.5277997985350114,7.725804643462872,100,nfcorpus,2.9955766748813772,0.004835188388824463,0.5911775231361389,113.702486269176,0.0,87.63011451810598,0.0,PLAIN-987,0.0,1,0.6666666666666666,1.0
rrf_dense_e5_base_v2_post,0.0,0.0,0.0,0.0,0.0,1.0,0.0,,,,,,,,1.0,,,,,,,,0.0,1.0,0.0,0.0,0.6871151773544922,1.5277997985350114,7.725804643462872,100,nfcorpus,2.9955766748813772,0.004835188388824463,0.5911775231361389,115.68178012147546,0.2960819109658652,87.63011451810598,0.0,PLAIN-987,0.0,1,0.6666666666666666,1.0
rrf_dense_e5_base_v2_pre,0.0,0.0,0.0,0.0,0.0,1.0,0.0,,,,,,,,,1.0,,,,,,,0.0,0.0,1.0,0.0,0.6871151773544922,1.5277997985350114,7.725804643462872,100,nfcorpus,2.9955766748813772,0.004835188388824463,0.5911775231361389,115.63024437054992,0.2960819109658652,87.63011451810598,0.0,PLAIN-987,0.0,1,0.6666666666666666,1.0
weighted_dense_e5_base_v2_post,0.0,0.0,0.0,0.0,0.0,0.0,1.0,,,,,,,,,,,,1.0,,,,0.0,1.0,0.0,0.0,0.6871151773544922,1.5277997985350114,7.725804643462872,100,nfcorpus,2.9955766748813772,0.004835188388824463,0.5911775231361389,115.74849913939833,0.0,87.63011451810598,0.0,PLAIN-987,0.0,1,0.6666666666666666,1.0
weighted_dense_e5_base_v2_pre,0.0,0.0,0.0,0.0,0.0,0.0,1.0,,,,,,,,,,,,,1.0,,,0.0,0.0,1.0,0.0,0.6871151773544922,1.5277997985350114,7.725804643462872,100,nfcorpus,2.9955766748813772,0.004835188388824463,0.5911775231361389,115.69228628650308,0.0,87.63011451810598,0.0,PLAIN-987,0.0,1,0.6666666666666666,1.0
rrf_pre,0.0,0.0,0.0,0.0,0.0,1.0,0.0,,,,,,,,,,,1.0,,,,,0.0,0.0,1.0,0.0,0.6871151773544922,1.5277997985350114,7.725804643462872,100,nfcorpus,2.9955766748813772,0.004835188388824463,0.5911775231361389,88.57840998098254,0.23463936301137822,87.63011451810598,0.0,PLAIN-987,0.0,1,0.3333333333333333,1.0
weighted_pre,0.0,0.0,0.0,0.0,0.0,0.0,1.0,,,,,,,,,,,,,,,1.0,0.0,0.0,1.0,0.0,0.6871151773544922,1.5277997985350114,7.725804643462872,100,nfcorpus,2.9955766748813772,0.004835188388824463,0.5911775231361389,88.64309778437018,0.0,87.63011451810598,0.0,PLAIN-987,0.0,1,0.0,1.0
rerank_depth_20,0.0,0.0,0.0,0.0,1.0,0.0,0.0,,,,,,,1.0,,,,,,,,,1.0,0.0,0.0,20.0,0.6871151773544922,1.5277997985350114,7.725804643462872,22,nfcorpus,2.9955766748813772,0.004835188388824463,0.5911775231361389,92.49423269465565,0.0,87.63011451810598,0.0,PLAIN-987,0.0,1,0.3333333333333333,1.0
bm25_post,1.0,0.0,0.0,0.0,0.0,0.0,0.0,1.0,,,,,,,,,,,,,,,0.0,1.0,0.0,0.0,0.0,0.0,0.0,0,nfcorpus,2.9952704222679705,0.016707181930541992,0.5543992519378662,0.055312729626894,0.0,82.23161520436406,0.0,PLAIN-997,0.0,1,0.0,1.0
dense_post,0.0,0.0,1.0,0.0,0.0,0.0,0.0,,,,,1.0,,,,,,,,,,,0.0,1.0,0.0,0.0,0.0,0.0,0.0,100,nfcorpus,2.9952704222679705,0.016707181930541992,0.5543992519378662,111.80368027761578,0.0,82.23161520436406,0.0,PLAIN-997,0.0,1,0.0,1.0
rrf_post,0.0,0.0,0.0,0.0,0.0,1.0,0.0,,,,,,,,,,1.0,,,,,,0.0,1.0,0.0,0.0,0.0,0.0,0.0,100,nfcorpus,2.9952704222679705,0.016707181930541992,0.5543992519378662,111.86149911135435,0.0,82.23161520436406,0.0,PLAIN-997,0.0,1,0.0,1.0
weighted_post,0.0,0.0,0.0,0.0,0.0,0.0,1.0,,,,,,,,,,,,,,1.0,,0.0,1.0,0.0,0.0,0.0,0.0,0.0,100,nfcorpus,2.9952704222679705,0.016707181930541992,0.5543992519378662,111.91837218701839,0.0,82.23161520436406,0.0,PLAIN-997,0.0,1,0.0,1.0
bm25_pre,1.0,0.0,0.0,0.0,0.0,0.0,0.0,,1.0,,,,,,,,,,,,,,0.0,0.0,1.0,0.0,0.0,0.0,0.0,0,nfcorpus,2.9952704222679705,0.016707181930541992,0.5543992519378662,0.005312729626893997,0.0,82.23161520436406,0.0,PLAIN-997,0.0,1,0.0,1.0
dense_pre,0.0,0.0,1.0,0.0,0.0,0.0,0.0,,,,,,1.0,,,,,,,,,,0.0,0.0,1.0,0.0,0.0,0.0,0.0,100,nfcorpus,2.9952704222679705,0.016707181930541992,0.5543992519378662,111.75368027761579,0.0,82.23161520436406,0.0,PLAIN-997,0.0,1,0.0,1.0
dense_e5_base_v2_post,0.0,0.0,1.0,0.0,0.0,0.0,0.0,,,1.0,,,,,,,,,,,,,0.0,1.0,0.0,0.0,0.0,0.0,0.0,100,nfcorpus,2.9952704222679705,0.016707181930541992,0.5543992519378662,88.04504674971103,0.0,82.23161520436406,0.0,PLAIN-997,0.0,1,0.0,1.0
dense_e5_base_v2_pre,0.0,0.0,1.0,0.0,0.0,0.0,0.0,,,,1.0,,,,,,,,,,,,0.0,0.0,1.0,0.0,0.0,0.0,0.0,100,nfcorpus,2.9952704222679705,0.016707181930541992,0.5543992519378662,87.99504674971104,0.0,82.23161520436406,0.0,PLAIN-997,0.0,1,0.0,1.0
rrf_dense_e5_base_v2_post,0.0,0.0,0.0,0.0,0.0,1.0,0.0,,,,,,,,1.0,,,,,,,,0.0,1.0,0.0,0.0,0.0,0.0,0.0,100,nfcorpus,2.9952704222679705,0.016707181930541992,0.5543992519378662,88.09305456578731,0.0,82.23161520436406,0.0,PLAIN-997,0.0,1,0.0,1.0
rrf_dense_e5_base_v2_pre,0.0,0.0,0.0,0.0,0.0,1.0,0.0,,,,,,,,,1.0,,,,,,,0.0,0.0,1.0,0.0,0.0,0.0,0.0,100,nfcorpus,2.9952704222679705,0.016707181930541992,0.5543992519378662,88.04167248308659,0.0,82.23161520436406,0.0,PLAIN-997,0.0,1,0.0,1.0
weighted_dense_e5_base_v2_post,0.0,0.0,0.0,0.0,0.0,0.0,1.0,,,,,,,,,,,,1.0,,,,0.0,1.0,0.0,0.0,0.0,0.0,0.0,100,nfcorpus,2.9952704222679705,0.016707181930541992,0.5543992519378662,88.14946849942207,0.0,82.23161520436406,0.0,PLAIN-997,0.0,1,0.0,1.0
weighted_dense_e5_base_v2_pre,0.0,0.0,0.0,0.0,0.0,0.0,1.0,,,,,,,,,,,,,1.0,,,0.0,0.0,1.0,0.0,0.0,0.0,0.0,100,nfcorpus,2.9952704222679705,0.016707181930541992,0.5543992519378662,88.09357369318604,0.0,82.23161520436406,0.0,PLAIN-997,0.0,1,0.0,1.0
rrf_pre,0.0,0.0,0.0,0.0,0.0,1.0,0.0,,,,,,,,,,,1.0,,,,,0.0,0.0,1.0,0.0,0.0,0.0,0.0,100,nfcorpus,2.9952704222679705,0.016707181930541992,0.5543992519378662,111.79996002465487,0.0,82.23161520436406,0.0,PLAIN-997,0.0,1,0.0,1.0
weighted_pre,0.0,0.0,0.0,0.0,0.0,0.0,1.0,,,,,,,,,,,,,,,1.0,0.0,0.0,1.0,0.0,0.0,0.0,0.0,100,nfcorpus,2.9952704222679705,0.016707181930541992,0.5543992519378662,111.85366380959749,0.0,82.23161520436406,0.0,PLAIN-997,0.0,1,0.0,1.0
rerank_depth_20,0.0,0.0,0.0,0.0,1.0,0.0,0.0,,,,,,,1.0,,,,,,,,,1.0,0.0,0.0,20.0,0.0,0.0,0.0,20,nfcorpus,2.9952704222679705,0.016707181930541992,0.5543992519378662,115.35899300724267,0.0,82.23161520436406,0.0,PLAIN-997,0.0,1,0.0,1.0
bm25_post,1.0,0.0,0.0,0.0,0.0,0.0,0.0,1.0,,,,,,,,,,,,,,,0.0,1.0,0.0,0.0,0.0,0.0,0.0,0,nfcorpus,2.9956226130838,0.011848151683807373,0.6325705051422119,0.05456115230917931,0.0,74.88238485530019,0.0,PLAIN-1008,0.0,1,0.0,1.0
dense_post,0.0,0.0,1.0,0.0,0.0,0.0,0.0,,,,,1.0,,,,,,,,,,,0.0,1.0,0.0,0.0,0.0,0.0,0.0,100,nfcorpus,2.9956226130838,0.011848151683807373,0.6325705051422119,107.04040489271283,0.0,74.88238485530019,0.0,PLAIN-1008,0.0,1,0.0,1.0
rrf_post,0.0,0.0,0.0,0.0,0.0,1.0,0.0,,,,,,,,,,1.0,,,,,,0.0,1.0,0.0,0.0,0.0,0.0,0.0,100,nfcorpus,2.9956226130838,0.011848151683807373,0.6325705051422119,107.09850312322378,0.0,74.88238485530019,0.0,PLAIN-1008,0.0,1,0.0,1.0
weighted_post,0.0,0.0,0.0,0.0,0.0,0.0,1.0,,,,,,,,,,,,,,1.0,,0.0,1.0,0.0,0.0,0.0,0.0,0.0,100,nfcorpus,2.9956226130838,0.011848151683807373,0.6325705051422119,107.1585357107222,0.0,74.88238485530019,0.0,PLAIN-1008,0.0,1,0.0,1.0
bm25_pre,1.0,0.0,0.0,0.0,0.0,0.0,0.0,,1.0,,,,,,,,,,,,,,0.0,0.0,1.0,0.0,0.0,0.0,0.0,0,nfcorpus,2.9956226130838,0.011848151683807373,0.6325705051422119,0.004561152309179306,0.0,74.88238485530019,0.0,PLAIN-1008,0.0,1,0.0,1.0
dense_pre,0.0,0.0,1.0,0.0,0.0,0.0,0.0,,,,,,1.0,,,,,,,,,,0.0,0.0,1.0,0.0,0.0,0.0,0.0,100,nfcorpus,2.9956226130838,0.011848151683807373,0.6325705051422119,106.99040489271283,0.0,74.88238485530019,0.0,PLAIN-1008,0.0,1,0.0,1.0
dense_e5_base_v2_post,0.0,0.0,1.0,0.0,0.0,0.0,0.0,,,1.0,,,,,,,,,,,,,0.0,1.0,0.0,0.0,0.0,0.0,0.0,100,nfcorpus,2.9956226130838,0.011848151683807373,0.6325705051422119,106.98384381011128,0.0,74.88238485530019,0.0,PLAIN-1008,0.0,1,0.0,1.0
dense_e5_base_v2_pre,0.0,0.0,1.0,0.0,0.0,0.0,0.0,,,,1.0,,,,,,,,,,,,0.0,0.0,1.0,0.0,0.0,0.0,0.0,100,nfcorpus,2.9956226130838,0.011848151683807373,0.6325705051422119,106.93384381011128,0.0,74.88238485530019,0.0,PLAIN-1008,0.0,1,0.0,1.0
rrf_dense_e5_base_v2_post,0.0,0.0,0.0,0.0,0.0,1.0,0.0,,,,,,,,1.0,,,,,,,,0.0,1.0,0.0,0.0,0.0,0.0,0.0,100,nfcorpus,2.9956226130838,0.011848151683807373,0.6325705051422119,107.0341468706727,0.0,74.88238485530019,0.0,PLAIN-1008,0.0,1,0.0,1.0
rrf_dense_e5_base_v2_pre,0.0,0.0,0.0,0.0,0.0,1.0,0.0,,,,,,,,,1.0,,,,,,,0.0,0.0,1.0,0.0,0.0,0.0,0.0,100,nfcorpus,2.9956226130838,0.011848151683807373,0.6325705051422119,106.9808048196137,0.0,74.88238485530019,0.0,PLAIN-1008,0.0,1,0.0,1.0
weighted_dense_e5_base_v2_post,0.0,0.0,0.0,0.0,0.0,0.0,1.0,,,,,,,,,,,,1.0,,,,0.0,1.0,0.0,0.0,0.0,0.0,0.0,100,nfcorpus,2.9956226130838,0.011848151683807373,0.6325705051422119,107.09474290832877,0.0,74.88238485530019,0.0,PLAIN-1008,0.0,1,0.0,1.0
weighted_dense_e5_base_v2_pre,0.0,0.0,0.0,0.0,0.0,0.0,1.0,,,,,,,,,,,,,1.0,,,0.0,0.0,1.0,0.0,0.0,0.0,0.0,100,nfcorpus,2.9956226130838,0.011848151683807373,0.6325705051422119,107.03728022053838,0.0,74.88238485530019,0.0,PLAIN-1008,0.0,1,0.0,1.0
rrf_pre,0.0,0.0,0.0,0.0,0.0,1.0,0.0,,,,,,,,,,,1.0,,,,,0.0,0.0,1.0,0.0,0.0,0.0,0.0,100,nfcorpus,2.9956226130838,0.011848151683807373,0.6325705051422119,107.03751910477877,0.0,74.88238485530019,0.0,PLAIN-1008,0.0,1,0.0,1.0
weighted_pre,0.0,0.0,0.0,0.0,0.0,0.0,1.0,,,,,,,,,,,,,,,1.0,0.0,0.0,1.0,0.0,0.0,0.0,0.0,100,nfcorpus,2.9956226130838,0.011848151683807373,0.6325705051422119,107.09308972582221,0.0,74.88238485530019,0.0,PLAIN-1008,0.0,1,0.0,1.0
rerank_depth_20,0.0,0.0,0.0,0.0,1.0,0.0,0.0,,,,,,,1.0,,,,,,,,,1.0,0.0,0.0,20.0,0.0,0.0,0.0,20,nfcorpus,2.9956226130838,0.011848151683807373,0.6325705051422119,110.594966045022,0.0,74.88238485530019,0.0,PLAIN-1008,0.0,1,0.0,1.0
bm25_post,1.0,0.0,0.0,0.0,0.0,0.0,0.0,1.0,,,,,,,,,,,,,,,0.0,1.0,0.0,0.0,2.6823768001144184,0.3541939977734536,9.798158476386668,15,nfcorpus,2.994673045517811,0.005008101463317871,0.7170346975326538,1.4030328869819642,0.7569021067152308,76.37423509731889,0.4,PLAIN-1018,0.0,1,0.13333333333333333,1.0
dense_post,0.0,0.0,1.0,0.0,0.0,0.0,0.0,,,,,1.0,,,,,,,,,,,0.0,1.0,0.0,0.0,2.6823768001144184,0.3541939977734536,9.798158476386668,100,nfcorpus,2.994673045517811,0.005008101463317871,0.7170346975326538,93.54250700324774,0.7183627972686238,76.37423509731889,0.4,PLAIN-1018,0.0,1,0.18333333333333332,1.0
rrf_post,0.0,0.0,0.0,0.0,0.0,1.0,0.0,,,,,,,,,,1.0,,,,,,0.0,1.0,0.0,0.0,2.6823768001144184,0.3541939977734536,9.798158476386668,100,nfcorpus,2.994673045517811,0.005008101463317871,0.7170346975326538,94.95676084533333,0.7885497208855956,76.37423509731889,0.4,PLAIN-1018,0.0,1,0.2,1.0
weighted_post,0.0,0.0,0.0,0.0,0.0,0.0,1.0,,,,,,,,,,,,,,1.0,,0.0,1.0,0.0,0.0,2.6823768001144184,0.3541939977734536,9.798158476386668,100,nfcorpus,2.994673045517811,0.005008101463317871,0.7170346975326538,95.02758978977799,0.7967610662472991,76.37423509731889,0.4,PLAIN-1018,0.0,1,0.2,1.0
bm25_pre,1.0,0.0,0.0,0.0,0.0,0.0,0.0,,1.0,,,,,,,,,,,,,,0.0,0.0,1.0,0.0,2.6823768001144184,0.3541939977734536,9.798158476386668,15,nfcorpus,2.994673045517811,0.005008101463317871,0.7170346975326538,1.3530328869819641,0.7569021067152308,76.37423509731889,0.4,PLAIN-1018,0.0,1,0.13333333333333333,1.0
dense_pre,0.0,0.0,1.0,0.0,0.0,0.0,0.0,,,,,,1.0,,,,,,,,,,0.0,0.0,1.0,0.0,2.6823768001144184,0.3541939977734536,9.798158476386668,100,nfcorpus,2.994673045517811,0.005008101463317871,0.7170346975326538,93.49250700324774,0.7183627972686238,76.37423509731889,0.4,PLAIN-1018,0.0,1,0.18333333333333332,1.0
dense_e5_base_v2_post,0.0,0.0,1.0,0.0,0.0,0.0,0.0,,,1.0,,,,,,,,,,,,,0.0,1.0,0.0,0.0,2.6823768001144184,0.3541939977734536,9.798158476386668,100,nfcorpus,2.994673045517811,0.005008101463317871,0.7170346975326538,98.23502096459269,0.6870165078530992,76.37423509731889,0.4,PLAIN-1018,0.0,1,0.25,1.0
dense_e5_base_v2_pre,0.0,0.0,1.0,0.0,0.0,0.0,0.0,,,,1.0,,,,,,,,,,,,0.0,0.0,1.0,0.0,2.6823768001144184,0.3541939977734536,9.798158476386668,100,nfcorpus,2.994673045517811,0.005008101463317871,0.7170346975326538,98.1850209645927,0.6870165078530992,76.37423509731889,0.4,PLAIN-1018,0.0,1,0.25,1.0
rrf_dense_e5_base_v2_post,0.0,0.0,0.0,0.0,0.0,1.0,0.0,,,,,,,,1.0,,,,,,,,0.0,1.0,0.0,0.0,2.6823768001144184,0.3541939977734536,9.798158476386668,100,nfcorpus,2.994673045517811,0.005008101463317871,0.7170346975326538,99.63762163296342,0.7059054020403311,76.37423509731889,0.4,PLAIN-1018,0.0,1,0.25,1.0
rrf_dense_e5_base_v2_pre,0.0,0.0,0.0,0.0,0.0,1.0,0.0,,,,,,,,,1.0,,,,,,,0.0,0.0,1.0,0.0,2.6823768001144184,0.3541939977734536,9.798158476386668,100,nfcorpus,2.994673045517811,0.005008101463317871,0.7170346975326538,99.58561090752482,0.7059054020403311,76.37423509731889,0.4,PLAIN-1018,0.0,1,0.25,1.0
weighted_dense_e5_base_v2_post,0.0,0.0,0.0,0.0,0.0,0.0,1.0,,,,,,,,,,,,1.0,,,,0.0,1.0,0.0,0.0,2.6823768001144184,0.3541939977734536,9.798158476386668,100,nfcorpus,2.994673045517811,0.005008101463317871,0.7170346975326538,99.7068868868053,0.7721596254947202,76.37423509731889,0.4,PLAIN-1018,0.0,1,0.25,1.0
weighted_dense_e5_base_v2_pre,0.0,0.0,0.0,0.0,0.0,0.0,1.0,,,,,,,,,,,,,1.0,,,0.0,0.0,1.0,0.0,2.6823768001144184,0.3541939977734536,9.798158476386668,100,nfcorpus,2.994673045517811,0.005008101463317871,0.7170346975326538,99.65076297521591,0.7721596254947202,76.37423509731889,0.4,PLAIN-1018,0.0,1,0.25,1.0
rrf_pre,0.0,0.0,0.0,0.0,0.0,1.0,0.0,,,,,,,,,,,1.0,,,,,0.0,0.0,1.0,0.0,2.6823768001144184,0.3541939977734536,9.798158476386668,100,nfcorpus,2.994673045517811,0.005008101463317871,0.7170346975326538,94.8933968320489,0.7885497208855956,76.37423509731889,0.4,PLAIN-1018,0.0,1,0.2,1.0
weighted_pre,0.0,0.0,0.0,0.0,0.0,0.0,1.0,,,,,,,,,,,,,,,1.0,0.0,0.0,1.0,0.0,2.6823768001144184,0.3541939977734536,9.798158476386668,100,nfcorpus,2.994673045517811,0.005008101463317871,0.7170346975326538,94.96875805780292,0.7967610662472991,76.37423509731889,0.4,PLAIN-1018,0.0,1,0.2,1.0
rerank_depth_20,0.0,0.0,0.0,0.0,1.0,0.0,0.0,,,,,,,1.0,,,,,,,,,1.0,0.0,0.0,20.0,2.6823768001144184,0.3541939977734536,9.798158476386668,25,nfcorpus,2.994673045517811,0.005008101463317871,0.7170346975326538,99.3455398902297,0.7935840677649109,76.37423509731889,0.4,PLAIN-1018,0.0,1,0.16666666666666666,1.0
bm25_post,1.0,0.0,0.0,0.0,0.0,0.0,0.0,1.0,,,,,,,,,,,,,,,0.0,1.0,0.0,0.0,2.9039382696765736,0.5064406938733601,6.448845009226689,100,nfcorpus,2.995659078747673,0.0024170875549316406,0.7791019678115845,2.5084848433732985,0.0,89.34594038873911,0.02564102564102564,PLAIN-1028,0.0,2,0.0,1.0
dense_post,0.0,0.0,1.0,0.0,0.0,0.0,0.0,,,,,1.0,,,,,,,,,,,0.0,1.0,0.0,0.0,2.9039382696765736,0.5064406938733601,6.448845009226689,100,nfcorpus,2.995659078747673,0.0024170875549316406,0.7791019678115845,84.61722507253289,0.0,89.34594038873911,0.02564102564102564,PLAIN-1028,0.0,2,1.0,1.0
rrf_post,0.0,0.0,0.0,0.0,0.0,1.0,0.0,,,,,,,,,,1.0,,,,,,0.0,1.0,0.0,0.0,2.9039382696765736,0.5064406938733601,6.448845009226689,100,nfcorpus,2.995659078747673,0.0024170875549316406,0.7791019678115845,87.17763106450438,0.0,89.34594038873911,0.02564102564102564,PLAIN-1028,0.0,2,0.0,1.0
weighted_post,0.0,0.0,0.0,0.0,0.0,0.0,1.0,,,,,,,,,,,,,,1.0,,0.0,1.0,0.0,0.0,2.9039382696765736,0.5064406938733601,6.448845009226689,100,nfcorpus,2.995659078747673,0.0024170875549316406,0.7791019678115845,87.27809981554746,0.0,89.34594038873911,0.02564102564102564,PLAIN-1028,0.0,2,1.0,1.0
bm25_pre,1.0,0.0,0.0,0.0,0.0,0.0,0.0,,1.0,,,,,,,,,,,,,,0.0,0.0,1.0,0.0,2.9039382696765736,0.5064406938733601,6.448845009226689,100,nfcorpus,2.995659078747673,0.0024170875549316406,0.7791019678115845,2.4584848433732986,0.0,89.34594038873911,0.02564102564102564,PLAIN-1028,0.0,2,0.0,1.0
dense_pre,0.0,0.0,1.0,0.0,0.0,0.0,0.0,,,,,,1.0,,,,,,,,,,0.0,0.0,1.0,0.0,2.9039382696765736,0.5064406938733601,6.448845009226689,100,nfcorpus,2.995659078747673,0.0024170875549316406,0.7791019678115845,84.56722507253289,0.0,89.34594038873911,0.02564102564102564,PLAIN-1028,0.0,2,1.0,1.0
dense_e5_base_v2_post,0.0,0.0,1.0,0.0,0.0,0.0,0.0,,,1.0,,,,,,,,,,,,,0.0,1.0,0.0,0.0,2.9039382696765736,0.5064406938733601,6.448845009226689,100,nfcorpus,2.995659078747673,0.0024170875549316406,0.7791019678115845,104.14133695065975,0.0,89.34594038873911,0.02564102564102564,PLAIN-1028,0.0,2,0.0,1.0
dense_e5_base_v2_pre,0.0,0.0,1.0,0.0,0.0,0.0,0.0,,,,1.0,,,,,,,,,,,,0.0,0.0,1.0,0.0,2.9039382696765736,0.5064406938733601,6.448845009226689,100,nfcorpus,2.995659078747673,0.0024170875549316406,0.7791019678115845,104.09133695065975,0.0,89.34594038873911,0.02564102564102564,PLAIN-1028,0.0,2,0.0,1.0
rrf_dense_e5_base_v2_post,0.0,0.0,0.0,0.0,0.0,1.0,0.0,,,,,,,,1.0,,,,,,,,0.0,1.0,0.0,0.0,2.9039382696765736,0.5064406938733601,6.448845009226689,100,nfcorpus,2.995659078747673,0.0024170875549316406,0.7791019678115845,106.68610883057117,0.0,89.34594038873911,0.02564102564102564,PLAIN-1028,0.0,2,0.0,1.0
rrf_dense_e5_base_v2_pre,0.0,0.0,0.0,0.0,0.0,1.0,0.0,,,,,,,,,1.0,,,,,,,0.0,0.0,1.0,0.0,2.9039382696765736,0.5064406938733601,6.448845009226689,100,nfcorpus,2.995659078747673,0.0024170875549316406,0.7791019678115845,106.63215164095163,0.0,89.34594038873911,0.02564102564102564,PLAIN-1028,0.0,2,0.0,1.0
weighted_dense_e5_base_v2_post,0.0,0.0,0.0,0.0,0.0,0.0,1.0,,,,,,,,,,,,1.0,,,,0.0,1.0,0.0,0.0,2.9039382696765736,0.5064406938733601,6.448845009226689,100,nfcorpus,2.995659078747673,0.0024170875549316406,0.7791019678115845,106.79142697826028,0.0,89.34594038873911,0.02564102564102564,PLAIN-1028,0.0,2,0.0,1.0
weighted_dense_e5_base_v2_pre,0.0,0.0,0.0,0.0,0.0,0.0,1.0,,,,,,,,,,,,,1.0,,,0.0,0.0,1.0,0.0,2.9039382696765736,0.5064406938733601,6.448845009226689,100,nfcorpus,2.995659078747673,0.0024170875549316406,0.7791019678115845,106.73443088307977,0.0,89.34594038873911,0.02564102564102564,PLAIN-1028,0.0,2,0.0,1.0
rrf_pre,0.0,0.0,0.0,0.0,0.0,1.0,0.0,,,,,,,,,,,1.0,,,,,0.0,0.0,1.0,0.0,2.9039382696765736,0.5064406938733601,6.448845009226689,100,nfcorpus,2.995659078747673,0.0024170875549316406,0.7791019678115845,87.1111685410142,0.0,89.34594038873911,0.02564102564102564,PLAIN-1028,0.0,2,0.0,1.0
weighted_pre,0.0,0.0,0.0,0.0,0.0,0.0,1.0,,,,,,,,,,,,,,,1.0,0.0,0.0,1.0,0.0,2.9039382696765736,0.5064406938733601,6.448845009226689,100,nfcorpus,2.995659078747673,0.0024170875549316406,0.7791019678115845,87.21057791262865,0.0,89.34594038873911,0.02564102564102564,PLAIN-1028,0.0,2,1.0,1.0
rerank_depth_20,0.0,0.0,0.0,0.0,1.0,0.0,0.0,,,,,,,1.0,,,,,,,,,1.0,0.0,0.0,20.0,2.9039382696765736,0.5064406938733601,6.448845009226689,39,nfcorpus,2.995659078747673,0.0024170875549316406,0.7791019678115845,94.04570991590619,0.0,89.34594038873911,0.02564102564102564,PLAIN-1028,0.0,2,0.0,1.0
bm25_post,1.0,0.0,0.0,0.0,0.0,0.0,0.0,1.0,,,,,,,,,,,,,,,0.0,1.0,0.0,0.0,2.832908423036383,0.9629923895977264,17.36019851255351,100,nfcorpus,2.9935447987868202,0.10590803623199463,0.8357173204421997,2.1453998900949953,1.0,76.75245916470885,0.14285714285714285,PLAIN-1039,0.0,2,1.0,1.0
dense_post,0.0,0.0,1.0,0.0,0.0,0.0,0.0,,,,,1.0,,,,,,,,,,,0.0,1.0,0.0,0.0,2.832908423036383,0.9629923895977264,17.36019851255351,100,nfcorpus,2.9935447987868202,0.10590803623199463,0.8357173204421997,80.2599802531302,1.0,76.75245916470885,0.14285714285714285,PLAIN-1039,0.0,2,1.0,1.0
rrf_post,0.0,0.0,0.0,0.0,0.0,1.0,0.0,,,,,,,,,,1.0,,,,,,0.0,1.0,0.0,0.0,2.832908423036383,0.9629923895977264,17.36019851255351,100,nfcorpus,2.9935447987868202,0.10590803623199463,0.8357173204421997,82.45208914503455,1.0,76.75245916470885,0.14285714285714285,PLAIN-1039,0.0,2,1.0,1.0
weighted_post,0.0,0.0,0.0,0.0,0.0,0.0,1.0,,,,,,,,,,,,,,1.0,,0.0,1.0,0.0,0.0,2.832908423036383,0.9629923895977264,17.36019851255351,100,nfcorpus,2.9935447987868202,0.10590803623199463,0.8357173204421997,82.54621326103806,1.0,76.75245916470885,0.14285714285714285,PLAIN-1039,0.0,2,1.0,1.0
bm25_pre,1.0,0.0,0.0,0.0,0.0,0.0,0.0,,1.0,,,,,,,,,,,,,,0.0,0.0,1.0,0.0,2.832908423036383,0.9629923895977264,17.36019851255351,100,nfcorpus,2.9935447987868202,0.10590803623199463,0.8357173204421997,2.0953998900949955,1.0,76.75245916470885,0.14285714285714285,PLAIN-1039,0.0,2,1.0,1.0
dense_pre,0.0,0.0,1.0,0.0,0.0,0.0,0.0,,,,,,1.0,,,,,,,,,,0.0,0.0,1.0,0.0,2.832908423036383,0.9629923895977264,17.36019851255351,100,nfcorpus,2.9935447987868202,0.10590803623199463,0.8357173204421997,80.2099802531302,1.0,76.75245916470885,0.14285714285714285,PLAIN-1039,0.0,2,1.0,1.0
dense_e5_base_v2_post,0.0,0.0,1.0,0.0,0.0,0.0,0.0,,,1.0,,,,,,,,,,,,,0.0,1.0,0.0,0.0,2.832908423036383,0.9629923895977264,17.36019851255351,100,nfcorpus,2.9935447987868202,0.10590803623199463,0.8357173204421997,103.65829811543226,1.0,76.75245916470885,0.14285714285714285,PLAIN-1039,0.0,2,1.0,1.0
dense_e5_base_v2_pre,0.0,0.0,1.0,0.0,0.0,0.0,0.0,,,,1.0,,,,,,,,,,,,0.0,0.0,1.0,0.0,2.832908423036383,0.9629923895977264,17.36019851255351,100,nfcorpus,2.9935447987868202,0.10590803623199463,0.8357173204421997,103.60829811543226,1.0,76.75245916470885,0.14285714285714285,PLAIN-1039,0.0,2,1.0,1.0
rrf_dense_e5_base_v2_post,0.0,0.0,0.0,0.0,0.0,1.0,0.0,,,,,,,,1.0,,,,,,,,0.0,1.0,0.0,0.0,2.832908423036383,0.9629923895977264,17.36019851255351,100,nfcorpus,2.9935447987868202,0.10590803623199463,0.8357173204421997,105.83774195164442,1.0,76.75245916470885,0.14285714285714285,PLAIN-1039,0.0,2,1.0,1.0
rrf_dense_e5_base_v2_pre,0.0,0.0,0.0,0.0,0.0,1.0,0.0,,,,,,,,,1.0,,,,,,,0.0,0.0,1.0,0.0,2.832908423036383,0.9629923895977264,17.36019851255351,100,nfcorpus,2.9935447987868202,0.10590803623199463,0.8357173204421997,105.7943757623434,1.0,76.75245916470885,0.14285714285714285,PLAIN-1039,0.0,2,1.0,1.0
weighted_dense_e5_base_v2_post,0.0,0.0,0.0,0.0,0.0,0.0,1.0,,,,,,,,,,,,1.0,,,,0.0,1.0,0.0,0.0,2.832908423036383,0.9629923895977264,17.36019851255351,100,nfcorpus,2.9935447987868202,0.10590803623199463,0.8357173204421997,105.93509077206254,1.0,76.75245916470885,0.14285714285714285,PLAIN-1039,0.0,2,1.0,1.0
weighted_dense_e5_base_v2_pre,0.0,0.0,0.0,0.0,0.0,0.0,1.0,,,,,,,,,,,,,1.0,,,0.0,0.0,1.0,0.0,2.832908423036383,0.9629923895977264,17.36019851255351,100,nfcorpus,2.9935447987868202,0.10590803623199463,0.8357173204421997,107.10677970200777,1.0,76.75245916470885,0.14285714285714285,PLAIN-1039,0.0,2,1.0,1.0
rrf_pre,0.0,0.0,0.0,0.0,0.0,1.0,0.0,,,,,,,,,,,1.0,,,,,0.0,0.0,1.0,0.0,2.832908423036383,0.9629923895977264,17.36019851255351,100,nfcorpus,2.9935447987868202,0.10590803623199463,0.8357173204421997,82.38787623122334,1.0,76.75245916470885,0.14285714285714285,PLAIN-1039,0.0,2,1.0,1.0
weighted_pre,0.0,0.0,0.0,0.0,0.0,0.0,1.0,,,,,,,,,,,,,,,1.0,0.0,0.0,1.0,0.0,2.832908423036383,0.9629923895977264,17.36019851255351,100,nfcorpus,2.9935447987868202,0.10590803623199463,0.8357173204421997,82.48512400314212,1.0,76.75245916470885,0.14285714285714285,PLAIN-1039,0.0,2,1.0,1.0
rerank_depth_20,0.0,0.0,0.0,0.0,1.0,0.0,0.0,,,,,,,1.0,,,,,,,,,1.0,0.0,0.0,20.0,2.832908423036383,0.9629923895977264,17.36019851255351,35,nfcorpus,2.9935447987868202,0.10590803623199463,0.8357173204421997,88.60538014322519,1.0,76.75245916470885,0.14285714285714285,PLAIN-1039,0.0,2,1.0,1.0
bm25_post,1.0,0.0,0.0,0.0,0.0,0.0,0.0,1.0,,,,,,,,,,,,,,,0.0,1.0,0.0,0.0,2.369087488288588,0.3695202738320251,10.437820442943474,11,nfcorpus,2.9952856513866695,0.002355635166168213,0.5354716181755066,1.4009099371731282,0.06943122193677727,72.04989809542894,0.0,PLAIN-1050,0.0,3,0.010638297872340425,1.0
dense_post,0.0,0.0,1.0,0.0,0.0,0.0,0.0,,,,,1.0,,,,,,,,,,,0.0,1.0,0.0,0.0,2.369087488288588,0.3695202738320251,10.437820442943474,100,nfcorpus,2.9952856513866695,0.002355635166168213,0.5354716181755066,82.68349812477827,0.0,72.04989809542894,0.0,PLAIN-1050,0.0,3,0.010638297872340425,1.0
rrf_post,0.0,0.0,0.0,0.0,0.0,1.0,0.0,,,,,,,,,,1.0,,,,,,0.0,1.0,0.0,0.0,2.369087488288588,0.3695202738320251,10.437820442943474,100,nfcorpus,2.9952856513866695,0.002355635166168213,0.5354716181755066,84.09452027752995,0.0,72.04989809542894,0.0,PLAIN-1050,0.0,3,0.02127659574468085,1.0
weighted_post,0.0,0.0,0.0,0.0,0.0,0.0,1.0,,,,,,,,,,,,,,1.0,,0.0,1.0,0.0,0.0,2.369087488288588,0.3695202738320251,10.437820442943474,100,nfcorpus,2.9952856513866695,0.002355635166168213,0.5354716181755066,84.16804679781198,0.0,72.04989809542894,0.0,PLAIN-1050,0.0,3,0.02127659574468085,1.0
bm25_pre,1.0,0.0,0.0,0.0,0.0,0.0,0.0,,1.0,,,,,,,,,,,,,,0.0,0.0,1.0,0.0,2.369087488288588,0.3695202738320251,10.437820442943474,11,nfcorpus,2.9952856513866695,0.002355635166168213,0.5354716181755066,1.3509099371731281,0.06943122193677727,72.04989809542894,0.0,PLAIN-1050,0.0,3,0.010638297872340425,1.0
dense_pre,0.0,0.0,1.0,0.0,0.0,0.0,0.0,,,,,,1.0,,,,,,,,,,0.0,0.0,1.0,0.0,2.369087488288588,0.3695202738320251,10.437820442943474,100,nfcorpus,2.9952856513866695,0.002355635166168213,0.5354716181755066,82.63349812477827,0.0,72.04989809542894,0.0,PLAIN-1050,0.0,3,0.010638297872340425,1.0
dense_e5_base_v2_post,0.0,0.0,1.0,0.0,0.0,0.0,0.0,,,1.0,,,,,,,,,,,,,0.0,1.0,0.0,0.0,2.369087488288588,0.3695202738320251,10.437820442943474,100,nfcorpus,2.9952856513866695,0.002355635166168213,0.5354716181755066,109.71610722243786,0.0,72.04989809542894,0.0,PLAIN-1050,0.0,3,0.0851063829787234,1.0
dense_e5_base_v2_pre,0.0,0.0,1.0,0.0,0.0,0.0,0.0,,,,1.0,,,,,,,,,,,,0.0,0.0,1.0,0.0,2.369087488288588,0.3695202738320251,10.437820442943474,100,nfcorpus,2.9952856513866695,0.002355635166168213,0.5354716181755066,109.66610722243786,0.0,72.04989809542894,0.0,PLAIN-1050,0.0,3,0.0851063829787234,1.0
rrf_dense_e5_base_v2_post,0.0,0.0,0.0,0.0,0.0,1.0,0.0,,,,,,,,1.0,,,,,,,,0.0,1.0,0.0,0.0,2.369087488288588,0.3695202738320251,10.437820442943474,100,nfcorpus,2.9952856513866695,0.002355635166168213,0.5354716181755066,111.11518236920237,0.11004588314904008,72.04989809542894,0.0,PLAIN-1050,0.0,3,0.06382978723404255,1.0
rrf_dense_e5_base_v2_pre,0.0,0.0,0.0,0.0,0.0,1.0,0.0,,,,,,,,,1.0,,,,,,,0.0,0.0,1.0,0.0,2.369087488288588,0.3695202738320251,10.437820442943474,100,nfcorpus,2.9952856513866695,0.002355635166168213,0.5354716181755066,111.06290249153972,0.11004588314904008,72.04989809542894,0.0,PLAIN-1050,0.0,3,0.06382978723404255,1.0
weighted_dense_e5_base_v2_post,0.0,0.0,0.0,0.0,0.0,0.0,1.0,,,,,,,,,,,,1.0,,,,0.0,1.0,0.0,0.0,2.369087488288588,0.3695202738320251,10.437820442943474,100,nfcorpus,2.9952856513866695,0.002355635166168213,0.5354716181755066,111.2038615077734,0.0,72.04989809542894,0.0,PLAIN-1050,0.0,3,0.06382978723404255,1.0
weighted_dense_e5_base_v2_pre,0.0,0.0,0.0,0.0,0.0,0.0,1.0,,,,,,,,,,,,,1.0,,,0.0,0.0,1.0,0.0,2.369087488288588,0.3695202738320251,10.437820442943474,100,nfcorpus,2.9952856513866695,0.002355635166168213,0.5354716181755066,111.12907016649842,0.0,72.04989809542894,0.0,PLAIN-1050,0.0,3,0.06382978723404255,1.0
rrf_pre,0.0,0.0,0.0,0.0,0.0,1.0,0.0,,,,,,,,,,,1.0,,,,,0.0,0.0,1.0,0.0,2.369087488288588,0.3695202738320251,10.437820442943474,100,nfcorpus,2.9952856513866695,0.002355635166168213,0.5354716181755066,84.03235487639904,0.0,72.04989809542894,0.0,PLAIN-1050,0.0,3,0.02127659574468085,1.0
weighted_pre,0.0,0.0,0.0,0.0,0.0,0.0,1.0,,,,,,,,,,,,,,,1.0,0.0,0.0,1.0,0.0,2.369087488288588,0.3695202738320251,10.437820442943474,100,nfcorpus,2.9952856513866695,0.002355635166168213,0.5354716181755066,84.10271909087896,0.0,72.04989809542894,0.0,PLAIN-1050,0.0,3,0.02127659574468085,1.0
rerank_depth_20,0.0,0.0,0.0,0.0,1.0,0.0,0.0,,,,,,,1.0,,,,,,,,,1.0,0.0,0.0,20.0,2.369087488288588,0.3695202738320251,10.437820442943474,31,nfcorpus,2.9952856513866695,0.002355635166168213,0.5354716181755066,89.5644080619514,0.0,72.04989809542894,0.0,PLAIN-1050,0.0,3,0.010638297872340425,1.0
bm25_post,1.0,0.0,0.0,0.0,0.0,0.0,0.0,1.0,,,,,,,,,,,,,,,0.0,1.0,0.0,0.0,2.4568561826568667,0.3695202738320251,10.437820442943474,12,nfcorpus,2.9954329633850887,0.0022226572036743164,0.5363833904266357,2.3424179211258886,0.0,74.38048999756575,0.06666666666666667,PLAIN-1066,0.0,3,0.0,1.0
dense_post,0.0,0.0,1.0,0.0,0.0,0.0,0.0,,,,,1.0,,,,,,,,,,,0.0,1.0,0.0,0.0,2.4568561826568667,0.3695202738320251,10.437820442943474,100,nfcorpus,2.9954329633850887,0.0022226572036743164,0.5363833904266357,82.44353075623512,0.0,74.38048999756575,0.06666666666666667,PLAIN-1066,0.0,3,0.0,1.0
rrf_post,0.0,0.0,0.0,0.0,0.0,1.0,0.0,,,,,,,,,,1.0,,,,,,0.0,1.0,0.0,0.0,2.4568561826568667,0.3695202738320251,10.437820442943474,100,nfcorpus,2.9954329633850887,0.0022226572036743164,0.5363833904266357,84.79595472216606,0.0,74.38048999756575,0.06666666666666667,PLAIN-1066,0.0,3,0.0,1.0
weighted_post,0.0,0.0,0.0,0.0,0.0,0.0,1.0,,,,,,,,,,,,,,1.0,,0.0,1.0,0.0,0.0,2.4568561826568667,0.3695202738320251,10.437820442943474,100,nfcorpus,2.9954329633850887,0.0022226572036743164,0.5363833904266357,84.86928147375583,0.0,74.38048999756575,0.06666666666666667,PLAIN-1066,0.0,3,0.0,1.0
bm25_pre,1.0,0.0,0.0,0.0,0.0,0.0,0.0,,1.0,,,,,,,,,,,,,,0.0,0.0,1.0,0.0,2.4568561826568667,0.3695202738320251,10.437820442943474,12,nfcorpus,2.9954329633850887,0.0022226572036743164,0.5363833904266357,2.292417921125889,0.0,74.38048999756575,0.06666666666666667,PLAIN-1066,0.0,3,0.0,1.0
dense_pre,0.0,0.0,1.0,0.0,0.0,0.0,0.0,,,,,,1.0,,,,,,,,,,0.0,0.0,1.0,0.0,2.4568561826568667,0.3695202738320251,10.437820442943474,100,nfcorpus,2.9954329633850887,0.0022226572036743164,0.5363833904266357,82.39353075623512,0.0,74.38048999756575,0.06666666666666667,PLAIN-1066,0.0,3,0.0,1.0
dense_e5_base_v2_post,0.0,0.0,1.0,0.0,0.0,0.0,0.0,,,1.0,,,,,,,,,,,,,0.0,1.0,0.0,0.0,2.4568561826568667,0.3695202738320251,10.437820442943474,100,nfcorpus,2.9954329633850887,0.0022226572036743164,0.5363833904266357,99.7271901845932,0.0,74.38048999756575,0.06666666666666667,PLAIN-1066,0.0,3,0.0,1.0
dense_e5_base_v2_pre,0.0,0.0,1.0,0.0,0.0,0.0,0.0,,,,1.0,,,,,,,,,,,,0.0,0.0,1.0,0.0,2.4568561826568667,0.3695202738320251,10.437820442943474,100,nfcorpus,2.9954329633850887,0.0022226572036743164,0.5363833904266357,99.6771901845932,0.0,74.38048999756575,0.06666666666666667,PLAIN-1066,0.0,3,0.0,1.0
rrf_dense_e5_base_v2_post,0.0,0.0,0.0,0.0,0.0,1.0,0.0,,,,,,,,1.0,,,,,,,,0.0,1.0,0.0,0.0,2.4568561826568667,0.3695202738320251,10.437820442943474,100,nfcorpus,2.9954329633850887,0.0022226572036743164,0.5363833904266357,102.06912187039852,0.0,74.38048999756575,0.06666666666666667,PLAIN-1066,0.0,3,0.0,1.0
rrf_dense_e5_base_v2_pre,0.0,0.0,0.0,0.0,0.0,1.0,0.0,,,,,,,,,1.0,,,,,,,0.0,0.0,1.0,0.0,2.4568561826568667,0.3695202738320251,10.437820442943474,100,nfcorpus,2.9954329633850887,0.0022226572036743164,0.5363833904266357,102.03403607010841,0.0,74.38048999756575,0.06666666666666667,PLAIN-1066,0.0,3,0.0,1.0
weighted_dense_e5_base_v2_post,0.0,0.0,0.0,0.0,0.0,0.0,1.0,,,,,,,,,,,,1.0,,,,0.0,1.0,0.0,0.0,2.4568561826568667,0.3695202738320251,10.437820442943474,100,nfcorpus,2.9954329633850887,0.0022226572036743164,0.5363833904266357,102.14294501692056,0.0,74.38048999756575,0.06666666666666667,PLAIN-1066,0.0,3,0.0,1.0
weighted_dense_e5_base_v2_pre,0.0,0.0,0.0,0.0,0.0,0.0,1.0,,,,,,,,,,,,,1.0,,,0.0,0.0,1.0,0.0,2.4568561826568667,0.3695202738320251,10.437820442943474,100,nfcorpus,2.9954329633850887,0.0022226572036743164,0.5363833904266357,102.08503808826208,0.0,74.38048999756575,0.06666666666666667,PLAIN-1066,0.0,3,0.0,1.0
rrf_pre,0.0,0.0,0.0,0.0,0.0,1.0,0.0,,,,,,,,,,,1.0,,,,,0.0,0.0,1.0,0.0,2.4568561826568667,0.3695202738320251,10.437820442943474,100,nfcorpus,2.9954329633850887,0.0022226572036743164,0.5363833904266357,84.73359560593963,0.0,74.38048999756575,0.06666666666666667,PLAIN-1066,0.0,3,0.0,1.0
weighted_pre,0.0,0.0,0.0,0.0,0.0,0.0,1.0,,,,,,,,,,,,,,,1.0,0.0,0.0,1.0,0.0,2.4568561826568667,0.3695202738320251,10.437820442943474,100,nfcorpus,2.9954329633850887,0.0022226572036743164,0.5363833904266357,84.80343595147133,0.0,74.38048999756575,0.06666666666666667,PLAIN-1066,0.0,3,0.0,1.0
rerank_depth_20,0.0,0.0,0.0,0.0,1.0,0.0,0.0,,,,,,,1.0,,,,,,,,,1.0,0.0,0.0,20.0,2.4568561826568667,0.3695202738320251,10.437820442943474,30,nfcorpus,2.9954329633850887,0.0022226572036743164,0.5363833904266357,90.08594867736102,0.0,74.38048999756575,0.06666666666666667,PLAIN-1066,0.0,3,0.0,1.0
bm25_post,1.0,0.0,0.0,0.0,0.0,0.0,0.0,1.0,,,,,,,,,,,,,,,0.0,1.0,0.0,0.0,0.6919873562145504,1.1815655432922085,12.859543432527033,2,nfcorpus,2.99277570807173,0.005687236785888672,0.7722935676574707,1.3945909135043622,0.5531464700081437,79.09697154536843,0.1,PLAIN-1088,0.0,1,0.4,1.0
dense_post,0.0,0.0,1.0,0.0,0.0,0.0,0.0,,,,,1.0,,,,,,,,,,,0.0,1.0,0.0,0.0,0.6919873562145504,1.1815655432922085,12.859543432527033,100,nfcorpus,2.99277570807173,0.005687236785888672,0.7722935676574707,90.87278981804847,0.5531464700081437,79.09697154536843,0.1,PLAIN-1088,0.0,1,0.4,1.0
rrf_post,0.0,0.0,0.0,0.0,0.0,1.0,0.0,,,,,,,,,,1.0,,,,,,0.0,1.0,0.0,0.0,0.6919873562145504,1.1815655432922085,12.859543432527033,100,nfcorpus,2.99277570807173,0.005687236785888672,0.7722935676574707,92.27254436463117,0.5531464700081437,79.09697154536843,0.1,PLAIN-1088,0.0,1,0.4,1.0
weighted_post,0.0,0.0,0.0,0.0,0.0,0.0,1.0,,,,,,,,,,,,,,1.0,,0.0,1.0,0.0,0.0,0.6919873562145504,1.1815655432922085,12.859543432527033,100,nfcorpus,2.99277570807173,0.005687236785888672,0.7722935676574707,92.3436606220901,0.5531464700081437,79.09697154536843,0.1,PLAIN-1088,0.0,1,0.4,1.0
bm25_pre,1.0,0.0,0.0,0.0,0.0,0.0,0.0,,1.0,,,,,,,,,,,,,,0.0,0.0,1.0,0.0,0.6919873562145504,1.1815655432922085,12.859543432527033,2,nfcorpus,2.99277570807173,0.005687236785888672,0.7722935676574707,1.344590913504362,0.5531464700081437,79.09697154536843,0.1,PLAIN-1088,0.0,1,0.4,1.0
dense_pre,0.0,0.0,1.0,0.0,0.0,0.0,0.0,,,,,,1.0,,,,,,,,,,0.0,0.0,1.0,0.0,0.6919873562145504,1.1815655432922085,12.859543432527033,100,nfcorpus,2.99277570807173,0.005687236785888672,0.7722935676574707,90.82278981804848,0.5531464700081437,79.09697154536843,0.1,PLAIN-1088,0.0,1,0.4,1.0
dense_e5_base_v2_post,0.0,0.0,1.0,0.0,0.0,0.0,0.0,,,1.0,,,,,,,,,,,,,0.0,1.0,0.0,0.0,0.6919873562145504,1.1815655432922085,12.859543432527033,100,nfcorpus,2.99277570807173,0.005687236785888672,0.7722935676574707,105.76211483329534,0.5531464700081437,79.09697154536843,0.1,PLAIN-1088,0.0,1,0.4,1.0
dense_e5_base_v2_pre,0.0,0.0,1.0,0.0,0.0,0.0,0.0,,,,1.0,,,,,,,,,,,,0.0,0.0,1.0,0.0,0.6919873562145504,1.1815655432922085,12.859543432527033,100,nfcorpus,2.99277570807173,0.005687236785888672,0.7722935676574707,105.71211483329535,0.5531464700081437,79.09697154536843,0.1,PLAIN-1088,0.0,1,0.4,1.0
rrf_dense_e5_base_v2_post,0.0,0.0,0.0,0.0,0.0,1.0,0.0,,,,,,,,1.0,,,,,,,,0.0,1.0,0.0,0.0,0.6919873562145504,1.1815655432922085,12.859543432527033,100,nfcorpus,2.99277570807173,0.005687236785888672,0.7722935676574707,107.15245138034224,0.5531464700081437,79.09697154536843,0.1,PLAIN-1088,0.0,1,0.4,1.0
rrf_dense_e5_base_v2_pre,0.0,0.0,0.0,0.0,0.0,1.0,0.0,,,,,,,,,1.0,,,,,,,0.0,0.0,1.0,0.0,0.6919873562145504,1.1815655432922085,12.859543432527033,100,nfcorpus,2.99277570807173,0.005687236785888672,0.7722935676574707,107.10035264492035,0.5531464700081437,79.09697154536843,0.1,PLAIN-1088,0.0,1,0.4,1.0
weighted_dense_e5_base_v2_post,0.0,0.0,0.0,0.0,0.0,0.0,1.0,,,,,,,,,,,,1.0,,,,0.0,1.0,0.0,0.0,0.6919873562145504,1.1815655432922085,12.859543432527033,100,nfcorpus,2.99277570807173,0.005687236785888672,0.7722935676574707,107.21951778158545,0.5531464700081437,79.09697154536843,0.1,PLAIN-1088,0.0,1,0.4,1.0
weighted_dense_e5_base_v2_pre,0.0,0.0,0.0,0.0,0.0,0.0,1.0,,,,,,,,,,,,,1.0,,,0.0,0.0,1.0,0.0,0.6919873562145504,1.1815655432922085,12.859543432527033,100,nfcorpus,2.99277570807173,0.005687236785888672,0.7722935676574707,107.16378642246127,0.5531464700081437,79.09697154536843,0.1,PLAIN-1088,0.0,1,0.4,1.0
rrf_pre,0.0,0.0,0.0,0.0,0.0,1.0,0.0,,,,,,,,,,,1.0,,,,,0.0,0.0,1.0,0.0,0.6919873562145504,1.1815655432922085,12.859543432527033,100,nfcorpus,2.99277570807173,0.005687236785888672,0.7722935676574707,92.21167443320155,0.5531464700081437,79.09697154536843,0.1,PLAIN-1088,0.0,1,0.4,1.0
weighted_pre,0.0,0.0,0.0,0.0,0.0,0.0,1.0,,,,,,,,,,,,,,,1.0,0.0,0.0,1.0,0.0,0.6919873562145504,1.1815655432922085,12.859543432527033,100,nfcorpus,2.99277570807173,0.005687236785888672,0.7722935676574707,92.27643813937902,0.5531464700081437,79.09697154536843,0.1,PLAIN-1088,0.0,1,0.4,1.0
rerank_depth_20,0.0,0.0,0.0,0.0,1.0,0.0,0.0,,,,,,,1.0,,,,,,,,,1.0,0.0,0.0,20.0,0.6919873562145504,1.1815655432922085,12.859543432527033,20,nfcorpus,2.99277570807173,0.005687236785888672,0.7722935676574707,95.76738073155283,0.5531464700081437,79.09697154536843,0.1,PLAIN-1088,0.0,1,0.4,1.0
bm25_post,1.0,0.0,0.0,0.0,0.0,0.0,0.0,1.0,,,,,,,,,,,,,,,0.0,1.0,0.0,0.0,0.0,0.0,0.0,0,nfcorpus,2.9954754466442113,0.010974526405334473,0.6366486549377441,0.05486569479107857,0.0,86.0365005210042,0.0,PLAIN-1098,0.0,1,0.0,1.0
dense_post,0.0,0.0,1.0,0.0,0.0,0.0,0.0,,,,,1.0,,,,,,,,,,,0.0,1.0,0.0,0.0,0.0,0.0,0.0,100,nfcorpus,2.9954754466442113,0.010974526405334473,0.6366486549377441,89.80138422101736,0.16958010263680806,86.0365005210042,0.0,PLAIN-1098,0.0,1,0.2,1.0
rrf_post,0.0,0.0,0.0,0.0,0.0,1.0,0.0,,,,,,,,,,1.0,,,,,,0.0,1.0,0.0,0.0,0.0,0.0,0.0,100,nfcorpus,2.9954754466442113,0.010974526405334473,0.6366486549377441,89.85994066223502,0.16958010263680806,86.0365005210042,0.0,PLAIN-1098,0.0,1,0.2,1.0
weighted_post,0.0,0.0,0.0,0.0,0.0,0.0,1.0,,,,,,,,,,,,,,1.0,,0.0,1.0,0.0,0.0,0.0,0.0,0.0,100,nfcorpus,2.9954754466442113,0.010974526405334473,0.6366486549377441,89.91819116398692,0.16958010263680806,86.0365005210042,0.0,PLAIN-1098,0.0,1,0.2,1.0
bm25_pre,1.0,0.0,0.0,0.0,0.0,0.0,0.0,,1.0,,,,,,,,,,,,,,0.0,0.0,1.0,0.0,0.0,0.0,0.0,0,nfcorpus,2.9954754466442113,0.010974526405334473,0.6366486549377441,0.0048656947910785675,0.0,86.0365005210042,0.0,PLAIN-1098,0.0,1,0.0,1.0
dense_pre,0.0,0.0,1.0,0.0,0.0,0.0,0.0,,,,,,1.0,,,,,,,,,,0.0,0.0,1.0,0.0,0.0,0.0,0.0,100,nfcorpus,2.9954754466442113,0.010974526405334473,0.6366486549377441,89.75138422101736,0.16958010263680806,86.0365005210042,0.0,PLAIN-1098,0.0,1,0.2,1.0
dense_e5_base_v2_post,0.0,0.0,1.0,0.0,0.0,0.0,0.0,,,1.0,,,,,,,,,,,,,0.0,1.0,0.0,0.0,0.0,0.0,0.0,100,nfcorpus,2.9954754466442113,0.010974526405334473,0.6366486549377441,95.57671387791633,0.16958010263680806,86.0365005210042,0.0,PLAIN-1098,0.0,1,0.2,1.0
dense_e5_base_v2_pre,0.0,0.0,1.0,0.0,0.0,0.0,0.0,,,,1.0,,,,,,,,,,,,0.0,0.0,1.0,0.0,0.0,0.0,0.0,100,nfcorpus,2.9954754466442113,0.010974526405334473,0.6366486549377441,95.52671387791634,0.16958010263680806,86.0365005210042,0.0,PLAIN-1098,0.0,1,0.2,1.0
rrf_dense_e5_base_v2_post,0.0,0.0,0.0,0.0,0.0,1.0,0.0,,,,,,,,1.0,,,,,,,,0.0,1.0,0.0,0.0,0.0,0.0,0.0,100,nfcorpus,2.9954754466442113,0.010974526405334473,0.6366486549377441,95.62670867070555,0.16958010263680806,86.0365005210042,0.0,PLAIN-1098,0.0,1,0.2,1.0
rrf_dense_e5_base_v2_pre,0.0,0.0,0.0,0.0,0.0,1.0,0.0,,,,,,,,,1.0,,,,,,,0.0,0.0,1.0,0.0,0.0,0.0,0.0,100,nfcorpus,2.9954754466442113,0.010974526405334473,0.6366486549377441,95.57464951649308,0.16958010263680806,86.0365005210042,0.0,PLAIN-1098,0.0,1,0.2,1.0
weighted_dense_e5_base_v2_post,0.0,0.0,0.0,0.0,0.0,0.0,1.0,,,,,,,,,,,,1.0,,,,0.0,1.0,0.0,0.0,0.0,0.0,0.0,100,nfcorpus,2.9954754466442113,0.010974526405334473,0.6366486549377441,95.68527163118124,0.16958010263680806,86.0365005210042,0.0,PLAIN-1098,0.0,1,0.2,1.0
weighted_dense_e5_base_v2_pre,0.0,0.0,0.0,0.0,0.0,0.0,1.0,,,,,,,,,,,,,1.0,,,0.0,0.0,1.0,0.0,0.0,0.0,0.0,100,nfcorpus,2.9954754466442113,0.010974526405334473,0.6366486549377441,95.6348073668778,0.16958010263680806,86.0365005210042,0.0,PLAIN-1098,0.0,1,0.2,1.0
rrf_pre,0.0,0.0,0.0,0.0,0.0,1.0,0.0,,,,,,,,,,,1.0,,,,,0.0,0.0,1.0,0.0,0.0,0.0,0.0,100,nfcorpus,2.9954754466442113,0.010974526405334473,0.6366486549377441,89.79934267699718,0.16958010263680806,86.0365005210042,0.0,PLAIN-1098,0.0,1,0.2,1.0
weighted_pre,0.0,0.0,0.0,0.0,0.0,0.0,1.0,,,,,,,,,,,,,,,1.0,0.0,0.0,1.0,0.0,0.0,0.0,0.0,100,nfcorpus,2.9954754466442113,0.010974526405334473,0.6366486549377441,89.85489280894399,0.16958010263680806,86.0365005210042,0.0,PLAIN-1098,0.0,1,0.2,1.0
rerank_depth_20,0.0,0.0,0.0,0.0,1.0,0.0,0.0,,,,,,,1.0,,,,,,,,,1.0,0.0,0.0,20.0,0.0,0.0,0.0,20,nfcorpus,2.9954754466442113,0.010974526405334473,0.6366486549377441,93.35624991580843,0.16958010263680806,86.0365005210042,0.0,PLAIN-1098,0.0,1,0.2,1.0
bm25_post,1.0,0.0,0.0,0.0,0.0,0.0,0.0,1.0,,,,,,,,,,,,,,,0.0,1.0,0.0,0.0,2.8976976229899467,1.1417295162469046,16.447773711885286,27,nfcorpus,2.994845346932826,0.009109199047088623,0.8499170541763306,2.0587240263819693,0.6207622843987102,107.74133866652846,0.48148148148148145,PLAIN-1109,0.0,2,0.12244897959183673,1.0
dense_post,0.0,0.0,1.0,0.0,0.0,0.0,0.0,,,,,1.0,,,,,,,,,,,0.0,1.0,0.0,0.0,2.8976976229899467,1.1417295162469046,16.447773711885286,100,nfcorpus,2.994845346932826,0.009109199047088623,0.8499170541763306,72.35436289682984,0.7385567757549498,107.74133866652846,0.48148148148148145,PLAIN-1109,0.0,2,0.3163265306122449,1.0
rrf_post,0.0,0.0,0.0,0.0,0.0,1.0,0.0,,,,,,,,,,1.0,,,,,,0.0,1.0,0.0,0.0,2.8976976229899467,1.1417295162469046,16.447773711885286,100,nfcorpus,2.994845346932826,0.009109199047088623,0.8499170541763306,74.42878800556063,0.6621137423456801,107.74133866652846,0.48148148148148145,PLAIN-1109,0.0,2,0.3163265306122449,1.0
weighted_post,0.0,0.0,0.0,0.0,0.0,0.0,1.0,,,,,,,,,,,,,,1.0,,0.0,1.0,0.0,0.0,2.8976976229899467,1.1417295162469046,16.447773711885286,100,nfcorpus,2.994845346932826,0.009109199047088623,0.8499170541763306,74.50351593196392,0.6749359875559982,107.74133866652846,0.48148148148148145,PLAIN-1109,0.0,2,0.30612244897959184,1.0
bm25_pre,1.0,0.0,0.0,0.0,0.0,0.0,0.0,,1.0,,,,,,,,,,,,,,0.0,0.0,1.0,0.0,2.8976976229899467,1.1417295162469046,16.447773711885286,27,nfcorpus,2.994845346932826,0.009109199047088623,0.8499170541763306,2.0087240263819695,0.6207622843987102,107.74133866652846,0.48148148148148145,PLAIN-1109,0.0,2,0.12244897959183673,1.0
dense_pre,0.0,0.0,1.0,0.0,0.0,0.0,0.0,,,,,,1.0,,,,,,,,,,0.0,0.0,1.0,0.0,2.8976976229899467,1.1417295162469046,16.447773711885286,100,nfcorpus,2.994845346932826,0.009109199047088623,0.8499170541763306,72.30436289682984,0.7385567757549498,107.74133866652846,0.48148148148148145,PLAIN-1109,0.0,2,0.3163265306122449,1.0
dense_e5_base_v2_post,0.0,0.0,1.0,0.0,0.0,0.0,0.0,,,1.0,,,,,,,,,,,,,0.0,1.0,0.0,0.0,2.8976976229899467,1.1417295162469046,16.447773711885286,100,nfcorpus,2.994845346932826,0.009109199047088623,0.8499170541763306,97.08484084457159,0.7183627972686238,107.74133866652846,0.48148148148148145,PLAIN-1109,0.0,2,0.3163265306122449,1.0
dense_e5_base_v2_pre,0.0,0.0,1.0,0.0,0.0,0.0,0.0,,,,1.0,,,,,,,,,,,,0.0,0.0,1.0,0.0,2.8976976229899467,1.1417295162469046,16.447773711885286,100,nfcorpus,2.994845346932826,0.009109199047088623,0.8499170541763306,97.03484084457159,0.7183627972686238,107.74133866652846,0.48148148148148145,PLAIN-1109,0.0,2,0.3163265306122449,1.0
rrf_dense_e5_base_v2_post,0.0,0.0,0.0,0.0,0.0,1.0,0.0,,,,,,,,1.0,,,,,,,,0.0,1.0,0.0,0.0,2.8976976229899467,1.1417295162469046,16.447773711885286,100,nfcorpus,2.994845346932826,0.009109199047088623,0.8499170541763306,99.1473669104278,0.65554760692766,107.74133866652846,0.48148148148148145,PLAIN-1109,0.0,2,0.336734693877551,1.0
rrf_dense_e5_base_v2_pre,0.0,0.0,0.0,0.0,0.0,1.0,0.0,,,,,,,,,1.0,,,,,,,0.0,0.0,1.0,0.0,2.8976976229899467,1.1417295162469046,16.447773711885286,100,nfcorpus,2.994845346932826,0.009109199047088623,0.8499170541763306,99.09457108005881,0.65554760692766,107.74133866652846,0.48148148148148145,PLAIN-1109,0.0,2,0.336734693877551,1.0
weighted_dense_e5_base_v2_post,0.0,0.0,0.0,0.0,0.0,0.0,1.0,,,,,,,,,,,,1.0,,,,0.0,1.0,0.0,0.0,2.8976976229899467,1.1417295162469046,16.447773711885286,100,nfcorpus,2.994845346932826,0.009109199047088623,0.8499170541763306,99.22333489283919,0.72891152902702,107.74133866652846,0.48148148148148145,PLAIN-1109,0.0,2,0.32653061224489793,1.0
weighted_dense_e5_base_v2_pre,0.0,0.0,0.0,0.0,0.0,0.0,1.0,,,,,,,,,,,,,1.0,,,0.0,0.0,1.0,0.0,2.8976976229899467,1.1417295162469046,16.447773711885286,100,nfcorpus,2.994845346932826,0.009109199047088623,0.8499170541763306,99.165596999228,0.72891152902702,107.74133866652846,0.48148148148148145,PLAIN-1109,0.0,2,0.32653061224489793,1.0
rrf_pre,0.0,0.0,0.0,0.0,0.0,1.0,0.0,,,,,,,,,,,1.0,,,,,0.0,0.0,1.0,0.0,2.8976976229899467,1.1417295162469046,16.447773711885286,100,nfcorpus,2.994845346932826,0.009109199047088623,0.8499170541763306,74.36433620750904,0.6621137423456801,107.74133866652846,0.48148148148148145,PLAIN-1109,0.0,2,0.3163265306122449,1.0
weighted_pre,0.0,0.0,0.0,0.0,0.0,0.0,1.0,,,,,,,,,,,,,,,1.0,0.0,0.0,1.0,0.0,2.8976976229899467,1.1417295162469046,16.447773711885286,100,nfcorpus,2.994845346932826,0.009109199047088623,0.8499170541763306,74.43490484729409,0.6749359875559982,107.74133866652846,0.48148148148148145,PLAIN-1109,0.0,2,0.30612244897959184,1.0
rerank_depth_20,0.0,0.0,0.0,0.0,1.0,0.0,0.0,,,,,,,1.0,,,,,,,,,1.0,0.0,0.0,20.0,2.8976976229899467,1.1417295162469046,16.447773711885286,27,nfcorpus,2.994845346932826,0.009109199047088623,0.8499170541763306,79.17308692321181,0.6745711375739728,107.74133866652846,0.48148148148148145,PLAIN-1109,0.0,2,0.16326530612244897,1.0
